produto,unidade,semana_fim,ppi,realizacao,defasagem_abs,defasagem_pct
Gasolina A,R$/litro,2018-11-09,1.624090,2.627640,1.003550,61.7916
Gasolina A,R$/litro,2018-11-16,1.545575,2.535820,0.990245,64.0697
Gasolina A,R$/litro,2018-11-23,1.505295,2.488550,0.983255,65.3197
Gasolina A,R$/litro,2018-11-30,1.426098,2.420680,0.994582,69.7415
Gasolina A,R$/litro,2018-12-07,1.439340,2.432670,0.993330,69.0129
Gasolina A,R$/litro,2018-12-14,1.452740,2.502620,1.049880,72.2690
Gasolina A,R$/litro,2018-12-21,1.377436,2.527780,1.150344,83.5134
Gasolina A,R$/litro,2018-12-28,1.300028,2.461770,1.161742,89.3629
Gasolina A,R$/litro,2019-01-04,1.283257,2.389260,1.106003,86.1871
Gasolina A,R$/litro,2019-01-11,1.311666,2.338640,1.026974,78.2954
Gasolina A,R$/litro,2019-01-18,1.364220,2.390490,1.026270,75.2276
Gasolina A,R$/litro,2019-01-25,1.392894,2.420490,1.027596,73.7742
Gasolina A,R$/litro,2019-02-01,1.320356,2.403320,1.082964,82.0207
Gasolina A,R$/litro,2019-02-08,1.370040,2.405070,1.035030,75.5475
Gasolina A,R$/litro,2019-02-15,1.413086,2.434270,1.021184,72.2663
Gasolina A,R$/litro,2019-02-22,1.562077,2.522780,0.960703,61.5016
Gasolina A,R$/litro,2019-03-01,1.557252,2.564950,1.007698,64.7101
Gasolina A,R$/litro,2019-03-08,1.628170,2.606420,0.978250,60.0828
Gasolina A,R$/litro,2019-03-15,1.677595,2.677860,1.000265,59.6250
Gasolina A,R$/litro,2019-03-22,1.713254,2.722250,1.008996,58.8935
Gasolina A,R$/litro,2019-03-29,1.756601,2.731720,0.975119,55.5117
Gasolina A,R$/litro,2019-04-05,1.767962,2.768700,1.000738,56.6041
Gasolina A,R$/litro,2019-04-12,1.848153,2.828700,0.980547,53.0555
Gasolina A,R$/litro,2019-04-19,1.883731,2.837540,0.953809,50.6341
Gasolina A,R$/litro,2019-04-26,1.970784,2.865170,0.894386,45.3822
Gasolina A,R$/litro,2019-05-03,1.964447,2.947800,0.983353,50.0575
Gasolina A,R$/litro,2019-05-10,1.922867,2.939930,1.017063,52.8930
Gasolina A,R$/litro,2019-05-17,1.944445,2.940940,0.996495,51.2483
Gasolina A,R$/litro,2019-05-24,2.013124,2.922410,0.909286,45.1679
Gasolina A,R$/litro,2019-05-31,1.873873,2.821920,0.948047,50.5929
Gasolina A,R$/litro,2019-06-07,1.658064,2.725830,1.067766,64.3983
Gasolina A,R$/litro,2019-06-14,1.641744,2.680090,1.038346,63.2466
Gasolina A,R$/litro,2019-06-21,1.650240,2.675400,1.025160,62.1219
Gasolina A,R$/litro,2019-06-28,1.721480,2.660660,0.939180,54.5565
Gasolina A,R$/litro,2019-07-05,1.743420,2.675060,0.931640,53.4375
Gasolina A,R$/litro,2019-07-12,1.756060,2.617100,0.861040,49.0325
Gasolina A,R$/litro,2019-07-19,1.733560,2.578920,0.845360,48.7644
Gasolina A,R$/litro,2019-07-26,1.719820,2.545480,0.825660,48.0085
Gasolina A,R$/litro,2019-08-02,1.769820,2.589130,0.819310,46.2934
Gasolina A,R$/litro,2019-08-09,1.701200,2.627810,0.926610,54.4680
Gasolina A,R$/litro,2019-08-16,1.701860,2.582090,0.880230,51.7216
Gasolina A,R$/litro,2019-08-23,1.661300,2.529960,0.868660,52.2880
Gasolina A,R$/litro,2019-08-30,1.577480,2.548780,0.971300,61.5729
Gasolina A,R$/litro,2019-09-06,1.616500,2.596640,0.980140,60.6334
Gasolina A,R$/litro,2019-09-13,1.645599,2.606690,0.961091,58.4037
Gasolina A,R$/litro,2019-09-20,1.743031,2.622790,0.879759,50.4729
Gasolina A,R$/litro,2019-09-27,1.748665,2.680090,0.931425,53.2649
Gasolina A,R$/litro,2019-10-04,1.669197,2.716890,1.047693,62.7663
Gasolina A,R$/litro,2019-10-11,1.690940,2.707500,1.016560,60.1181
Gasolina A,R$/litro,2019-10-18,1.781029,2.702910,0.921881,51.7611
Gasolina A,R$/litro,2019-10-25,1.758412,2.690510,0.932098,53.0080
Gasolina A,R$/litro,2019-11-01,1.761988,2.692850,0.930862,52.8303
Gasolina A,R$/litro,2019-11-08,1.802723,2.700170,0.897447,49.7829
Gasolina A,R$/litro,2019-11-15,1.836799,2.689710,0.852911,46.4347
Gasolina A,R$/litro,2019-11-22,1.871806,2.726120,0.854313,45.6411
Gasolina A,R$/litro,2019-11-29,1.941077,2.815040,0.873963,45.0247
Gasolina A,R$/litro,2019-12-06,1.842549,2.824690,0.982141,53.3034
Gasolina A,R$/litro,2019-12-13,1.868429,2.827850,0.959421,51.3491
Gasolina A,R$/litro,2019-12-20,1.890109,2.815850,0.925741,48.9782
Gasolina A,R$/litro,2019-12-27,1.928781,2.823360,0.894579,46.3806
Gasolina A,R$/litro,2020-01-03,1.894589,2.833830,0.939241,49.5749
Gasolina A,R$/litro,2020-01-10,1.859940,2.829730,0.969790,52.1409
Gasolina A,R$/litro,2020-01-17,1.850955,2.776340,0.925385,49.9950
Gasolina A,R$/litro,2020-01-24,1.818433,2.761430,0.942997,51.8577
Gasolina A,R$/litro,2020-01-31,1.727019,2.732050,1.005031,58.1946
Gasolina A,R$/litro,2020-02-07,1.689578,2.658720,0.969142,57.3600
Gasolina A,R$/litro,2020-02-14,1.776830,2.619800,0.842971,47.4424
Gasolina A,R$/litro,2020-02-21,1.891066,2.639120,0.748054,39.5573
Gasolina A,R$/litro,2020-02-28,1.784960,2.651200,0.866240,48.5300
Gasolina A,R$/litro,2020-03-06,1.693259,2.594380,0.901121,53.2182
Gasolina A,R$/litro,2020-03-13,1.283441,2.508280,1.224839,95.4339
Gasolina A,R$/litro,2020-03-20,0.807067,2.338280,1.531213,189.7255
Gasolina A,R$/litro,2020-03-27,0.674815,2.129890,1.455075,215.6258
Gasolina A,R$/litro,2020-04-03,0.737964,1.963410,1.225446,166.0578
Gasolina A,R$/litro,2020-04-09,0.822210,1.991570,1.169360,142.2216
Gasolina A,R$/litro,2020-04-17,0.867414,1.926120,1.058706,122.0531
Gasolina A,R$/litro,2020-04-24,0.875366,1.848420,0.973054,111.1596
Gasolina A,R$/litro,2020-05-01,1.010581,1.814900,0.804319,79.5898
Gasolina A,R$/litro,2020-05-08,1.319654,1.874510,0.554856,42.0455
Gasolina A,R$/litro,2020-05-15,1.399983,1.945660,0.545677,38.9774
Gasolina A,R$/litro,2020-05-22,1.509909,2.091280,0.581371,38.5037
Gasolina A,R$/litro,2020-05-29,1.437138,2.210210,0.773072,53.7924
Gasolina A,R$/litro,2020-06-05,1.485512,2.228090,0.742578,49.9881
Gasolina A,R$/litro,2020-06-12,1.547969,2.331460,0.783491,50.6142
Gasolina A,R$/litro,2020-06-19,1.645922,2.392100,0.746179,45.3350
Gasolina A,R$/litro,2020-06-26,1.728837,2.433070,0.704233,40.7345
Gasolina A,R$/litro,2020-07-02,1.690446,2.467670,0.777224,45.9775
Gasolina A,R$/litro,2020-07-10,1.780716,2.518870,0.738154,41.4527
Gasolina A,R$/litro,2020-07-17,1.789008,2.566130,0.777122,43.4387
Gasolina A,R$/litro,2020-07-24,1.742650,2.631000,0.888350,50.9770
Gasolina A,R$/litro,2020-07-31,1.705393,2.598240,0.892847,52.3544
Gasolina A,R$/litro,2020-08-07,1.695003,2.554690,0.859687,50.7189
Gasolina A,R$/litro,2020-08-14,1.796506,2.610300,0.813794,45.2987
Gasolina A,R$/litro,2020-08-21,1.910613,2.649770,0.739158,38.6869
Gasolina A,R$/litro,2020-08-28,1.977108,2.722430,0.745322,37.6976
Gasolina A,R$/litro,2020-09-04,1.851445,2.706720,0.855275,46.1950
Gasolina A,R$/litro,2020-09-11,1.694451,2.582000,0.887549,52.3798
Gasolina A,R$/litro,2020-09-18,1.704182,2.505420,0.801238,47.0159
Gasolina A,R$/litro,2020-09-25,1.817094,2.533490,0.716396,39.4254
Gasolina A,R$/litro,2020-10-02,1.836726,2.605330,0.768604,41.8465
Gasolina A,R$/litro,2020-10-09,1.848536,2.671690,0.823154,44.5301
Gasolina A,R$/litro,2020-10-16,1.812545,2.696230,0.883684,48.7538
Gasolina A,R$/litro,2020-10-23,1.753130,2.641900,0.888770,50.6962
Gasolina A,R$/litro,2020-10-30,1.672773,2.576850,0.904077,54.0466
Gasolina A,R$/litro,2020-11-06,1.682437,2.488980,0.806543,47.9389
Gasolina A,R$/litro,2020-11-13,1.733119,2.530430,0.797311,46.0044
Gasolina A,R$/litro,2020-11-20,1.688888,2.572970,0.884082,52.3470
Gasolina A,R$/litro,2020-11-25,1.760351,2.602870,0.842519,47.8609
Gasolina A,R$/litro,2020-12-04,1.762490,2.638880,0.876390,49.7245
Gasolina A,R$/litro,2020-12-11,1.763411,2.610420,0.847009,48.0324
Gasolina A,R$/litro,2020-12-18,1.880036,2.635320,0.755284,40.1739
Gasolina A,R$/litro,2020-12-24,1.960394,2.660660,0.700266,35.7207
Gasolina A,R$/litro,2020-12-31,2.005079,2.722280,0.717201,35.7692
Gasolina A,R$/litro,2021-01-08,2.129914,2.863080,0.733166,34.4224
Gasolina A,R$/litro,2021-01-15,2.262986,2.853570,0.590584,26.0975
Gasolina A,R$/litro,2021-01-22,2.293565,2.969260,0.675695,29.4605
Gasolina A,R$/litro,2021-01-29,2.345910,3.091160,0.745250,31.7680
Gasolina A,R$/litro,2021-02-05,2.397058,3.114920,0.717862,29.9476
Gasolina A,R$/litro,2021-02-12,2.416024,3.221480,0.805456,33.3381
Gasolina A,R$/litro,2021-02-19,2.553352,3.326360,0.773008,30.2743
Gasolina A,R$/litro,2021-02-26,2.692164,3.499220,0.807056,29.9780
Gasolina A,R$/litro,2021-03-05,2.820615,3.578950,0.758335,26.8854
Gasolina A,R$/litro,2021-03-12,2.980848,3.760470,0.779622,26.1544
Gasolina A,R$/litro,2021-03-19,2.942284,3.828960,0.886676,30.1357
Gasolina A,R$/litro,2021-03-26,2.770259,3.688360,0.918101,33.1413
Gasolina A,R$/litro,2021-04-01,2.888184,3.630840,0.742656,25.7136
Gasolina A,R$/litro,2021-04-09,2.793707,3.693760,0.900053,32.2171
Gasolina A,R$/litro,2021-04-16,2.709456,3.654660,0.945203,34.8854
Gasolina A,R$/litro,2021-04-23,2.664031,3.735990,1.071959,40.2382
Gasolina A,R$/litro,2021-04-30,2.639239,3.685150,1.045911,39.6293
Gasolina A,R$/litro,2021-05-07,2.716475,3.503640,0.787165,28.9775
Gasolina A,R$/litro,2021-05-14,2.701697,3.511050,0.809353,29.9572
Gasolina A,R$/litro,2021-05-21,2.591647,3.527440,0.935793,36.1080
Gasolina A,R$/litro,2021-05-28,2.561995,3.500140,0.938145,36.6177
Gasolina A,R$/litro,2021-06-04,2.538689,3.526020,0.987331,38.8914
Gasolina A,R$/litro,2021-06-11,2.579975,3.527300,0.947325,36.7184
Gasolina A,R$/litro,2021-06-18,2.596491,3.501880,0.905389,34.8697
Gasolina A,R$/litro,2021-06-25,2.660276,3.469030,0.808754,30.4011
Gasolina A,R$/litro,2021-07-02,2.702230,3.473030,0.770800,28.5246
Gasolina A,R$/litro,2021-07-09,2.889959,3.633380,0.743421,25.7243
Gasolina A,R$/litro,2021-07-16,2.919281,3.678240,0.758959,25.9981
Gasolina A,R$/litro,2021-07-23,2.774773,3.675230,0.900457,32.4515
Gasolina A,R$/litro,2021-07-30,2.940676,3.654570,0.713894,24.2765
Gasolina A,R$/litro,2021-08-06,2.953822,3.704310,0.750488,25.4073
Gasolina A,R$/litro,2021-08-13,2.898555,3.703310,0.804755,27.7640
Gasolina A,R$/litro,2021-08-20,2.771567,3.776650,1.005083,36.2641
Gasolina A,R$/litro,2021-08-27,2.706909,3.747000,1.040091,38.4236
Gasolina A,R$/litro,2021-09-03,2.806660,3.749680,0.943020,33.5994
Gasolina A,R$/litro,2021-09-10,2.829622,3.773450,0.943828,33.3553
Gasolina A,R$/litro,2021-09-17,2.902088,3.777670,0.875582,30.1708
Gasolina A,R$/litro,2021-09-24,2.881619,3.744750,0.863131,29.9530
Gasolina A,R$/litro,2021-10-01,3.068680,3.732610,0.663930,21.6357
Gasolina A,R$/litro,2021-10-08,3.249875,3.765020,0.515144,15.8512
Gasolina A,R$/litro,2021-10-15,3.373622,3.960760,0.587138,17.4038
Gasolina A,R$/litro,2021-10-22,3.569579,3.943810,0.374231,10.4839
Gasolina A,R$/litro,2021-10-29,3.541473,4.107790,0.566316,15.9910
Gasolina A,R$/litro,2021-11-05,3.505358,4.145820,0.640462,18.2709
Gasolina A,R$/litro,2021-11-12,3.348448,4.120880,0.772432,23.0684
Gasolina A,R$/litro,2021-11-19,3.333303,4.108290,0.774987,23.2498
Gasolina A,R$/litro,2021-11-24,3.288574,4.130160,0.841586,25.5912
Gasolina A,R$/litro,2021-12-03,3.014749,4.147110,1.132361,37.5607
Gasolina A,R$/litro,2021-12-10,3.066088,4.172000,1.105912,36.0692
Gasolina A,R$/litro,2021-12-17,3.200228,4.078200,0.877972,27.4347
Gasolina A,R$/litro,2021-12-23,3.228747,4.061670,0.832923,25.7971
Gasolina A,R$/litro,2021-12-30,3.342826,4.047620,0.704794,21.0838
Gasolina A,R$/litro,2022-01-07,3.419661,4.102610,0.682949,19.9713
Gasolina A,R$/litro,2022-01-14,3.374024,4.170260,0.796236,23.5990
Gasolina A,R$/litro,2022-01-21,3.449348,4.190750,0.741402,21.4940
Gasolina A,R$/litro,2022-01-28,3.468126,4.217260,0.749134,21.6006
Gasolina A,R$/litro,2022-02-04,3.555938,4.238940,0.683002,19.2073
Gasolina A,R$/litro,2022-02-11,3.632243,4.230420,0.598176,16.4685
Gasolina A,R$/litro,2022-02-18,3.634186,4.221720,0.587534,16.1669
Gasolina A,R$/litro,2022-02-25,3.588876,4.213350,0.624474,17.4003
Gasolina A,R$/litro,2022-03-04,3.953190,4.251050,0.297860,7.5347
Gasolina A,R$/litro,2022-03-11,4.353973,4.393460,0.039487,0.9069
Gasolina A,R$/litro,2022-03-18,3.951607,4.808090,0.856483,21.6743
Gasolina A,R$/litro,2022-03-25,4.051974,4.802750,0.750776,18.5287
Gasolina A,R$/litro,2022-04-01,3.826728,4.799260,0.972532,25.4142
Gasolina A,R$/litro,2022-04-08,3.663537,4.804840,1.141303,31.1530
Gasolina A,R$/litro,2022-04-14,3.696493,4.789110,1.092617,29.5582
Gasolina A,R$/litro,2022-04-22,3.859733,4.765320,0.905587,23.4624
Gasolina A,R$/litro,2022-04-29,4.010478,4.762290,0.751812,18.7462
Gasolina A,R$/litro,2022-05-06,4.352588,4.817680,0.465092,10.6854
Gasolina A,R$/litro,2022-05-13,4.630363,4.832890,0.202527,4.3739
Gasolina A,R$/litro,2022-05-20,4.773607,4.822110,0.048503,1.0161
Gasolina A,R$/litro,2022-05-27,4.508561,4.876650,0.368089,8.1642
Gasolina A,R$/litro,2022-06-03,4.697652,4.841430,0.143778,3.0606
Gasolina A,R$/litro,2022-06-10,4.951828,4.847480,-0.104348,-2.1073
Gasolina A,R$/litro,2022-06-17,4.636956,4.942660,0.305704,6.5928
Gasolina A,R$/litro,2022-06-24,4.519649,4.662410,0.142761,3.1587
Gasolina A,R$/litro,2022-07-01,4.452793,4.210870,-0.241923,-5.4331
Gasolina A,R$/litro,2022-07-08,4.093790,4.210550,0.116760,2.8521
Gasolina A,R$/litro,2022-07-15,3.985732,4.188130,0.202398,5.0781
Gasolina A,R$/litro,2022-07-22,3.915620,4.037760,0.122140,3.1193
Gasolina A,R$/litro,2022-07-29,3.811484,3.874530,0.063046,1.6541
Gasolina A,R$/litro,2022-08-05,3.719624,3.759030,0.039406,1.0594
Gasolina A,R$/litro,2022-08-12,3.555613,3.772860,0.217247,6.1100
Gasolina A,R$/litro,2022-08-19,3.549286,3.608440,0.059154,1.6667
Gasolina A,R$/litro,2022-08-26,3.459235,3.561180,0.101945,2.9470
Gasolina A,R$/litro,2022-09-02,3.157579,3.488340,0.330761,10.4751
Gasolina A,R$/litro,2022-09-09,2.974645,3.352900,0.378255,12.7160
Gasolina A,R$/litro,2022-09-16,3.073631,3.360590,0.286959,9.3362
Gasolina A,R$/litro,2022-09-23,3.036094,3.324040,0.287946,9.4841
Gasolina A,R$/litro,2022-09-30,3.162606,3.358430,0.195824,6.1919
Gasolina A,R$/litro,2022-10-07,3.345832,3.359350,0.013518,0.4040
Gasolina A,R$/litro,2022-10-14,3.451146,3.379530,-0.071616,-2.0751
Gasolina A,R$/litro,2022-10-21,3.383424,3.362280,-0.021144,-0.6249
Gasolina A,R$/litro,2022-10-28,3.630720,3.398460,-0.232260,-6.3971
Gasolina A,R$/litro,2022-11-04,3.587558,3.393570,-0.193988,-5.4072
Gasolina A,R$/litro,2022-11-11,3.478421,3.374350,-0.104071,-2.9919
Gasolina A,R$/litro,2022-11-18,3.400651,3.354710,-0.045941,-1.3510
Gasolina A,R$/litro,2022-11-25,3.283363,3.340630,0.057267,1.7442
Gasolina A,R$/litro,2022-12-02,3.093332,3.352860,0.259529,8.3899
Gasolina A,R$/litro,2022-12-09,2.793597,3.226200,0.432603,15.4855
Gasolina A,R$/litro,2022-12-16,2.895886,3.137620,0.241734,8.3475
Gasolina A,R$/litro,2022-12-23,2.890319,3.148410,0.258091,8.9295
Gasolina A,R$/litro,2022-12-30,3.125075,3.271620,0.146545,4.6893
Gasolina A,R$/litro,2023-01-06,3.202224,3.113270,-0.088954,-2.7779
Gasolina A,R$/litro,2023-01-13,3.107469,3.155500,0.048031,1.5457
Gasolina A,R$/litro,2023-01-20,3.329099,3.142770,-0.186329,-5.5970
Gasolina A,R$/litro,2023-01-27,3.415910,3.284410,-0.131501,-3.8496
Gasolina A,R$/litro,2023-02-03,3.180628,3.348970,0.168342,5.2927
Gasolina A,R$/litro,2023-02-10,3.106845,3.319320,0.212475,6.8389
Gasolina A,R$/litro,2023-02-17,3.198991,3.410360,0.211368,6.6073
Gasolina A,R$/litro,2023-02-24,3.032120,3.443240,0.411120,13.5588
Gasolina A,R$/litro,2023-03-03,3.147097,3.561640,0.414543,13.1722
Gasolina A,R$/litro,2023-03-10,3.225196,3.664940,0.439744,13.6347
Gasolina A,R$/litro,2023-03-17,3.025939,3.676390,0.650451,21.4958
Gasolina A,R$/litro,2023-03-24,3.026203,3.632800,0.606597,20.0448
Gasolina A,R$/litro,2023-03-31,3.127409,3.623610,0.496202,15.8662
Gasolina A,R$/litro,2023-04-07,3.246456,3.653130,0.406674,12.5267
Gasolina A,R$/litro,2023-04-14,3.203670,3.654870,0.451200,14.0839
Gasolina A,R$/litro,2023-04-21,3.066212,3.647230,0.581018,18.9490
Gasolina A,R$/litro,2023-04-28,2.994993,3.622020,0.627027,20.9358
Gasolina A,R$/litro,2023-05-05,2.760415,3.651140,0.890725,32.2678
Gasolina A,R$/litro,2023-05-12,2.698057,3.614050,0.915993,33.9501
Gasolina A,R$/litro,2023-05-19,2.731749,3.376260,0.644510,23.5933
Gasolina A,R$/litro,2023-05-26,2.843663,3.219420,0.375757,13.2138
Gasolina A,R$/litro,2023-06-02,2.804013,3.450640,0.646627,23.0608
Gasolina A,R$/litro,2023-06-09,2.834045,3.340280,0.506235,17.8626
Gasolina A,R$/litro,2023-06-16,2.805853,3.273960,0.468107,16.6832
Gasolina A,R$/litro,2023-06-23,2.764667,3.317190,0.552523,19.9851
Gasolina A,R$/litro,2023-06-30,2.618440,3.417720,0.799280,30.5251
Gasolina A,R$/litro,2023-07-07,2.598047,3.437790,0.839743,32.3221
Gasolina A,R$/litro,2023-07-14,2.670242,3.518560,0.848318,31.7693
Gasolina A,R$/litro,2023-07-21,2.756178,3.555860,0.799682,29.0142
Gasolina A,R$/litro,2023-07-28,2.943810,3.516310,0.572500,19.4476
Gasolina A,R$/litro,2023-08-04,3.001596,3.555220,0.553624,18.4443
Gasolina A,R$/litro,2023-08-11,2.976821,3.618170,0.641349,21.5448
Gasolina A,R$/litro,2023-08-18,3.131221,3.836310,0.705089,22.5180
Gasolina A,R$/litro,2023-08-25,3.009798,4.120770,1.110972,36.9118
Gasolina A,R$/litro,2023-09-01,3.000495,3.939640,0.939144,31.2996
Gasolina A,R$/litro,2023-09-08,3.060751,3.935820,0.875069,28.5900
Gasolina A,R$/litro,2023-09-15,3.163274,4.018450,0.855176,27.0345
Gasolina A,R$/litro,2023-09-22,3.109565,3.997360,0.887795,28.5505
Gasolina A,R$/litro,2023-09-29,3.104384,3.950470,0.846086,27.2545
Gasolina A,R$/litro,2023-10-06,2.938398,3.931450,0.993052,33.7957
Gasolina A,R$/litro,2023-10-13,2.857437,3.860120,1.002683,35.0903
Gasolina A,R$/litro,2023-10-20,2.962229,3.896030,0.933801,31.5236
Gasolina A,R$/litro,2023-10-27,2.947351,3.748600,0.801249,27.1854
Gasolina A,R$/litro,2023-11-03,2.854910,3.808850,0.953940,33.4140
Gasolina A,R$/litro,2023-11-10,2.715697,3.760990,1.045293,38.4908
Gasolina A,R$/litro,2023-11-17,2.708684,3.764370,1.055686,38.9741
Gasolina A,R$/litro,2023-11-24,2.748688,3.796300,1.047612,38.1132
Gasolina A,R$/litro,2023-12-01,2.822288,3.730660,0.908372,32.1857
Gasolina A,R$/litro,2023-12-08,2.719488,3.703370,0.983882,36.1790
Gasolina A,R$/litro,2023-12-15,2.666050,3.674400,1.008350,37.8219
Gasolina A,R$/litro,2023-12-22,2.801299,3.725360,0.924061,32.9869
Gasolina A,R$/litro,2023-12-29,2.738363,3.686380,0.948017,34.6199
Gasolina A,R$/litro,2024-01-05,2.732125,3.723410,0.991285,36.2826
Gasolina A,R$/litro,2024-01-12,2.696833,3.692490,0.995657,36.9195
Gasolina A,R$/litro,2024-01-19,2.803267,3.703430,0.900163,32.1112
Gasolina A,R$/litro,2024-01-26,2.928659,3.721140,0.792481,27.0595
Gasolina A,R$/litro,2024-02-02,2.963547,3.785240,0.821693,27.7267
Gasolina A,R$/litro,2024-02-09,2.901864,3.714830,0.812966,28.0153
Gasolina A,R$/litro,2024-02-16,3.058070,3.944070,0.886000,28.9725
Gasolina A,R$/litro,2024-02-23,3.003599,3.730490,0.726891,24.2007
Gasolina A,R$/litro,2024-03-01,3.033375,3.729070,0.695695,22.9347
Gasolina A,R$/litro,2024-03-08,3.030426,3.705110,0.674683,22.2636
Gasolina A,R$/litro,2024-03-15,3.104945,3.718420,0.613475,19.7580
Gasolina A,R$/litro,2024-03-22,3.262659,3.717130,0.454471,13.9295
Gasolina A,R$/litro,2024-03-29,3.224551,3.735650,0.511099,15.8502
Gasolina A,R$/litro,2024-04-05,3.318049,3.720960,0.402911,12.1430
Gasolina A,R$/litro,2024-04-12,3.351742,3.709050,0.357308,10.6604
Gasolina A,R$/litro,2024-04-19,3.408158,3.735720,0.327562,9.6111
Gasolina A,R$/litro,2024-04-26,3.191002,4.092590,0.901588,28.2541
Gasolina A,R$/litro,2024-05-03,3.121932,3.774500,0.652568,20.9027
Gasolina A,R$/litro,2024-05-10,2.974358,3.736310,0.761952,25.6174
Gasolina A,R$/litro,2024-05-17,2.951946,3.733520,0.781574,26.4766
Gasolina A,R$/litro,2024-05-24,2.984454,3.778070,0.793616,26.5917
Gasolina A,R$/litro,2024-05-31,3.031064,3.722900,0.691836,22.8248
Gasolina A,R$/litro,2024-06-07,3.091664,3.710450,0.618786,20.0147
Gasolina A,R$/litro,2024-06-14,3.050717,3.719480,0.668763,21.9215
Gasolina A,R$/litro,2024-06-21,3.106627,3.716280,0.609653,19.6243
Gasolina A,R$/litro,2024-06-28,3.289153,3.720460,0.431307,13.1130
Gasolina A,R$/litro,2024-07-05,3.460791,3.712790,0.251999,7.2816
Gasolina A,R$/litro,2024-07-12,3.345760,3.867170,0.521410,15.5842
Gasolina A,R$/litro,2024-07-19,3.311049,3.922990,0.611941,18.4818
Gasolina A,R$/litro,2024-07-26,3.303451,3.893630,0.590179,17.8655
Gasolina A,R$/litro,2024-08-02,3.288811,3.928220,0.639409,19.4420
Gasolina A,R$/litro,2024-08-09,3.196972,3.907430,0.710458,22.2228
Gasolina A,R$/litro,2024-08-16,3.147187,3.898790,0.751603,23.8817
Gasolina A,R$/litro,2024-08-23,2.974514,3.888310,0.913796,30.7209
Gasolina A,R$/litro,2024-08-30,3.024405,3.900180,0.875776,28.9570
Gasolina A,R$/litro,2024-09-06,2.947507,3.898190,0.950683,32.2538
Gasolina A,R$/litro,2024-09-13,2.832710,3.869070,1.036360,36.5854
Gasolina A,R$/litro,2024-09-20,2.880921,3.871800,0.990879,34.3945
Gasolina A,R$/litro,2024-09-27,2.890027,3.898960,1.008933,34.9108
Gasolina A,R$/litro,2024-10-04,2.906022,3.878480,0.972458,33.4636
Gasolina A,R$/litro,2024-10-11,3.149436,3.870760,0.721325,22.9033
Gasolina A,R$/litro,2024-10-18,3.058634,3.873080,0.814446,26.6278
Gasolina A,R$/litro,2024-10-25,3.017215,3.880000,0.862785,28.5954
Gasolina A,R$/litro,2024-11-01,3.013984,3.879180,0.865196,28.7061
Gasolina A,R$/litro,2024-11-08,3.132659,3.879900,0.747241,23.8532
Gasolina A,R$/litro,2024-11-15,3.082520,3.891700,0.809180,26.2506
Gasolina A,R$/litro,2024-11-22,3.133412,3.889270,0.755858,24.1225
Gasolina A,R$/litro,2024-11-29,3.143027,3.874420,0.731393,23.2704
Gasolina A,R$/litro,2024-12-06,3.195258,3.881370,0.686112,21.4728
Gasolina A,R$/litro,2024-12-13,3.209516,3.890720,0.681204,21.2245
Gasolina A,R$/litro,2024-12-20,3.225242,3.897390,0.672148,20.8402
Gasolina A,R$/litro,2024-12-27,3.256898,3.893820,0.636922,19.5561
Gasolina A,R$/litro,2025-01-03,3.308020,3.980200,0.672180,20.3197
Gasolina A,R$/litro,2025-01-10,3.282225,3.920050,0.637825,19.4327
Gasolina A,R$/litro,2025-01-17,3.361579,3.909730,0.548151,16.3064
Gasolina A,R$/litro,2025-01-24,3.242715,4.044510,0.801795,24.7260
Gasolina A,R$/litro,2025-01-31,3.144713,3.924610,0.779897,24.8003
Gasolina A,R$/litro,2025-02-07,3.158815,3.890630,0.731815,23.1674
Gasolina A,R$/litro,2025-02-14,3.179174,4.052640,0.873466,27.4746
Gasolina A,R$/litro,2025-02-21,3.158193,3.883770,0.725577,22.9744
Gasolina A,R$/litro,2025-02-28,3.133907,3.900580,0.766673,24.4638
Gasolina A,R$/litro,2025-03-07,3.135658,3.877380,0.741722,23.6544
Gasolina A,R$/litro,2025-03-14,2.988399,3.904940,0.916541,30.6700
Gasolina A,R$/litro,2025-03-21,3.013985,3.904400,0.890415,29.5428
Gasolina A,R$/litro,2025-03-28,3.125876,3.915800,0.789924,25.2705
Gasolina A,R$/litro,2025-04-04,3.146805,3.874450,0.727645,23.1233
Gasolina A,R$/litro,2025-04-11,2.837228,3.863470,1.026242,36.1706
Gasolina A,R$/litro,2025-04-18,2.811762,3.863290,1.051528,37.3975
Gasolina A,R$/litro,2025-04-25,2.826836,3.873200,1.046364,37.0154
Gasolina A,R$/litro,2025-05-02,2.769590,3.865380,1.095790,39.5651
Gasolina A,R$/litro,2025-05-09,2.745890,3.874100,1.128210,41.0872
Gasolina A,R$/litro,2025-05-16,2.926506,3.851530,0.925024,31.6085
Gasolina A,R$/litro,2025-05-23,2.894259,3.858440,0.964181,33.3136
Gasolina A,R$/litro,2025-05-30,2.762213,3.928460,1.166247,42.2215
Gasolina A,R$/litro,2025-06-06,2.702539,3.768930,1.066391,39.4589
Gasolina A,R$/litro,2025-06-13,2.751606,3.696850,0.945244,34.3525
Gasolina A,R$/litro,2025-06-20,2.931776,3.698610,0.766834,26.1559
Gasolina A,R$/litro,2025-06-27,2.832536,3.735080,0.902544,31.8635
Gasolina A,R$/litro,2025-07-04,2.643117,3.696800,1.053683,39.8651
Gasolina A,R$/litro,2025-07-11,2.732900,3.668780,0.935880,34.2449
Gasolina A,R$/litro,2025-07-18,2.726486,3.684550,0.958064,35.1392
Gasolina A,R$/litro,2025-07-25,2.678615,3.668850,0.990235,36.9682
Gasolina A,R$/litro,2025-08-01,2.788928,3.692390,0.903462,32.3946
Gasolina A,R$/litro,2025-08-08,2.669174,3.614530,0.945356,35.4175
Gasolina A,R$/litro,2025-08-15,2.565697,3.580810,1.015113,39.5648
Gasolina A,R$/litro,2025-08-22,2.665524,3.540890,0.875366,32.8403
Gasolina A,R$/litro,2025-08-29,2.697554,3.601210,0.903656,33.4991
Gasolina A,R$/litro,2025-09-05,2.732770,3.598470,0.865700,31.6785
Gasolina A,R$/litro,2025-09-12,2.656938,3.455530,0.798592,30.0569
Gasolina A,R$/litro,2025-09-19,2.590262,3.443650,0.853388,32.9460
Gasolina A,R$/litro,2025-09-26,2.606782,3.508470,0.901688,34.5901
Gasolina A,R$/litro,2025-10-03,2.566227,3.755270,1.189043,46.3343
Gasolina A,R$/litro,2025-10-10,2.534857,3.799400,1.264543,49.8862
Gasolina A,R$/litro,2025-10-17,2.519690,3.644400,1.124710,44.6368
Gasolina A,R$/litro,2025-10-24,2.508449,3.554140,1.045691,41.6868
Gasolina A,R$/litro,2025-10-31,2.567841,3.526920,0.959079,37.3496
Gasolina A,R$/litro,2025-11-07,2.606934,3.564850,0.957916,36.7449
Gasolina A,R$/litro,2025-11-14,2.630877,3.540790,0.909913,34.5859
Gasolina A,R$/litro,2025-11-21,2.544551,3.581300,1.036749,40.7439
Gasolina A,R$/litro,2025-11-28,2.445791,3.570290,1.124499,45.9769
Gasolina A,R$/litro,2025-12-05,2.465237,3.582860,1.117623,45.3353
Gasolina A,R$/litro,2025-12-12,2.451233,3.584520,1.133287,46.2333
Gasolina A,R$/litro,2025-12-19,2.328241,3.557130,1.228889,52.7819
Gasolina A,R$/litro,2025-12-26,2.353425,3.552110,1.198685,50.9336
Gasolina A,R$/litro,2026-01-02,2.324861,3.560040,1.235179,53.1291
Gasolina A,R$/litro,2026-01-09,2.264600,3.572240,1.307640,57.7426
Gasolina A,R$/litro,2026-01-16,2.425136,3.568850,1.143714,47.1608
Gasolina A,R$/litro,2026-01-23,2.421265,3.548350,1.127085,46.5494
Gasolina A,R$/litro,2026-01-30,2.409686,3.616680,1.206994,50.0892
Gasolina A,R$/litro,2026-02-06,2.517446,3.537870,1.020424,40.5341
Gasolina A,R$/litro,2026-02-13,2.525394,3.554350,1.028956,40.7444
Gasolina A,R$/litro,2026-02-20,2.511905,3.518660,1.006755,40.0794
Gasolina A,R$/litro,2026-02-27,2.556214,3.591220,1.035006,40.4898
Gasolina A,R$/litro,2026-03-06,2.965749,3.745820,0.780071,26.3026
Gasolina A,R$/litro,2026-03-13,3.458938,3.570710,0.111772,3.2314
Gasolina A,R$/litro,2026-03-20,3.920199,4.473580,0.553381,14.1161
Gasolina A,R$/litro,2026-03-27,3.995118,4.236560,0.241442,6.0434
Gasolina A,R$/litro,2026-04-03,4.167288,4.128280,-0.039008,-0.9361
Gasolina A,R$/litro,2026-04-10,4.089772,4.143080,0.053308,1.3035
Gasolina A,R$/litro,2026-04-17,4.014902,4.186210,0.171308,4.2668
Gasolina A,R$/litro,2026-04-24,4.039251,4.329360,0.290109,7.1822
Gasolina A,R$/litro,2026-05-01,4.406782,3.953930,-0.452852,-10.2763
Gasolina A,R$/litro,2026-05-08,4.442295,5.260860,0.818565,18.4266
Gasolina A,R$/litro,2026-05-15,4.269364,5.009230,0.739866,17.3297
Gasolina A,R$/litro,2026-05-22,4.000991,4.769760,0.768769,19.2145
Gasolina A,R$/litro,2026-05-29,3.507878,4.719250,1.211372,34.5329
Gasolina A,R$/litro,2026-06-05,3.448382,4.330800,0.882418,25.5893
Gasolina A,R$/litro,2026-06-12,3.409412,4.191550,0.782138,22.9405
Gasolina A,R$/litro,2026-06-19,3.173844,4.985540,1.811696,57.0821
Gasolina A,R$/litro,2026-06-26,3.152127,3.733610,0.581483,18.4473
Gasolina A,R$/litro,2026-07-03,3.203973,3.751300,0.547327,17.0828
Gasolina A,R$/litro,2026-07-10,3.316421,3.669780,0.353359,10.6548
Gasolina A,R$/litro,2026-07-17,3.603371,3.802190,0.198819,5.5176
Diesel A S10,R$/litro,2018-11-09,2.269182,2.472500,0.203318,8.9600
Diesel A S10,R$/litro,2018-11-16,2.179138,2.494020,0.314882,14.4499
Diesel A S10,R$/litro,2018-11-21,2.125037,2.478600,0.353563,16.6380
Diesel A S10,R$/litro,2018-11-30,2.011678,2.262920,0.251242,12.4892
Diesel A S10,R$/litro,2018-12-07,2.017580,2.161130,0.143550,7.1150
Diesel A S10,R$/litro,2018-12-14,2.005560,2.154090,0.148530,7.4059
Diesel A S10,R$/litro,2018-12-21,1.896170,2.235430,0.339260,17.8919
Diesel A S10,R$/litro,2018-12-28,1.773988,2.221490,0.447502,25.2258
Diesel A S10,R$/litro,2019-01-04,1.739690,2.233030,0.493340,28.3579
Diesel A S10,R$/litro,2019-01-11,1.830816,2.238000,0.407184,22.2406
Diesel A S10,R$/litro,2019-01-18,1.902308,2.338890,0.436582,22.9501
Diesel A S10,R$/litro,2019-01-25,1.953807,2.338180,0.384373,19.6730
Diesel A S10,R$/litro,2019-02-01,1.909528,2.368290,0.458762,24.0249
Diesel A S10,R$/litro,2019-02-08,1.909583,2.369240,0.459657,24.0711
Diesel A S10,R$/litro,2019-02-15,1.974020,2.377050,0.403030,20.4167
Diesel A S10,R$/litro,2019-02-22,2.067440,2.440740,0.373300,18.0561
Diesel A S10,R$/litro,2019-03-01,2.069505,2.487640,0.418135,20.2046
Diesel A S10,R$/litro,2019-03-08,2.099302,2.518740,0.419438,19.9799
Diesel A S10,R$/litro,2019-03-15,2.075668,2.537330,0.461662,22.2416
Diesel A S10,R$/litro,2019-03-22,2.089335,2.519240,0.429905,20.5762
Diesel A S10,R$/litro,2019-03-29,2.141647,2.512630,0.370983,17.3223
Diesel A S10,R$/litro,2019-04-05,2.136638,2.512770,0.376132,17.6039
Diesel A S10,R$/litro,2019-04-12,2.178056,2.515760,0.337704,15.5048
Diesel A S10,R$/litro,2019-04-18,2.203639,2.565550,0.361911,16.4233
Diesel A S10,R$/litro,2019-04-26,2.260675,2.622510,0.361835,16.0056
Diesel A S10,R$/litro,2019-05-03,2.225402,2.616830,0.391428,17.5891
Diesel A S10,R$/litro,2019-05-10,2.241264,2.669720,0.428456,19.1167
Diesel A S10,R$/litro,2019-05-17,2.262421,2.669960,0.407539,18.0134
Diesel A S10,R$/litro,2019-05-24,2.311081,2.679490,0.368409,15.9410
Diesel A S10,R$/litro,2019-05-31,2.144035,2.647350,0.503315,23.4751
Diesel A S10,R$/litro,2019-06-07,1.937232,2.519050,0.581818,30.0334
Diesel A S10,R$/litro,2019-06-14,1.913689,2.469010,0.555321,29.0183
Diesel A S10,R$/litro,2019-06-21,1.951780,2.425200,0.473420,24.2558
Diesel A S10,R$/litro,2019-06-28,2.045480,2.429230,0.383750,18.7609
Diesel A S10,R$/litro,2019-07-05,2.039520,2.495690,0.456170,22.3665
Diesel A S10,R$/litro,2019-07-12,1.997160,2.449620,0.452460,22.6552
Diesel A S10,R$/litro,2019-07-19,1.965920,2.407210,0.441290,22.4470
Diesel A S10,R$/litro,2019-07-26,1.979180,2.394200,0.415020,20.9693
Diesel A S10,R$/litro,2019-08-02,2.018900,2.443210,0.424310,21.0169
Diesel A S10,R$/litro,2019-08-09,1.983640,2.462570,0.478930,24.1440
Diesel A S10,R$/litro,2019-08-16,2.031000,2.460970,0.429970,21.1704
Diesel A S10,R$/litro,2019-08-23,2.066920,2.464750,0.397830,19.2475
Diesel A S10,R$/litro,2019-08-30,2.119880,2.467520,0.347640,16.3990
Diesel A S10,R$/litro,2019-09-06,2.180497,2.483930,0.303432,13.9157
Diesel A S10,R$/litro,2019-09-13,2.205271,2.529860,0.324589,14.7188
Diesel A S10,R$/litro,2019-09-20,2.303651,2.615100,0.311449,13.5198
Diesel A S10,R$/litro,2019-09-27,2.316629,2.661890,0.345261,14.9036
Diesel A S10,R$/litro,2019-10-04,2.228833,2.658140,0.429307,19.2615
Diesel A S10,R$/litro,2019-10-11,2.256655,2.650360,0.393705,17.4464
Diesel A S10,R$/litro,2019-10-18,2.300277,2.660250,0.359973,15.6491
Diesel A S10,R$/litro,2019-10-25,2.245010,2.631920,0.386910,17.2342
Diesel A S10,R$/litro,2019-11-01,2.177454,2.590130,0.412676,18.9522
Diesel A S10,R$/litro,2019-11-08,2.222515,2.550720,0.328205,14.7673
Diesel A S10,R$/litro,2019-11-15,2.260868,2.560870,0.300002,13.2693
Diesel A S10,R$/litro,2019-11-22,2.258202,2.568710,0.310507,13.7502
Diesel A S10,R$/litro,2019-11-29,2.329926,2.588100,0.258174,11.0808
Diesel A S10,R$/litro,2019-12-06,2.278981,2.612000,0.333019,14.6126
Diesel A S10,R$/litro,2019-12-13,2.282949,2.627370,0.344421,15.0867
Diesel A S10,R$/litro,2019-12-20,2.327402,2.639510,0.312108,13.4101
Diesel A S10,R$/litro,2019-12-27,2.367315,2.691250,0.323935,13.6836
Diesel A S10,R$/litro,2020-01-03,2.359345,2.706220,0.346875,14.7022
Diesel A S10,R$/litro,2020-01-10,2.355246,2.686330,0.331084,14.0573
Diesel A S10,R$/litro,2020-01-17,2.305747,2.633890,0.328143,14.2315
Diesel A S10,R$/litro,2020-01-24,2.251791,2.586880,0.335089,14.8810
Diesel A S10,R$/litro,2020-01-31,2.121709,2.487790,0.366081,17.2541
Diesel A S10,R$/litro,2020-02-07,1.977268,2.412860,0.435592,22.0300
Diesel A S10,R$/litro,2020-02-14,2.015410,2.380040,0.364631,18.0921
Diesel A S10,R$/litro,2020-02-21,2.088016,2.372160,0.284144,13.6083
Diesel A S10,R$/litro,2020-02-28,2.002278,2.343240,0.340962,17.0287
Diesel A S10,R$/litro,2020-03-06,2.024555,2.273360,0.248805,12.2894
Diesel A S10,R$/litro,2020-03-13,1.779831,2.211520,0.431689,24.2545
Diesel A S10,R$/litro,2020-03-20,1.605867,2.077790,0.471923,29.3874
Diesel A S10,R$/litro,2020-03-27,1.564360,1.998690,0.434330,27.7641
Diesel A S10,R$/litro,2020-04-03,1.533121,1.952600,0.419479,27.3611
Diesel A S10,R$/litro,2020-04-09,1.501503,1.947120,0.445617,29.6780
Diesel A S10,R$/litro,2020-04-17,1.443239,1.897630,0.454391,31.4841
Diesel A S10,R$/litro,2020-04-24,1.453229,1.802800,0.349571,24.0548
Diesel A S10,R$/litro,2020-05-01,1.337610,1.687810,0.350200,26.1810
Diesel A S10,R$/litro,2020-05-08,1.453747,1.655590,0.201843,13.8843
Diesel A S10,R$/litro,2020-05-15,1.495214,1.665130,0.169916,11.3640
Diesel A S10,R$/litro,2020-05-22,1.611209,1.745160,0.133952,8.3137
Diesel A S10,R$/litro,2020-05-29,1.562408,1.807280,0.244872,15.6727
Diesel A S10,R$/litro,2020-06-05,1.562134,1.859760,0.297626,19.0525
Diesel A S10,R$/litro,2020-06-12,1.618939,1.860570,0.241631,14.9253
Diesel A S10,R$/litro,2020-06-19,1.746835,1.911710,0.164875,9.4385
Diesel A S10,R$/litro,2020-06-26,1.807939,1.991530,0.183591,10.1547
Diesel A S10,R$/litro,2020-07-02,1.824746,2.028230,0.203484,11.1513
Diesel A S10,R$/litro,2020-07-10,1.899342,2.084860,0.185518,9.7675
Diesel A S10,R$/litro,2020-07-17,1.946339,2.120300,0.173960,8.9378
Diesel A S10,R$/litro,2020-07-24,1.946164,2.176920,0.230756,11.8570
Diesel A S10,R$/litro,2020-07-31,1.897038,2.179640,0.282602,14.8970
Diesel A S10,R$/litro,2020-08-07,1.933938,2.187260,0.253323,13.0988
Diesel A S10,R$/litro,2020-08-14,1.989853,2.203720,0.213868,10.7479
Diesel A S10,R$/litro,2020-08-21,2.041204,2.262760,0.221556,10.8542
Diesel A S10,R$/litro,2020-08-28,2.020106,2.302370,0.282264,13.9727
Diesel A S10,R$/litro,2020-09-04,1.865905,2.250540,0.384634,20.6138
Diesel A S10,R$/litro,2020-09-11,1.695672,2.096290,0.400618,23.6259
Diesel A S10,R$/litro,2020-09-18,1.666590,1.988840,0.322250,19.3359
Diesel A S10,R$/litro,2020-09-25,1.746340,1.992550,0.246210,14.0986
Diesel A S10,R$/litro,2020-10-02,1.824071,2.017640,0.193569,10.6119
Diesel A S10,R$/litro,2020-10-09,1.841922,2.050330,0.208408,11.3147
Diesel A S10,R$/litro,2020-10-16,1.859260,2.124520,0.265260,14.2670
Diesel A S10,R$/litro,2020-10-23,1.814999,2.104400,0.289401,15.9450
Diesel A S10,R$/litro,2020-10-30,1.801046,2.047500,0.246454,13.6839
Diesel A S10,R$/litro,2020-11-06,1.793046,2.060470,0.267424,14.9145
Diesel A S10,R$/litro,2020-11-13,1.846169,2.099140,0.252971,13.7025
Diesel A S10,R$/litro,2020-11-20,1.857028,2.106810,0.249781,13.4506
Diesel A S10,R$/litro,2020-11-25,1.981389,2.171440,0.190051,9.5918
Diesel A S10,R$/litro,2020-12-04,1.969041,2.221830,0.252789,12.8382
Diesel A S10,R$/litro,2020-12-11,1.959492,2.224960,0.265468,13.5478
Diesel A S10,R$/litro,2020-12-18,2.048141,2.259020,0.210879,10.2961
Diesel A S10,R$/litro,2020-12-24,2.129436,2.289080,0.159644,7.4970
Diesel A S10,R$/litro,2020-12-31,2.132937,2.365450,0.232513,10.9011
Diesel A S10,R$/litro,2021-01-08,2.180701,2.369430,0.188729,8.6545
Diesel A S10,R$/litro,2021-01-15,2.310420,2.374940,0.064520,2.7926
Diesel A S10,R$/litro,2021-01-22,2.334010,2.368510,0.034500,1.4781
Diesel A S10,R$/litro,2021-01-29,2.324738,2.422860,0.098122,4.2208
Diesel A S10,R$/litro,2021-02-05,2.413304,2.472030,0.058726,2.4334
Diesel A S10,R$/litro,2021-02-12,2.526727,2.571890,0.045163,1.7874
Diesel A S10,R$/litro,2021-02-19,2.639250,2.697290,0.058040,2.1991
Diesel A S10,R$/litro,2021-02-26,2.771813,2.937090,0.165277,5.9628
Diesel A S10,R$/litro,2021-03-05,2.817092,2.737020,-0.080072,-2.8424
Diesel A S10,R$/litro,2021-03-12,2.891660,2.807900,-0.083760,-2.8966
Diesel A S10,R$/litro,2021-03-19,2.813134,2.863930,0.050795,1.8057
Diesel A S10,R$/litro,2021-03-26,2.641026,2.789140,0.148114,5.6082
Diesel A S10,R$/litro,2021-04-01,2.713155,2.739510,0.026355,0.9714
Diesel A S10,R$/litro,2021-04-09,2.665326,2.730630,0.065304,2.4502
Diesel A S10,R$/litro,2021-04-16,2.737947,2.726480,-0.011467,-0.4188
Diesel A S10,R$/litro,2021-04-23,2.709237,2.753760,0.044523,1.6434
Diesel A S10,R$/litro,2021-04-30,2.685701,2.865360,0.179659,6.6895
Diesel A S10,R$/litro,2021-05-07,2.731359,3.060500,0.329141,12.0505
Diesel A S10,R$/litro,2021-05-14,2.801286,3.056550,0.255264,9.1124
Diesel A S10,R$/litro,2021-05-21,2.733582,3.078080,0.344498,12.6024
Diesel A S10,R$/litro,2021-05-28,2.731345,3.060470,0.329125,12.0499
Diesel A S10,R$/litro,2021-06-04,2.693258,3.058630,0.365372,13.5662
Diesel A S10,R$/litro,2021-06-11,2.747225,3.055440,0.308215,11.2191
Diesel A S10,R$/litro,2021-06-18,2.798763,3.065660,0.266897,9.5363
Diesel A S10,R$/litro,2021-06-25,2.751736,3.064940,0.313204,11.3821
Diesel A S10,R$/litro,2021-07-02,2.785887,3.063290,0.277403,9.9574
Diesel A S10,R$/litro,2021-07-09,2.896527,3.138680,0.242153,8.3601
Diesel A S10,R$/litro,2021-07-16,2.866007,3.161750,0.295743,10.3190
Diesel A S10,R$/litro,2021-07-23,2.799245,3.196720,0.397475,14.1994
Diesel A S10,R$/litro,2021-07-30,2.876959,3.161330,0.284371,9.8844
Diesel A S10,R$/litro,2021-08-06,2.848857,3.173680,0.324823,11.4019
Diesel A S10,R$/litro,2021-08-13,2.794173,3.156610,0.362437,12.9712
Diesel A S10,R$/litro,2021-08-20,2.787800,3.160820,0.373020,13.3804
Diesel A S10,R$/litro,2021-08-27,2.794428,3.167100,0.372672,13.3363
Diesel A S10,R$/litro,2021-09-03,2.889292,3.210260,0.320968,11.1089
Diesel A S10,R$/litro,2021-09-10,2.944627,3.172390,0.227763,7.7349
Diesel A S10,R$/litro,2021-09-17,3.006916,3.166100,0.159184,5.2939
Diesel A S10,R$/litro,2021-09-24,3.085039,3.171460,0.086422,2.8013
Diesel A S10,R$/litro,2021-10-01,3.295294,3.348970,0.053676,1.6289
Diesel A S10,R$/litro,2021-10-08,3.505769,3.456200,-0.049569,-1.4139
Diesel A S10,R$/litro,2021-10-15,3.615075,3.426440,-0.188635,-5.2180
Diesel A S10,R$/litro,2021-10-22,3.733898,3.437820,-0.296078,-7.9295
Diesel A S10,R$/litro,2021-10-29,3.732334,3.670130,-0.062204,-1.6666
Diesel A S10,R$/litro,2021-11-05,3.713465,3.740350,0.026885,0.7240
Diesel A S10,R$/litro,2021-11-12,3.620304,3.708120,0.087816,2.4256
Diesel A S10,R$/litro,2021-11-19,3.527485,3.698230,0.170745,4.8404
Diesel A S10,R$/litro,2021-11-24,3.472616,3.712790,0.240174,6.9162
Diesel A S10,R$/litro,2021-12-03,3.235565,3.710750,0.475185,14.6863
Diesel A S10,R$/litro,2021-12-10,3.331495,3.729070,0.397575,11.9338
Diesel A S10,R$/litro,2021-12-17,3.444290,3.704000,0.259710,7.5403
Diesel A S10,R$/litro,2021-12-23,3.439075,3.716790,0.277715,8.0753
Diesel A S10,R$/litro,2021-12-30,3.546025,3.716670,0.170645,4.8123
Diesel A S10,R$/litro,2022-01-07,3.636466,3.726070,0.089604,2.4640
Diesel A S10,R$/litro,2022-01-14,3.764595,3.868520,0.103925,2.7606
Diesel A S10,R$/litro,2022-01-21,3.885572,3.979450,0.093878,2.4161
Diesel A S10,R$/litro,2022-01-28,3.860178,3.985460,0.125281,3.2455
Diesel A S10,R$/litro,2022-02-04,3.903271,3.988150,0.084879,2.1746
Diesel A S10,R$/litro,2022-02-11,4.012111,3.986250,-0.025861,-0.6446
Diesel A S10,R$/litro,2022-02-18,4.004112,3.983610,-0.020502,-0.5120
Diesel A S10,R$/litro,2022-02-25,3.871644,4.009560,0.137915,3.5622
Diesel A S10,R$/litro,2022-03-04,4.538467,4.013690,-0.524777,-11.5629
Diesel A S10,R$/litro,2022-03-11,5.321310,4.239820,-1.081490,-20.3237
Diesel A S10,R$/litro,2022-03-18,4.613932,4.531000,-0.082932,-1.7974
Diesel A S10,R$/litro,2022-03-25,5.089513,4.527400,-0.562113,-11.0445
Diesel A S10,R$/litro,2022-04-01,4.778334,4.580950,-0.197384,-4.1308
Diesel A S10,R$/litro,2022-04-08,4.946656,4.544500,-0.402156,-8.1298
Diesel A S10,R$/litro,2022-04-14,4.929869,4.542820,-0.387049,-7.8511
Diesel A S10,R$/litro,2022-04-22,5.184873,4.528590,-0.656283,-12.6576
Diesel A S10,R$/litro,2022-04-29,5.612295,4.648190,-0.964105,-17.1784
Diesel A S10,R$/litro,2022-05-06,6.072704,4.597880,-1.474824,-24.2861
Diesel A S10,R$/litro,2022-05-13,5.592706,4.847690,-0.745016,-13.3212
Diesel A S10,R$/litro,2022-05-20,5.084751,4.938820,-0.145931,-2.8700
Diesel A S10,R$/litro,2022-05-27,4.956122,4.915390,-0.040732,-0.8219
Diesel A S10,R$/litro,2022-06-03,5.392088,4.929980,-0.462108,-8.5701
Diesel A S10,R$/litro,2022-06-10,5.848381,4.973750,-0.874631,-14.9551
Diesel A S10,R$/litro,2022-06-17,6.240770,5.124040,-1.116730,-17.8941
Diesel A S10,R$/litro,2022-06-24,6.329427,5.641670,-0.687757,-10.8660
Diesel A S10,R$/litro,2022-07-01,6.053631,5.644310,-0.409321,-6.7616
Diesel A S10,R$/litro,2022-07-08,5.571628,5.630580,0.058952,1.0581
Diesel A S10,R$/litro,2022-07-15,5.622790,5.621040,-0.001750,-0.0311
Diesel A S10,R$/litro,2022-07-22,5.522792,5.620530,0.097738,1.7697
Diesel A S10,R$/litro,2022-07-29,5.356751,5.603150,0.246399,4.5998
Diesel A S10,R$/litro,2022-08-05,5.112337,5.515080,0.402743,7.8779
Diesel A S10,R$/litro,2022-08-12,4.700290,5.297810,0.597520,12.7124
Diesel A S10,R$/litro,2022-08-19,4.894795,5.180920,0.286125,5.8455
Diesel A S10,R$/litro,2022-08-26,5.273191,5.195400,-0.077791,-1.4752
Diesel A S10,R$/litro,2022-09-02,5.201256,5.226490,0.025234,0.4852
Diesel A S10,R$/litro,2022-09-09,5.084519,5.201400,0.116881,2.2988
Diesel A S10,R$/litro,2022-09-16,4.988536,5.198520,0.209984,4.2093
Diesel A S10,R$/litro,2022-09-23,4.721389,4.949140,0.227751,4.8238
Diesel A S10,R$/litro,2022-09-30,4.904350,4.905260,0.000910,0.0186
Diesel A S10,R$/litro,2022-10-07,5.199966,4.928820,-0.271146,-5.2144
Diesel A S10,R$/litro,2022-10-14,5.860937,4.970320,-0.890617,-15.1958
Diesel A S10,R$/litro,2022-10-21,5.654233,4.953380,-0.700853,-12.3952
Diesel A S10,R$/litro,2022-10-28,5.417594,4.986040,-0.431554,-7.9658
Diesel A S10,R$/litro,2022-11-04,5.267355,4.955560,-0.311795,-5.9194
Diesel A S10,R$/litro,2022-11-11,5.211450,4.928940,-0.282510,-5.4209
Diesel A S10,R$/litro,2022-11-18,5.025346,4.928370,-0.096976,-1.9297
Diesel A S10,R$/litro,2022-11-25,4.872948,4.904290,0.031342,0.6432
Diesel A S10,R$/litro,2022-12-02,4.508522,4.905400,0.396878,8.8028
Diesel A S10,R$/litro,2022-12-09,4.170367,4.682780,0.512413,12.2870
Diesel A S10,R$/litro,2022-12-16,4.339411,4.470650,0.131239,3.0244
Diesel A S10,R$/litro,2022-12-23,4.264221,4.466820,0.202599,4.7511
Diesel A S10,R$/litro,2022-12-30,4.723964,4.499960,-0.224004,-4.7419
Diesel A S10,R$/litro,2023-01-06,4.543253,4.528570,-0.014683,-0.3232
Diesel A S10,R$/litro,2023-01-13,4.381503,4.540090,0.158587,3.6195
Diesel A S10,R$/litro,2023-01-20,4.524963,4.518690,-0.006273,-0.1386
Diesel A S10,R$/litro,2023-01-27,4.599852,4.489210,-0.110642,-2.4053
Diesel A S10,R$/litro,2023-02-03,4.124562,4.529320,0.404758,9.8134
Diesel A S10,R$/litro,2023-02-10,4.018523,4.251480,0.232957,5.7971
Diesel A S10,R$/litro,2023-02-17,4.125249,4.142290,0.017041,0.4131
Diesel A S10,R$/litro,2023-02-24,3.858238,4.110550,0.252312,6.5396
Diesel A S10,R$/litro,2023-03-03,4.095378,4.069440,-0.025938,-0.6333
Diesel A S10,R$/litro,2023-03-10,4.020112,4.038790,0.018678,0.4646
Diesel A S10,R$/litro,2023-03-17,3.923045,4.024330,0.101285,2.5818
Diesel A S10,R$/litro,2023-03-24,3.850708,3.945120,0.094412,2.4518
Diesel A S10,R$/litro,2023-03-31,3.746949,3.869610,0.122661,3.2736
Diesel A S10,R$/litro,2023-04-07,3.744792,3.868230,0.123438,3.2963
Diesel A S10,R$/litro,2023-04-14,3.649561,3.820740,0.171179,4.6904
Diesel A S10,R$/litro,2023-04-21,3.468252,3.789270,0.321018,9.2559
Diesel A S10,R$/litro,2023-04-28,3.274135,3.693740,0.419605,12.8158
Diesel A S10,R$/litro,2023-05-05,3.110406,3.523490,0.413084,13.2807
Diesel A S10,R$/litro,2023-05-12,3.141225,3.472300,0.331075,10.5397
Diesel A S10,R$/litro,2023-05-19,3.154053,3.190920,0.036867,1.1689
Diesel A S10,R$/litro,2023-05-26,3.216818,3.091990,-0.124828,-3.8805
Diesel A S10,R$/litro,2023-06-02,3.154296,3.089210,-0.065086,-2.0634
Diesel A S10,R$/litro,2023-06-09,3.156591,3.072140,-0.084451,-2.6754
Diesel A S10,R$/litro,2023-06-16,3.104525,3.044150,-0.060375,-1.9447
Diesel A S10,R$/litro,2023-06-23,3.233711,3.072890,-0.160821,-4.9733
Diesel A S10,R$/litro,2023-06-30,3.167976,3.064760,-0.103216,-3.2581
Diesel A S10,R$/litro,2023-07-07,3.263465,3.093240,-0.170225,-5.2161
Diesel A S10,R$/litro,2023-07-14,3.335622,3.108140,-0.227482,-6.8198
Diesel A S10,R$/litro,2023-07-21,3.419708,3.088530,-0.331178,-9.6844
Diesel A S10,R$/litro,2023-07-28,3.611777,3.084970,-0.526807,-14.5858
Diesel A S10,R$/litro,2023-08-04,3.923834,3.104660,-0.819174,-20.8769
Diesel A S10,R$/litro,2023-08-11,4.113420,3.204840,-0.908580,-22.0882
Diesel A S10,R$/litro,2023-08-18,4.195174,3.702030,-0.493144,-11.7550
Diesel A S10,R$/litro,2023-08-25,4.213330,3.902090,-0.311240,-7.3870
Diesel A S10,R$/litro,2023-09-01,4.229468,3.886740,-0.342728,-8.1033
Diesel A S10,R$/litro,2023-09-08,4.381707,3.977790,-0.403917,-9.2182
Diesel A S10,R$/litro,2023-09-15,4.495949,4.032850,-0.463099,-10.3004
Diesel A S10,R$/litro,2023-09-22,4.439210,4.063720,-0.375490,-8.4585
Diesel A S10,R$/litro,2023-09-29,4.567948,4.119530,-0.448418,-9.8166
Diesel A S10,R$/litro,2023-10-06,4.514722,4.035520,-0.479202,-10.6142
Diesel A S10,R$/litro,2023-10-13,4.264931,3.967190,-0.297741,-6.9811
Diesel A S10,R$/litro,2023-10-20,4.349603,4.000730,-0.348873,-8.0208
Diesel A S10,R$/litro,2023-10-27,4.166314,4.172740,0.006426,0.1542
Diesel A S10,R$/litro,2023-11-03,4.070075,4.326930,0.256855,6.3108
Diesel A S10,R$/litro,2023-11-10,3.827041,4.223610,0.396569,10.3623
Diesel A S10,R$/litro,2023-11-17,3.726305,4.151300,0.424995,11.4053
Diesel A S10,R$/litro,2023-11-24,3.719197,4.096280,0.377083,10.1388
Diesel A S10,R$/litro,2023-12-01,3.725023,4.058510,0.333487,8.9526
Diesel A S10,R$/litro,2023-12-08,3.507522,3.955680,0.448158,12.7771
Diesel A S10,R$/litro,2023-12-15,3.380644,3.857690,0.477046,14.1111
Diesel A S10,R$/litro,2023-12-22,3.556017,3.846890,0.290873,8.1798
Diesel A S10,R$/litro,2023-12-29,3.471712,3.931450,0.459738,13.2424
Diesel A S10,R$/litro,2024-01-05,3.399934,3.928470,0.528536,15.5455
Diesel A S10,R$/litro,2024-01-12,3.506088,3.890910,0.384822,10.9758
Diesel A S10,R$/litro,2024-01-19,3.603629,3.907890,0.304261,8.4432
Diesel A S10,R$/litro,2024-01-26,3.686585,3.873060,0.186475,5.0582
Diesel A S10,R$/litro,2024-02-02,3.843593,3.898990,0.055397,1.4413
Diesel A S10,R$/litro,2024-02-09,3.910837,3.926490,0.015653,0.4002
Diesel A S10,R$/litro,2024-02-16,4.071355,3.936430,-0.134925,-3.3140
Diesel A S10,R$/litro,2024-02-23,3.868347,3.912050,0.043703,1.1298
Diesel A S10,R$/litro,2024-03-01,3.807336,3.906080,0.098744,2.5935
Diesel A S10,R$/litro,2024-03-08,3.812273,3.897430,0.085157,2.2338
Diesel A S10,R$/litro,2024-03-15,3.832293,3.874740,0.042447,1.1076
Diesel A S10,R$/litro,2024-03-22,3.885768,3.878440,-0.007328,-0.1886
Diesel A S10,R$/litro,2024-03-29,3.805644,3.895170,0.089526,2.3524
Diesel A S10,R$/litro,2024-04-05,3.916147,3.889090,-0.027057,-0.6909
Diesel A S10,R$/litro,2024-04-12,3.939534,3.886130,-0.053404,-1.3556
Diesel A S10,R$/litro,2024-04-19,3.897876,3.886360,-0.011516,-0.2954
Diesel A S10,R$/litro,2024-04-26,3.724778,4.137710,0.412932,11.0861
Diesel A S10,R$/litro,2024-05-03,3.632709,3.883740,0.251031,6.9103
Diesel A S10,R$/litro,2024-05-10,3.601462,3.881570,0.280108,7.7776
Diesel A S10,R$/litro,2024-05-17,3.550705,3.897870,0.347165,9.7774
Diesel A S10,R$/litro,2024-05-24,3.578165,3.985200,0.407035,11.3755
Diesel A S10,R$/litro,2024-05-31,3.685963,3.889310,0.203347,5.5168
Diesel A S10,R$/litro,2024-06-07,3.591480,3.879330,0.287850,8.0148
Diesel A S10,R$/litro,2024-06-14,3.693659,3.870450,0.176791,4.7863
Diesel A S10,R$/litro,2024-06-21,3.949166,3.885190,-0.063976,-1.6200
Diesel A S10,R$/litro,2024-06-28,4.065054,3.885380,-0.179674,-4.4200
Diesel A S10,R$/litro,2024-07-05,4.202747,3.911010,-0.291737,-6.9416
Diesel A S10,R$/litro,2024-07-12,3.924576,3.917420,-0.007156,-0.1823
Diesel A S10,R$/litro,2024-07-19,3.925560,3.888520,-0.037040,-0.9436
Diesel A S10,R$/litro,2024-07-26,3.881882,3.905680,0.023798,0.6131
Diesel A S10,R$/litro,2024-08-02,3.822341,3.911020,0.088680,2.3200
Diesel A S10,R$/litro,2024-08-09,3.659667,3.894540,0.234873,6.4179
Diesel A S10,R$/litro,2024-08-16,3.638076,3.900860,0.262784,7.2232
Diesel A S10,R$/litro,2024-08-23,3.570726,3.919540,0.348814,9.7687
Diesel A S10,R$/litro,2024-08-30,3.616617,3.894910,0.278293,7.6949
Diesel A S10,R$/litro,2024-09-06,3.498901,3.911280,0.412379,11.7859
Diesel A S10,R$/litro,2024-09-13,3.344492,3.876440,0.531948,15.9052
Diesel A S10,R$/litro,2024-09-20,3.291424,3.909800,0.618376,18.7875
Diesel A S10,R$/litro,2024-09-27,3.305672,3.931630,0.625958,18.9359
Diesel A S10,R$/litro,2024-10-04,3.401480,3.864290,0.462810,13.6061
Diesel A S10,R$/litro,2024-10-11,3.704879,3.899270,0.194391,5.2469
Diesel A S10,R$/litro,2024-10-18,3.518912,3.885160,0.366248,10.4080
Diesel A S10,R$/litro,2024-10-25,3.489937,3.882520,0.392583,11.2490
Diesel A S10,R$/litro,2024-11-01,3.542536,3.870440,0.327904,9.2562
Diesel A S10,R$/litro,2024-11-08,3.647190,3.908230,0.261040,7.1573
Diesel A S10,R$/litro,2024-11-15,3.562314,3.895170,0.332856,9.3438
Diesel A S10,R$/litro,2024-11-22,3.648403,3.877750,0.229347,6.2862
Diesel A S10,R$/litro,2024-11-29,3.729771,3.894920,0.165149,4.4279
Diesel A S10,R$/litro,2024-12-06,3.738045,3.869740,0.131695,3.5231
Diesel A S10,R$/litro,2024-12-13,3.799505,3.910470,0.110965,2.9205
Diesel A S10,R$/litro,2024-12-20,3.967774,4.005380,0.037606,0.9478
Diesel A S10,R$/litro,2024-12-27,3.937192,3.912460,-0.024732,-0.6282
Diesel A S10,R$/litro,2025-01-03,3.997220,3.882700,-0.114520,-2.8650
Diesel A S10,R$/litro,2025-01-10,3.973219,3.991350,0.018131,0.4563
Diesel A S10,R$/litro,2025-01-17,4.233775,3.969590,-0.264185,-6.2399
Diesel A S10,R$/litro,2025-01-24,4.102295,3.924700,-0.177595,-4.3292
Diesel A S10,R$/litro,2025-01-31,3.878801,3.996410,0.117609,3.0321
Diesel A S10,R$/litro,2025-02-07,3.817150,4.120380,0.303230,7.9439
Diesel A S10,R$/litro,2025-02-14,3.828956,4.082440,0.253484,6.6202
Diesel A S10,R$/litro,2025-02-21,3.776161,4.077140,0.300979,7.9705
Diesel A S10,R$/litro,2025-02-28,3.754644,4.155640,0.400996,10.6800
Diesel A S10,R$/litro,2025-03-07,3.672363,4.072920,0.400557,10.9073
Diesel A S10,R$/litro,2025-03-14,3.500573,4.116010,0.615437,17.5810
Diesel A S10,R$/litro,2025-03-21,3.476801,4.075280,0.598479,17.2135
Diesel A S10,R$/litro,2025-03-28,3.605991,4.096500,0.490509,13.6026
Diesel A S10,R$/litro,2025-04-04,3.600120,3.999790,0.399670,11.1016
Diesel A S10,R$/litro,2025-04-11,3.382724,3.947210,0.564486,16.6873
Diesel A S10,R$/litro,2025-04-18,3.338532,3.841300,0.502768,15.0596
Diesel A S10,R$/litro,2025-04-25,3.291099,3.815890,0.524791,15.9458
Diesel A S10,R$/litro,2025-05-02,3.185372,3.836280,0.650908,20.4343
Diesel A S10,R$/litro,2025-05-09,3.103156,3.693030,0.589874,19.0089
Diesel A S10,R$/litro,2025-05-16,3.267725,3.649060,0.381335,11.6697
Diesel A S10,R$/litro,2025-05-23,3.220277,3.645040,0.424763,13.1903
Diesel A S10,R$/litro,2025-05-30,3.217358,3.664610,0.447252,13.9012
Diesel A S10,R$/litro,2025-06-06,3.196268,3.631710,0.435442,13.6234
Diesel A S10,R$/litro,2025-06-13,3.296474,3.697150,0.400676,12.1547
Diesel A S10,R$/litro,2025-06-20,3.652267,3.690049,0.037783,1.0345
Diesel A S10,R$/litro,2025-06-27,3.634403,3.645990,0.011587,0.3188
Diesel A S10,R$/litro,2025-07-04,3.543418,3.659650,0.116232,3.2802
Diesel A S10,R$/litro,2025-07-11,3.628146,3.710620,0.082475,2.2732
Diesel A S10,R$/litro,2025-07-18,3.627542,3.631160,0.003618,0.0997
Diesel A S10,R$/litro,2025-07-25,3.689854,3.669600,-0.020254,-0.5489
Diesel A S10,R$/litro,2025-08-01,3.676343,3.666770,-0.009573,-0.2604
Diesel A S10,R$/litro,2025-08-08,3.470708,3.682324,0.211615,6.0972
Diesel A S10,R$/litro,2025-08-15,3.335383,3.695740,0.360357,10.8041
Diesel A S10,R$/litro,2025-08-22,3.438857,3.762690,0.323833,9.4169
Diesel A S10,R$/litro,2025-08-29,3.539769,3.754790,0.215021,6.0744
Diesel A S10,R$/litro,2025-09-05,3.507992,3.749750,0.241758,6.8916
Diesel A S10,R$/litro,2025-09-12,3.451395,3.625880,0.174485,5.0555
Diesel A S10,R$/litro,2025-09-19,3.409891,3.711690,0.301799,8.8507
Diesel A S10,R$/litro,2025-09-26,3.470677,3.744480,0.273803,7.8890
Diesel A S10,R$/litro,2025-10-03,3.513330,3.682590,0.169260,4.8177
Diesel A S10,R$/litro,2025-10-10,3.383234,3.711000,0.327766,9.6879
Diesel A S10,R$/litro,2025-10-17,3.370103,3.784150,0.414047,12.2859
Diesel A S10,R$/litro,2025-10-24,3.302349,3.710540,0.408191,12.3606
Diesel A S10,R$/litro,2025-10-31,3.540839,3.825480,0.284641,8.0388
Diesel A S10,R$/litro,2025-11-07,3.538848,3.893570,0.354722,10.0236
Diesel A S10,R$/litro,2025-11-14,3.637496,3.844600,0.207104,5.6936
Diesel A S10,R$/litro,2025-11-21,3.730304,3.790970,0.060666,1.6263
Diesel A S10,R$/litro,2025-11-28,3.499844,3.810110,0.310266,8.8651
Diesel A S10,R$/litro,2025-12-05,3.317254,3.801840,0.484586,14.6080
Diesel A S10,R$/litro,2025-12-12,3.283987,3.760900,0.476913,14.5224
Diesel A S10,R$/litro,2025-12-19,3.144732,3.654920,0.510188,16.2236
Diesel A S10,R$/litro,2025-12-26,3.169666,3.590870,0.421204,13.2886
Diesel A S10,R$/litro,2026-01-02,3.136789,3.659760,0.522971,16.6722
Diesel A S10,R$/litro,2026-01-09,3.062574,3.661490,0.598916,19.5560
Diesel A S10,R$/litro,2026-01-16,3.186751,3.562550,0.375799,11.7925
Diesel A S10,R$/litro,2026-01-23,3.241701,3.690980,0.449279,13.8594
Diesel A S10,R$/litro,2026-01-30,3.320647,3.885680,0.565033,17.0157
Diesel A S10,R$/litro,2026-02-06,3.410775,3.838370,0.427595,12.5366
Diesel A S10,R$/litro,2026-02-13,3.298033,3.781190,0.483157,14.6499
Diesel A S10,R$/litro,2026-02-20,3.360295,3.851280,0.490985,14.6113
Diesel A S10,R$/litro,2026-02-27,3.479925,3.945180,0.465255,13.3697
Diesel A S10,R$/litro,2026-03-06,4.645515,4.707550,0.062035,1.3354
Diesel A S10,R$/litro,2026-03-13,5.319895,5.356200,0.036305,0.6824
Diesel A S10,R$/litro,2026-03-20,6.008361,5.292930,-0.715431,-11.9073
Diesel A S10,R$/litro,2026-03-27,6.198065,5.433340,-0.764725,-12.3381
Diesel A S10,R$/litro,2026-04-03,6.358061,5.453560,-0.904501,-14.2261
Diesel A S10,R$/litro,2026-04-10,6.400696,5.439970,-0.960726,-15.0097
Diesel A S10,R$/litro,2026-04-17,5.581211,5.267560,-0.313651,-5.6198
Diesel A S10,R$/litro,2026-04-24,5.373337,4.212010,-1.161327,-21.6128
Diesel A S10,R$/litro,2026-05-01,5.732925,4.024760,-1.708165,-29.7957
Diesel A S10,R$/litro,2026-05-08,5.428441,5.436150,0.007709,0.1420
Diesel A S10,R$/litro,2026-05-15,5.321306,5.313240,-0.008066,-0.1516
Diesel A S10,R$/litro,2026-05-22,5.326357,5.498720,0.172363,3.2360
Diesel A S10,R$/litro,2026-05-29,4.916348,5.212100,0.295752,6.0157
Diesel A S10,R$/litro,2026-06-05,5.042083,5.053160,0.011077,0.2197
Diesel A S10,R$/litro,2026-06-12,4.938345,5.132140,0.193795,3.9243
Diesel A S10,R$/litro,2026-06-19,4.376408,5.223040,0.846632,19.3454
Diesel A S10,R$/litro,2026-06-26,4.224832,5.217410,0.992578,23.4939
Diesel A S10,R$/litro,2026-07-03,4.416905,5.205920,0.789015,17.8635
Diesel A S10,R$/litro,2026-07-10,4.668337,3.847930,-0.820407,-17.5739
Diesel A S10,R$/litro,2026-07-17,5.279189,3.807610,-1.471579,-27.8751
QAV,R$/litro,2018-11-09,2.271636,2.570770,0.299134,13.1682
QAV,R$/litro,2018-11-16,2.182441,2.566420,0.383979,17.5940
QAV,R$/litro,2018-11-21,2.136667,2.579550,0.442883,20.7277
QAV,R$/litro,2018-11-30,2.036899,2.523150,0.486251,23.8721
QAV,R$/litro,2018-12-07,2.062140,2.330990,0.268850,13.0374
QAV,R$/litro,2018-12-14,2.053800,2.333650,0.279850,13.6260
QAV,R$/litro,2018-12-21,1.948693,2.325310,0.376617,19.3266
QAV,R$/litro,2018-12-28,1.807140,2.335140,0.528000,29.2174
QAV,R$/litro,2019-01-04,1.796967,2.124700,0.327733,18.2381
QAV,R$/litro,2019-01-11,1.895772,2.086550,0.190778,10.0633
QAV,R$/litro,2019-01-18,1.952426,2.093750,0.141324,7.2384
QAV,R$/litro,2019-01-25,1.994432,2.100520,0.106088,5.3192
QAV,R$/litro,2019-02-01,1.957464,2.069230,0.111766,5.7097
QAV,R$/litro,2019-02-08,1.969770,2.027070,0.057300,2.9089
QAV,R$/litro,2019-02-15,2.019656,2.022670,0.003014,0.1492
QAV,R$/litro,2019-02-22,2.101673,2.025400,-0.076273,-3.6292
QAV,R$/litro,2019-03-01,2.085510,2.072290,-0.013220,-0.6339
QAV,R$/litro,2019-03-08,2.100126,2.107980,0.007854,0.3740
QAV,R$/litro,2019-03-15,2.078861,2.119900,0.041039,1.9741
QAV,R$/litro,2019-03-22,2.095536,2.122380,0.026844,1.2810
QAV,R$/litro,2019-03-29,2.146675,2.116440,-0.030235,-1.4084
QAV,R$/litro,2019-04-05,2.143655,2.203250,0.059595,2.7801
QAV,R$/litro,2019-04-12,2.180316,2.196530,0.016214,0.7437
QAV,R$/litro,2019-04-18,2.215996,2.206290,-0.009706,-0.4380
QAV,R$/litro,2019-04-26,2.282159,2.214550,-0.067609,-2.9625
QAV,R$/litro,2019-05-03,2.241214,2.248930,0.007716,0.3443
QAV,R$/litro,2019-05-10,2.264788,2.294050,0.029262,1.2921
QAV,R$/litro,2019-05-17,2.305307,2.281830,-0.023477,-1.0184
QAV,R$/litro,2019-05-24,2.362893,2.296530,-0.066363,-2.8086
QAV,R$/litro,2019-05-31,2.209643,2.300920,0.091277,4.1308
QAV,R$/litro,2019-06-07,2.008914,2.387410,0.378496,18.8408
QAV,R$/litro,2019-06-14,1.989867,2.390400,0.400533,20.1286
QAV,R$/litro,2019-06-21,2.023580,2.397410,0.373830,18.4737
QAV,R$/litro,2019-06-28,2.123760,2.381010,0.257250,12.1130
QAV,R$/litro,2019-07-05,2.131940,2.172610,0.040670,1.9077
QAV,R$/litro,2019-07-12,2.100500,2.177510,0.077010,3.6663
QAV,R$/litro,2019-07-19,2.056460,2.165820,0.109360,5.3179
QAV,R$/litro,2019-07-26,2.059560,2.173460,0.113900,5.5303
QAV,R$/litro,2019-08-02,2.095880,2.192400,0.096520,4.6052
QAV,R$/litro,2019-08-09,2.043580,2.220650,0.177070,8.6647
QAV,R$/litro,2019-08-16,2.068920,2.229720,0.160800,7.7722
QAV,R$/litro,2019-08-23,2.110760,2.224470,0.113710,5.3872
QAV,R$/litro,2019-08-30,2.163920,2.224500,0.060580,2.7995
QAV,R$/litro,2019-09-06,2.194869,2.205140,0.010271,0.4679
QAV,R$/litro,2019-09-13,2.204227,2.197450,-0.006777,-0.3075
QAV,R$/litro,2019-09-20,2.318818,2.202160,-0.116658,-5.0309
QAV,R$/litro,2019-09-27,2.336674,2.201420,-0.135254,-5.7883
QAV,R$/litro,2019-10-04,2.249595,2.309630,0.060035,2.6687
QAV,R$/litro,2019-10-11,2.258662,2.316210,0.057548,2.5479
QAV,R$/litro,2019-10-18,2.309424,2.302820,-0.006604,-0.2860
QAV,R$/litro,2019-10-25,2.269914,2.322100,0.052186,2.2990
QAV,R$/litro,2019-11-01,2.197227,2.325920,0.128693,5.8571
QAV,R$/litro,2019-11-08,2.245995,2.346980,0.100985,4.4962
QAV,R$/litro,2019-11-15,2.284151,2.331620,0.047469,2.0782
QAV,R$/litro,2019-11-22,2.264836,2.345890,0.081054,3.5788
QAV,R$/litro,2019-11-29,2.348136,2.328500,-0.019636,-0.8362
QAV,R$/litro,2019-12-06,2.300547,2.288930,-0.011617,-0.5050
QAV,R$/litro,2019-12-13,2.297122,2.279850,-0.017272,-0.7519
QAV,R$/litro,2019-12-20,2.345830,2.298650,-0.047180,-2.0112
QAV,R$/litro,2019-12-27,2.394721,2.284550,-0.110171,-4.6006
QAV,R$/litro,2020-01-03,2.378520,2.352310,-0.026210,-1.1019
QAV,R$/litro,2020-01-10,2.383602,2.375630,-0.007972,-0.3345
QAV,R$/litro,2020-01-17,2.342544,2.381910,0.039366,1.6805
QAV,R$/litro,2020-01-24,2.286030,2.383450,0.097420,4.2615
QAV,R$/litro,2020-01-31,2.133518,2.378160,0.244642,11.4666
QAV,R$/litro,2020-02-07,1.973191,2.388160,0.414969,21.0303
QAV,R$/litro,2020-02-14,2.024738,2.402140,0.377403,18.6396
QAV,R$/litro,2020-02-21,2.100058,2.403870,0.303812,14.4669
QAV,R$/litro,2020-02-28,2.019020,2.336440,0.317420,15.7215
QAV,R$/litro,2020-03-06,2.016537,2.111790,0.095253,4.7236
QAV,R$/litro,2020-03-13,1.686482,2.114650,0.428168,25.3882
QAV,R$/litro,2020-03-20,1.373828,2.119030,0.745202,54.2427
QAV,R$/litro,2020-03-27,1.208244,2.101070,0.892826,73.8945
QAV,R$/litro,2020-04-03,1.252792,1.765910,0.513118,40.9580
QAV,R$/litro,2020-04-09,1.291932,1.746920,0.454988,35.2177
QAV,R$/litro,2020-04-17,1.210754,1.753700,0.542946,44.8436
QAV,R$/litro,2020-04-24,1.254315,1.750770,0.496455,39.5798
QAV,R$/litro,2020-05-01,1.153976,1.373050,0.219074,18.9843
QAV,R$/litro,2020-05-08,1.335340,1.259500,-0.075840,-5.6795
QAV,R$/litro,2020-05-15,1.408576,1.273920,-0.134656,-9.5598
QAV,R$/litro,2020-05-22,1.582073,1.264700,-0.317373,-20.0606
QAV,R$/litro,2020-05-29,1.517915,1.341360,-0.176555,-11.6314
QAV,R$/litro,2020-06-05,1.523615,1.411860,-0.111755,-7.3348
QAV,R$/litro,2020-06-12,1.584456,1.386320,-0.198136,-12.5050
QAV,R$/litro,2020-06-19,1.708721,1.377390,-0.331331,-19.3906
QAV,R$/litro,2020-06-26,1.750579,1.408960,-0.341619,-19.5146
QAV,R$/litro,2020-07-02,1.741206,1.554190,-0.187016,-10.7406
QAV,R$/litro,2020-07-10,1.822555,1.650430,-0.172125,-9.4441
QAV,R$/litro,2020-07-17,1.879907,1.669050,-0.210857,-11.2163
QAV,R$/litro,2020-07-24,1.889762,1.651320,-0.238442,-12.6176
QAV,R$/litro,2020-07-31,1.854950,1.698690,-0.156259,-8.4239
QAV,R$/litro,2020-08-07,1.901517,1.843500,-0.058017,-3.0511
QAV,R$/litro,2020-08-14,1.955266,1.849530,-0.105736,-5.4078
QAV,R$/litro,2020-08-21,2.003725,1.844820,-0.158905,-7.9305
QAV,R$/litro,2020-08-28,2.010361,1.861400,-0.148961,-7.4097
QAV,R$/litro,2020-09-04,1.855859,1.959060,0.103201,5.5608
QAV,R$/litro,2020-09-11,1.700888,1.963030,0.262142,15.4121
QAV,R$/litro,2020-09-18,1.668706,1.994960,0.326254,19.5513
QAV,R$/litro,2020-09-25,1.724194,1.956110,0.231916,13.4507
QAV,R$/litro,2020-10-02,1.816764,1.850280,0.033516,1.8448
QAV,R$/litro,2020-10-09,1.848936,1.838840,-0.010096,-0.5460
QAV,R$/litro,2020-10-16,1.887708,1.841890,-0.045818,-2.4272
QAV,R$/litro,2020-10-23,1.865534,1.845690,-0.019844,-1.0637
QAV,R$/litro,2020-10-30,1.829706,1.841900,0.012194,0.6665
QAV,R$/litro,2020-11-06,1.815822,1.901140,0.085318,4.6986
QAV,R$/litro,2020-11-13,1.863637,1.881690,0.018053,0.9687
QAV,R$/litro,2020-11-20,1.850387,1.901970,0.051583,2.7877
QAV,R$/litro,2020-11-25,1.976417,1.876450,-0.099967,-5.0580
QAV,R$/litro,2020-12-04,1.985786,1.904310,-0.081476,-4.1030
QAV,R$/litro,2020-12-11,1.986393,1.896880,-0.089513,-4.5063
QAV,R$/litro,2020-12-18,2.072124,1.916510,-0.155614,-7.5099
QAV,R$/litro,2020-12-24,2.149868,1.895910,-0.253958,-11.8127
QAV,R$/litro,2020-12-31,2.151299,1.998550,-0.152749,-7.1003
QAV,R$/litro,2021-01-08,2.198583,2.102730,-0.095853,-4.3598
QAV,R$/litro,2021-01-15,2.328805,2.110410,-0.218395,-9.3780
QAV,R$/litro,2021-01-22,2.339962,2.112270,-0.227692,-9.7306
QAV,R$/litro,2021-01-29,2.319584,2.128520,-0.191064,-8.2370
QAV,R$/litro,2021-02-05,2.401971,2.293280,-0.108691,-4.5251
QAV,R$/litro,2021-02-12,2.508700,2.274620,-0.234080,-9.3307
QAV,R$/litro,2021-02-19,2.628593,2.293040,-0.335553,-12.7655
QAV,R$/litro,2021-02-26,2.752671,2.278950,-0.473721,-17.2095
QAV,R$/litro,2021-03-05,2.788366,2.538300,-0.250066,-8.9682
QAV,R$/litro,2021-03-12,2.874022,2.526980,-0.347042,-12.0751
QAV,R$/litro,2021-03-19,2.800287,2.542620,-0.257667,-9.2014
QAV,R$/litro,2021-03-26,2.646350,2.529570,-0.116780,-4.4129
QAV,R$/litro,2021-04-01,2.720326,2.656070,-0.064256,-2.3621
QAV,R$/litro,2021-04-09,2.684682,2.809000,0.124318,4.6307
QAV,R$/litro,2021-04-16,2.767564,2.835460,0.067896,2.4533
QAV,R$/litro,2021-04-23,2.730475,2.817770,0.087295,3.1971
QAV,R$/litro,2021-04-30,2.702828,2.791800,0.088971,3.2918
QAV,R$/litro,2021-05-07,2.739109,2.754220,0.015111,0.5517
QAV,R$/litro,2021-05-14,2.799889,2.767290,-0.032599,-1.1643
QAV,R$/litro,2021-05-21,2.718677,2.759260,0.040583,1.4928
QAV,R$/litro,2021-05-28,2.715872,2.783480,0.067608,2.4894
QAV,R$/litro,2021-06-04,2.681177,2.784090,0.102913,3.8383
QAV,R$/litro,2021-06-11,2.725269,2.777070,0.051801,1.9008
QAV,R$/litro,2021-06-18,2.771457,2.790050,0.018593,0.6709
QAV,R$/litro,2021-06-25,2.744806,2.786470,0.041664,1.5179
QAV,R$/litro,2021-07-02,2.776870,2.809660,0.032790,1.1808
QAV,R$/litro,2021-07-09,2.895144,2.799610,-0.095534,-3.2998
QAV,R$/litro,2021-07-16,2.871050,2.817820,-0.053230,-1.8540
QAV,R$/litro,2021-07-23,2.794528,2.817280,0.022752,0.8142
QAV,R$/litro,2021-07-30,2.882201,2.837360,-0.044841,-1.5558
QAV,R$/litro,2021-08-06,2.834461,2.886930,0.052469,1.8511
QAV,R$/litro,2021-08-13,2.789516,2.886990,0.097474,3.4943
QAV,R$/litro,2021-08-20,2.778769,2.888180,0.109411,3.9374
QAV,R$/litro,2021-08-27,2.788085,2.883560,0.095475,3.4244
QAV,R$/litro,2021-09-03,2.883283,2.865120,-0.018163,-0.6299
QAV,R$/litro,2021-09-10,2.927160,2.862010,-0.065150,-2.2257
QAV,R$/litro,2021-09-17,3.009247,2.869340,-0.139907,-4.6492
QAV,R$/litro,2021-09-24,3.083300,2.859690,-0.223610,-7.2523
QAV,R$/litro,2021-10-01,3.304822,2.934530,-0.370292,-11.2046
QAV,R$/litro,2021-10-08,3.517083,3.005180,-0.511903,-14.5548
QAV,R$/litro,2021-10-15,3.629711,3.017630,-0.612081,-16.8631
QAV,R$/litro,2021-10-22,3.736475,3.003530,-0.732945,-19.6160
QAV,R$/litro,2021-10-29,3.733900,3.104170,-0.629730,-16.8652
QAV,R$/litro,2021-11-05,3.743184,3.598650,-0.144534,-3.8613
QAV,R$/litro,2021-11-12,3.645008,3.556220,-0.088788,-2.4359
QAV,R$/litro,2021-11-19,3.558312,3.603670,0.045358,1.2747
QAV,R$/litro,2021-11-24,3.528647,3.589890,0.061243,1.7356
QAV,R$/litro,2021-12-03,3.271739,3.674830,0.403091,12.3204
QAV,R$/litro,2021-12-10,3.398177,3.690890,0.292713,8.6138
QAV,R$/litro,2021-12-17,3.508132,3.704560,0.196428,5.5992
QAV,R$/litro,2021-12-23,3.487222,3.685600,0.198378,5.6887
QAV,R$/litro,2021-12-30,3.601207,3.709730,0.108523,3.0135
QAV,R$/litro,2022-01-07,3.716764,3.441440,-0.275324,-7.4076
QAV,R$/litro,2022-01-14,3.864658,3.459010,-0.405648,-10.4963
QAV,R$/litro,2022-01-21,3.955229,3.455790,-0.499439,-12.6273
QAV,R$/litro,2022-01-28,3.883650,3.461550,-0.422100,-10.8686
QAV,R$/litro,2022-02-04,3.942405,3.792590,-0.149815,-3.8001
QAV,R$/litro,2022-02-11,4.071752,3.855940,-0.215812,-5.3002
QAV,R$/litro,2022-02-18,4.012431,3.867650,-0.144781,-3.6083
QAV,R$/litro,2022-02-25,3.914750,3.863870,-0.050880,-1.2997
QAV,R$/litro,2022-03-04,4.468597,3.987650,-0.480947,-10.7628
QAV,R$/litro,2022-03-11,5.073643,4.019000,-1.054643,-20.7867
QAV,R$/litro,2022-03-18,4.545988,3.979770,-0.566218,-12.4553
QAV,R$/litro,2022-03-25,5.040213,3.978640,-1.061573,-21.0621
QAV,R$/litro,2022-04-01,5.087180,4.286610,-0.800571,-15.7370
QAV,R$/litro,2022-04-08,5.169918,4.729880,-0.440038,-8.5115
QAV,R$/litro,2022-04-14,5.071565,4.714690,-0.356875,-7.0368
QAV,R$/litro,2022-04-22,5.379275,4.729740,-0.649535,-12.0748
QAV,R$/litro,2022-04-29,5.701694,4.758880,-0.942814,-16.5357
QAV,R$/litro,2022-05-06,6.247569,5.045320,-1.202249,-19.2435
QAV,R$/litro,2022-05-13,6.019438,5.065180,-0.954258,-15.8529
QAV,R$/litro,2022-05-20,5.339368,5.032050,-0.307318,-5.7557
QAV,R$/litro,2022-05-27,5.029460,5.060810,0.031350,0.6233
QAV,R$/litro,2022-06-03,5.353475,5.468930,0.115455,2.1566
QAV,R$/litro,2022-06-10,5.807035,5.622080,-0.184955,-3.1850
QAV,R$/litro,2022-06-17,6.266474,5.630140,-0.636334,-10.1546
QAV,R$/litro,2022-06-24,6.328467,5.610500,-0.717967,-11.3450
QAV,R$/litro,2022-07-01,6.047463,5.711860,-0.335603,-5.5495
QAV,R$/litro,2022-07-08,5.556037,5.837410,0.281373,5.0643
QAV,R$/litro,2022-07-15,5.653586,5.820280,0.166694,2.9485
QAV,R$/litro,2022-07-22,5.548065,5.838590,0.290525,5.2365
QAV,R$/litro,2022-07-29,5.380134,5.829640,0.449506,8.3549
QAV,R$/litro,2022-08-05,5.168990,5.672670,0.503680,9.7443
QAV,R$/litro,2022-08-12,4.760697,5.684930,0.924233,19.4138
QAV,R$/litro,2022-08-19,4.894699,5.669010,0.774311,15.8194
QAV,R$/litro,2022-08-26,5.211458,5.750890,0.539432,10.3509
QAV,R$/litro,2022-09-02,5.112596,5.294590,0.181994,3.5597
QAV,R$/litro,2022-09-09,5.031520,5.029780,-0.001740,-0.0346
QAV,R$/litro,2022-09-16,4.980427,5.080940,0.100513,2.0182
QAV,R$/litro,2022-09-23,4.825977,5.096670,0.270693,5.6091
QAV,R$/litro,2022-09-30,5.236285,5.095350,-0.140935,-2.6915
QAV,R$/litro,2022-10-07,5.286854,5.032610,-0.254244,-4.8090
QAV,R$/litro,2022-10-14,5.622343,5.035720,-0.586623,-10.4338
QAV,R$/litro,2022-10-21,5.352089,5.058100,-0.293989,-5.4930
QAV,R$/litro,2022-10-28,5.300005,5.056080,-0.243925,-4.6024
QAV,R$/litro,2022-11-04,5.086157,5.324750,0.238593,4.6910
QAV,R$/litro,2022-11-11,5.053638,5.325220,0.271582,5.3740
QAV,R$/litro,2022-11-18,5.091505,5.401030,0.309526,6.0793
QAV,R$/litro,2022-11-25,4.914208,5.417840,0.503632,10.2485
QAV,R$/litro,2022-12-02,4.503858,5.216550,0.712692,15.8240
QAV,R$/litro,2022-12-09,4.262669,5.077900,0.815231,19.1249
QAV,R$/litro,2022-12-16,4.551271,5.031670,0.480399,10.5553
QAV,R$/litro,2022-12-23,4.468541,5.088980,0.620439,13.8846
QAV,R$/litro,2022-12-30,5.008496,4.455400,-0.553096,-11.0432
QAV,R$/litro,2023-01-06,5.070226,4.553050,-0.517176,-10.2003
QAV,R$/litro,2023-01-13,5.141428,4.576960,-0.564468,-10.9788
QAV,R$/litro,2023-01-20,5.423047,4.531540,-0.891507,-16.4392
QAV,R$/litro,2023-01-27,5.492766,4.534010,-0.958756,-17.4549
QAV,R$/litro,2023-02-03,4.551009,5.029930,0.478921,10.5234
QAV,R$/litro,2023-02-10,4.330606,5.273500,0.942894,21.7728
QAV,R$/litro,2023-02-17,4.357682,5.351470,0.993788,22.8054
QAV,R$/litro,2023-02-24,4.281200,5.300180,1.018980,23.8013
QAV,R$/litro,2023-03-03,4.578082,4.753010,0.174928,3.8210
QAV,R$/litro,2023-03-10,4.427376,4.582540,0.155164,3.5047
QAV,R$/litro,2023-03-17,4.080340,4.560750,0.480410,11.7738
QAV,R$/litro,2023-03-24,3.970684,4.551040,0.580356,14.6160
QAV,R$/litro,2023-03-31,3.932084,4.447160,0.515076,13.0993
QAV,R$/litro,2023-04-07,3.912277,4.326290,0.414013,10.5824
QAV,R$/litro,2023-04-14,3.761482,4.333410,0.571928,15.2049
QAV,R$/litro,2023-04-21,3.516996,4.297170,0.780174,22.1830
QAV,R$/litro,2023-04-28,3.334689,4.318240,0.983551,29.4945
QAV,R$/litro,2023-05-05,3.208964,3.860160,0.651196,20.2930
QAV,R$/litro,2023-05-12,3.279015,3.860470,0.581455,17.7326
QAV,R$/litro,2023-05-19,3.264870,3.856920,0.592050,18.1340
QAV,R$/litro,2023-05-26,3.324952,3.829900,0.504948,15.1866
QAV,R$/litro,2023-06-02,3.284257,3.595920,0.311663,9.4896
QAV,R$/litro,2023-06-09,3.346554,3.396260,0.049706,1.4853
QAV,R$/litro,2023-06-16,3.235258,3.374790,0.139532,4.3129
QAV,R$/litro,2023-06-23,3.297751,3.325170,0.027419,0.8314
QAV,R$/litro,2023-06-30,3.263372,3.343770,0.080398,2.4637
QAV,R$/litro,2023-07-07,3.400852,3.438820,0.037968,1.1164
QAV,R$/litro,2023-07-14,3.466422,3.451640,-0.014782,-0.4264
QAV,R$/litro,2023-07-21,3.552895,3.410440,-0.142455,-4.0095
QAV,R$/litro,2023-07-28,3.763958,3.405970,-0.357988,-9.5109
QAV,R$/litro,2023-08-04,4.096401,3.560160,-0.536241,-13.0905
QAV,R$/litro,2023-08-11,4.280817,3.577840,-0.702977,-16.4216
QAV,R$/litro,2023-08-18,4.397829,3.506030,-0.891799,-20.2782
QAV,R$/litro,2023-08-25,4.441393,3.552840,-0.888553,-20.0062
QAV,R$/litro,2023-09-01,4.419962,3.920530,-0.499432,-11.2995
QAV,R$/litro,2023-09-08,4.431520,4.286770,-0.144750,-3.2664
QAV,R$/litro,2023-09-15,4.513257,4.279920,-0.233337,-5.1700
QAV,R$/litro,2023-09-22,4.431028,4.287180,-0.143848,-3.2464
QAV,R$/litro,2023-09-29,4.536061,4.305740,-0.230321,-5.0775
QAV,R$/litro,2023-10-06,4.448478,4.450990,0.002512,0.0565
QAV,R$/litro,2023-10-13,4.264479,4.473840,0.209361,4.9094
QAV,R$/litro,2023-10-20,4.279235,4.502840,0.223605,5.2254
QAV,R$/litro,2023-10-27,4.178252,4.478590,0.300338,7.1881
QAV,R$/litro,2023-11-03,4.253893,4.437070,0.183177,4.3061
QAV,R$/litro,2023-11-10,4.105113,4.395840,0.290727,7.0821
QAV,R$/litro,2023-11-17,4.096485,4.339400,0.242915,5.9298
QAV,R$/litro,2023-11-24,3.900137,4.415000,0.514863,13.2012
QAV,R$/litro,2023-12-01,3.912395,4.398820,0.486425,12.4329
QAV,R$/litro,2023-12-08,3.676332,4.121480,0.445148,12.1085
QAV,R$/litro,2023-12-15,3.533420,4.084100,0.550680,15.5849
QAV,R$/litro,2023-12-22,3.712267,4.172970,0.460703,12.4103
QAV,R$/litro,2023-12-29,3.602810,4.062140,0.459330,12.7492
QAV,R$/litro,2024-01-05,3.556121,3.749700,0.193579,5.4436
QAV,R$/litro,2024-01-12,3.735317,3.696790,-0.038527,-1.0314
QAV,R$/litro,2024-01-19,3.829246,3.751710,-0.077536,-2.0248
QAV,R$/litro,2024-01-26,3.860545,3.758240,-0.102305,-2.6500
QAV,R$/litro,2024-02-02,3.998732,3.742070,-0.256662,-6.4186
QAV,R$/litro,2024-02-09,4.025858,3.676390,-0.349468,-8.6806
QAV,R$/litro,2024-02-16,4.142348,3.745530,-0.396818,-9.5795
QAV,R$/litro,2024-02-23,3.964852,3.739010,-0.225842,-5.6961
QAV,R$/litro,2024-03-01,3.883513,3.810780,-0.072733,-1.8729
QAV,R$/litro,2024-03-08,3.907326,4.021870,0.114544,2.9315
QAV,R$/litro,2024-03-15,3.986784,3.974090,-0.012694,-0.3184
QAV,R$/litro,2024-03-22,4.023373,4.051640,0.028267,0.7026
QAV,R$/litro,2024-03-29,3.933715,4.055080,0.121365,3.0853
QAV,R$/litro,2024-04-05,4.117794,3.991370,-0.126424,-3.0702
QAV,R$/litro,2024-04-12,4.146079,3.923650,-0.222429,-5.3648
QAV,R$/litro,2024-04-19,4.106459,3.986610,-0.119849,-2.9185
QAV,R$/litro,2024-04-26,3.882807,3.990530,0.107723,2.7744
QAV,R$/litro,2024-05-03,3.790796,4.056770,0.265974,7.0163
QAV,R$/litro,2024-05-10,3.755017,4.029140,0.274123,7.3002
QAV,R$/litro,2024-05-17,3.688327,4.042060,0.353733,9.5906
QAV,R$/litro,2024-05-24,3.731092,4.098900,0.367808,9.8579
QAV,R$/litro,2024-05-31,3.823901,4.009760,0.185859,4.8604
QAV,R$/litro,2024-06-07,3.741771,3.752520,0.010749,0.2873
QAV,R$/litro,2024-06-14,3.860092,3.809110,-0.050982,-1.3207
QAV,R$/litro,2024-06-21,4.125195,3.755930,-0.369265,-8.9515
QAV,R$/litro,2024-06-28,4.213639,3.799750,-0.413889,-9.8226
QAV,R$/litro,2024-07-05,4.381920,3.862100,-0.519820,-11.8628
QAV,R$/litro,2024-07-12,4.108959,3.915460,-0.193499,-4.7092
QAV,R$/litro,2024-07-19,4.109779,3.862340,-0.247439,-6.0207
QAV,R$/litro,2024-07-26,4.066458,3.924930,-0.141528,-3.4804
QAV,R$/litro,2024-08-02,3.935093,3.979840,0.044747,1.1371
QAV,R$/litro,2024-08-09,3.762149,4.160930,0.398781,10.5998
QAV,R$/litro,2024-08-16,3.686922,4.188360,0.501438,13.6004
QAV,R$/litro,2024-08-23,3.593360,4.131190,0.537830,14.9673
QAV,R$/litro,2024-08-30,3.610529,4.155610,0.545081,15.0970
QAV,R$/litro,2024-09-06,3.505537,3.808840,0.303303,8.6521
QAV,R$/litro,2024-09-13,3.346877,3.846570,0.499693,14.9301
QAV,R$/litro,2024-09-20,3.274666,3.786050,0.511384,15.6164
QAV,R$/litro,2024-09-27,3.366689,3.815920,0.449231,13.3434
QAV,R$/litro,2024-10-04,3.418491,3.547470,0.128979,3.7730
QAV,R$/litro,2024-10-11,3.731098,3.524050,-0.207048,-5.5493
QAV,R$/litro,2024-10-18,3.570353,3.488400,-0.081953,-2.2954
QAV,R$/litro,2024-10-25,3.513008,3.494900,-0.018108,-0.5155
QAV,R$/litro,2024-11-01,3.561094,3.556860,-0.004234,-0.1189
QAV,R$/litro,2024-11-08,3.681179,3.536970,-0.144209,-3.9175
QAV,R$/litro,2024-11-15,3.583418,3.618690,0.035272,0.9843
QAV,R$/litro,2024-11-22,3.647105,3.521460,-0.125645,-3.4451
QAV,R$/litro,2024-11-29,3.727181,3.604360,-0.122821,-3.2953
QAV,R$/litro,2024-12-06,3.782980,3.703060,-0.079920,-2.1126
QAV,R$/litro,2024-12-13,3.902135,3.638430,-0.263705,-6.7580
QAV,R$/litro,2024-12-20,4.045791,3.695750,-0.350041,-8.6520
QAV,R$/litro,2024-12-27,4.026556,3.644440,-0.382116,-9.4899
QAV,R$/litro,2025-01-03,4.138231,3.860450,-0.277781,-6.7126
QAV,R$/litro,2025-01-10,4.134869,3.886770,-0.248099,-6.0002
QAV,R$/litro,2025-01-17,4.288961,3.944170,-0.344791,-8.0390
QAV,R$/litro,2025-01-24,4.186207,3.870190,-0.316017,-7.5490
QAV,R$/litro,2025-01-31,3.977562,4.036940,0.059378,1.4928
QAV,R$/litro,2025-02-07,3.958810,4.171130,0.212320,5.3632
QAV,R$/litro,2025-02-14,3.901757,4.247990,0.346233,8.8738
QAV,R$/litro,2025-02-21,3.827946,4.175280,0.347334,9.0736
QAV,R$/litro,2025-02-28,3.758744,4.194240,0.435496,11.5862
QAV,R$/litro,2025-03-07,3.711590,3.939500,0.227910,6.1405
QAV,R$/litro,2025-03-14,3.530488,3.987870,0.457382,12.9552
QAV,R$/litro,2025-03-21,3.539349,3.937830,0.398481,11.2586
QAV,R$/litro,2025-03-28,3.725634,3.975770,0.250136,6.7139
QAV,R$/litro,2025-04-04,3.790954,3.744360,-0.046594,-1.2291
QAV,R$/litro,2025-04-11,3.553979,3.653270,0.099291,2.7938
QAV,R$/litro,2025-04-18,3.514793,3.673180,0.158387,4.5063
QAV,R$/litro,2025-04-25,3.438071,3.621640,0.183569,5.3393
QAV,R$/litro,2025-05-02,3.343978,3.688530,0.344552,10.3037
QAV,R$/litro,2025-05-09,3.235277,3.678660,0.443383,13.7046
QAV,R$/litro,2025-05-16,3.373475,3.639880,0.266405,7.8971
QAV,R$/litro,2025-05-23,3.331684,3.635270,0.303586,9.1121
QAV,R$/litro,2025-05-30,3.308112,3.642160,0.334048,10.0979
QAV,R$/litro,2025-06-06,3.252207,3.406920,0.154713,4.7572
QAV,R$/litro,2025-06-13,3.343632,3.402590,0.058958,1.7633
QAV,R$/litro,2025-06-20,3.703100,3.352940,-0.350160,-9.4559
QAV,R$/litro,2025-06-27,3.672233,3.344550,-0.327683,-8.9233
QAV,R$/litro,2025-07-04,3.538292,3.436620,-0.101672,-2.8735
QAV,R$/litro,2025-07-11,3.575122,3.493460,-0.081662,-2.2842
QAV,R$/litro,2025-07-18,3.629899,3.491070,-0.138829,-3.8246
QAV,R$/litro,2025-07-25,3.633263,3.448790,-0.184473,-5.0773
QAV,R$/litro,2025-08-01,3.624412,3.560950,-0.063462,-1.7510
QAV,R$/litro,2025-08-08,3.433675,3.613070,0.179395,5.2246
QAV,R$/litro,2025-08-15,3.306655,3.665320,0.358665,10.8468
QAV,R$/litro,2025-08-22,3.404882,3.615620,0.210738,6.1893
QAV,R$/litro,2025-08-29,3.505939,3.660830,0.154891,4.4180
QAV,R$/litro,2025-09-05,3.492575,3.518300,0.025725,0.7366
QAV,R$/litro,2025-09-12,3.444455,3.478620,0.034165,0.9919
QAV,R$/litro,2025-09-19,3.421408,3.531220,0.109812,3.2096
QAV,R$/litro,2025-09-26,3.483020,3.489850,0.006830,0.1961
QAV,R$/litro,2025-10-03,3.568842,3.528800,-0.040042,-1.1220
QAV,R$/litro,2025-10-10,3.505869,3.554850,0.048982,1.3971
QAV,R$/litro,2025-10-17,3.525980,3.483830,-0.042150,-1.1954
QAV,R$/litro,2025-10-24,3.450390,3.550880,0.100490,2.9124
QAV,R$/litro,2025-10-31,3.654488,3.509480,-0.145008,-3.9680
QAV,R$/litro,2025-11-07,3.602355,3.583280,-0.019075,-0.5295
QAV,R$/litro,2025-11-14,3.623117,3.594710,-0.028407,-0.7840
QAV,R$/litro,2025-11-21,3.675094,3.574170,-0.100924,-2.7462
QAV,R$/litro,2025-11-28,3.548737,3.597480,0.048743,1.3735
QAV,R$/litro,2025-12-05,3.375294,3.656730,0.281436,8.3381
QAV,R$/litro,2025-12-12,3.334259,3.654860,0.320601,9.6154
QAV,R$/litro,2025-12-19,3.212717,3.670530,0.457813,14.2500
QAV,R$/litro,2025-12-26,3.273968,3.706510,0.432542,13.2115
QAV,R$/litro,2026-01-02,3.244075,3.561320,0.317245,9.7792
QAV,R$/litro,2026-01-09,3.160713,3.384700,0.223987,7.0866
QAV,R$/litro,2026-01-16,3.358259,3.405170,0.046911,1.3969
QAV,R$/litro,2026-01-23,3.396358,3.361370,-0.034988,-1.0302
QAV,R$/litro,2026-01-30,3.556684,3.398850,-0.157834,-4.4377
QAV,R$/litro,2026-02-06,3.698044,3.417530,-0.280514,-7.5855
QAV,R$/litro,2026-02-13,3.592089,3.336170,-0.255919,-7.1245
QAV,R$/litro,2026-02-20,3.640445,3.353930,-0.286515,-7.8703
QAV,R$/litro,2026-02-27,3.668024,3.359040,-0.308984,-8.4237
QAV,R$/litro,2026-03-06,5.095826,3.683380,-1.412446,-27.7177
QAV,R$/litro,2026-03-13,6.051033,3.682170,-2.368863,-39.1481
QAV,R$/litro,2026-03-20,6.613492,3.627590,-2.985902,-45.1486
QAV,R$/litro,2026-03-27,7.013544,3.653890,-3.359654,-47.9024
QAV,R$/litro,2026-04-03,7.212441,4.929590,-2.282851,-31.6516
QAV,R$/litro,2026-04-10,7.116140,5.494010,-1.622130,-22.7951
QAV,R$/litro,2026-04-17,6.305532,5.626680,-0.678852,-10.7660
QAV,R$/litro,2026-04-24,6.015030,5.533840,-0.481191,-7.9998
QAV,R$/litro,2026-05-01,6.219957,5.994950,-0.225007,-3.6175
QAV,R$/litro,2026-05-08,5.598228,6.654120,1.055892,18.8612
QAV,R$/litro,2026-05-15,5.507173,6.512510,1.005337,18.2550
QAV,R$/litro,2026-05-22,5.470412,6.637000,1.166588,21.3254
QAV,R$/litro,2026-05-29,5.006638,6.498060,1.491422,29.7889
QAV,R$/litro,2026-06-05,5.232199,5.691290,0.459091,8.7743
QAV,R$/litro,2026-06-12,5.128543,5.617080,0.488537,9.5259
QAV,R$/litro,2026-06-19,4.452648,5.716200,1.263552,28.3775
QAV,R$/litro,2026-06-26,4.301197,5.603320,1.302123,30.2735
QAV,R$/litro,2026-07-03,4.433476,5.029580,0.596104,13.4455
QAV,R$/litro,2026-07-10,4.619674,4.793550,0.173876,3.7638
QAV,R$/litro,2026-07-17,5.269408,4.873950,-0.395458,-7.5048
GLP,R$/13kg,2018-11-09,24.244532,30.168710,5.924178,24.4351
GLP,R$/13kg,2018-11-16,22.607924,30.374890,7.766966,34.3551
GLP,R$/13kg,2018-11-21,23.170806,30.328220,7.157414,30.8898
GLP,R$/13kg,2018-11-30,21.645559,29.619200,7.973641,36.8373
GLP,R$/13kg,2018-12-07,22.464000,29.510130,7.046130,31.3663
GLP,R$/13kg,2018-12-14,21.736000,29.507790,7.771790,35.7554
GLP,R$/13kg,2018-12-21,20.619200,29.287310,8.668110,42.0390
GLP,R$/13kg,2018-12-28,20.232730,29.045900,8.813170,43.5590
GLP,R$/13kg,2019-01-04,19.655800,29.135600,9.479800,48.2290
GLP,R$/13kg,2019-01-11,19.445507,28.901210,9.455704,48.6267
GLP,R$/13kg,2019-01-18,20.510024,28.762630,8.252606,40.2369
GLP,R$/13kg,2019-01-25,20.816250,28.840890,8.024640,38.5499
GLP,R$/13kg,2019-02-01,20.347136,28.759120,8.411984,41.3423
GLP,R$/13kg,2019-02-08,19.979945,28.952560,8.972615,44.9081
GLP,R$/13kg,2019-02-15,19.864000,28.722980,8.858980,44.5982
GLP,R$/13kg,2019-02-22,21.617408,28.775890,7.158482,33.1144
GLP,R$/13kg,2019-03-01,21.379581,28.691910,7.312329,34.2024
GLP,R$/13kg,2019-03-08,21.277197,28.823080,7.545883,35.4647
GLP,R$/13kg,2019-03-15,21.577369,28.955420,7.378051,34.1935
GLP,R$/13kg,2019-03-22,21.632000,29.203070,7.571070,34.9994
GLP,R$/13kg,2019-03-29,21.584224,29.280810,7.696586,35.6584
GLP,R$/13kg,2019-04-05,21.380078,29.126240,7.746161,36.2307
GLP,R$/13kg,2019-04-12,21.821799,29.226600,7.404801,33.9330
GLP,R$/13kg,2019-04-18,22.354485,29.237520,6.883035,30.7904
GLP,R$/13kg,2019-04-26,22.561257,29.613350,7.052093,31.2575
GLP,R$/13kg,2019-05-03,22.782500,29.779880,6.997380,30.7138
GLP,R$/13kg,2019-05-10,21.043750,30.361240,9.317490,44.2768
GLP,R$/13kg,2019-05-17,21.825404,30.448600,8.623196,39.5099
GLP,R$/13kg,2019-05-24,21.322575,30.586530,9.263955,43.4467
GLP,R$/13kg,2019-05-31,20.540510,30.421040,9.880530,48.1027
GLP,R$/13kg,2019-06-07,17.732000,30.467450,12.735450,71.8218
GLP,R$/13kg,2019-06-14,16.718000,30.498780,13.780780,82.4308
GLP,R$/13kg,2019-06-21,17.693000,30.495660,12.802660,72.3600
GLP,R$/13kg,2019-06-28,18.459400,30.407000,11.947600,64.7237
GLP,R$/13kg,2019-07-05,18.256500,30.351620,12.095120,66.2510
GLP,R$/13kg,2019-07-12,17.862000,30.435210,12.573210,70.3908
GLP,R$/13kg,2019-07-19,17.907800,30.448210,12.540410,70.0276
GLP,R$/13kg,2019-07-26,16.268250,29.845920,13.577670,83.4612
GLP,R$/13kg,2019-08-02,17.537000,29.557970,12.020970,68.5463
GLP,R$/13kg,2019-08-09,17.095000,26.768950,9.673950,56.5894
GLP,R$/13kg,2019-08-16,16.887000,26.965120,10.078120,59.6798
GLP,R$/13kg,2019-08-23,16.952000,26.916110,9.964110,58.7784
GLP,R$/13kg,2019-08-30,18.343000,26.994890,8.651890,47.1673
GLP,R$/13kg,2019-09-06,18.304000,26.811070,8.507070,46.4766
GLP,R$/13kg,2019-09-13,18.395000,26.917410,8.522410,46.3300
GLP,R$/13kg,2019-09-20,19.474000,26.949260,7.475260,38.3858
GLP,R$/13kg,2019-09-27,20.644000,26.859040,6.215040,30.1058
GLP,R$/13kg,2019-10-04,20.410000,26.824460,6.414460,31.4280
GLP,R$/13kg,2019-10-11,21.333000,26.968630,5.635630,26.4174
GLP,R$/13kg,2019-10-18,21.723000,26.808730,5.085730,23.4117
GLP,R$/13kg,2019-10-25,21.463000,27.754480,6.291480,29.3131
GLP,R$/13kg,2019-11-01,21.996000,27.951950,5.955950,27.0774
GLP,R$/13kg,2019-11-08,22.204000,27.876160,5.672160,25.5457
GLP,R$/13kg,2019-11-15,24.115000,28.009540,3.894540,16.1499
GLP,R$/13kg,2019-11-22,24.336000,27.973790,3.637790,14.9482
GLP,R$/13kg,2019-11-29,24.745500,28.767830,4.022330,16.2548
GLP,R$/13kg,2019-12-06,24.128000,28.612220,4.484220,18.5851
GLP,R$/13kg,2019-12-13,23.946000,28.729220,4.783220,19.9750
GLP,R$/13kg,2019-12-20,25.441000,28.694770,3.253770,12.7895
GLP,R$/13kg,2019-12-27,25.564500,29.241680,3.677180,14.3839
GLP,R$/13kg,2020-01-03,25.317500,30.052230,4.734730,18.7014
GLP,R$/13kg,2020-01-10,24.505000,29.935750,5.430750,22.1618
GLP,R$/13kg,2020-01-17,25.428000,29.956940,4.528940,17.8108
GLP,R$/13kg,2020-01-24,24.544000,30.021810,5.477810,22.3183
GLP,R$/13kg,2020-01-31,22.919000,29.938090,7.019090,30.6256
GLP,R$/13kg,2020-02-07,21.099000,29.657290,8.558290,40.5625
GLP,R$/13kg,2020-02-14,20.514000,29.013010,8.499010,41.4303
GLP,R$/13kg,2020-02-21,22.054500,28.966340,6.911840,31.3398
GLP,R$/13kg,2020-02-28,21.632000,29.017300,7.385300,34.1406
GLP,R$/13kg,2020-03-06,21.177000,29.072680,7.895680,37.2842
GLP,R$/13kg,2020-03-13,18.759000,29.096210,10.337210,55.1053
GLP,R$/13kg,2020-03-20,16.822000,28.298140,11.476140,68.2210
GLP,R$/13kg,2020-03-27,14.183000,27.031420,12.848420,90.5903
GLP,R$/13kg,2020-04-03,14.833000,24.339770,9.506770,64.0920
GLP,R$/13kg,2020-04-09,16.659500,24.021400,7.361900,44.1904
GLP,R$/13kg,2020-04-17,19.058000,23.972130,4.914130,25.7851
GLP,R$/13kg,2020-04-24,20.839000,24.109930,3.270930,15.6962
GLP,R$/13kg,2020-05-01,19.760000,24.108760,4.348760,22.0079
GLP,R$/13kg,2020-05-08,19.864000,24.061960,4.197960,21.1335
GLP,R$/13kg,2020-05-15,21.424000,24.073530,2.649530,12.3671
GLP,R$/13kg,2020-05-22,22.308000,24.383710,2.075710,9.3048
GLP,R$/13kg,2020-05-29,20.969000,25.099490,4.130490,19.6981
GLP,R$/13kg,2020-06-05,21.541000,25.726220,4.185220,19.4291
GLP,R$/13kg,2020-06-12,20.969000,26.343460,5.374460,25.6305
GLP,R$/13kg,2020-06-19,21.710000,26.778440,5.068440,23.3461
GLP,R$/13kg,2020-06-26,21.814000,27.531140,5.717140,26.2086
GLP,R$/13kg,2020-07-02,21.859500,27.592370,5.732870,26.2260
GLP,R$/13kg,2020-07-10,22.048000,27.528670,5.480670,24.8579
GLP,R$/13kg,2020-07-17,22.347000,27.599650,5.252650,23.5049
GLP,R$/13kg,2020-07-24,22.841000,28.273570,5.432570,23.7843
GLP,R$/13kg,2020-07-31,23.166000,28.828020,5.662020,24.4411
GLP,R$/13kg,2020-08-07,24.752000,28.810080,4.058080,16.3950
GLP,R$/13kg,2020-08-14,24.973000,29.450070,4.477070,17.9276
GLP,R$/13kg,2020-08-21,25.506000,29.995680,4.489680,17.6024
GLP,R$/13kg,2020-08-28,25.701000,30.538170,4.837170,18.8209
GLP,R$/13kg,2020-09-04,24.999000,31.445310,6.446310,25.7863
GLP,R$/13kg,2020-09-11,23.517000,31.385900,7.868900,33.4605
GLP,R$/13kg,2020-09-18,25.194000,31.409430,6.215430,24.6703
GLP,R$/13kg,2020-09-25,26.338000,31.404360,5.066360,19.2359
GLP,R$/13kg,2020-10-02,26.754000,31.473130,4.719130,17.6390
GLP,R$/13kg,2020-10-09,27.053000,31.404490,4.351490,16.0851
GLP,R$/13kg,2020-10-16,28.951000,31.444270,2.493270,8.6120
GLP,R$/13kg,2020-10-23,29.744000,32.703060,2.959060,9.9484
GLP,R$/13kg,2020-10-30,30.225000,32.897020,2.672020,8.8404
GLP,R$/13kg,2020-11-06,30.979000,34.208330,3.229330,10.4243
GLP,R$/13kg,2020-11-13,30.914000,34.596900,3.682900,11.9134
GLP,R$/13kg,2020-11-20,29.900000,34.587930,4.687930,15.6787
GLP,R$/13kg,2020-11-25,30.836000,34.615880,3.779880,12.2580
GLP,R$/13kg,2020-12-04,31.447000,35.337900,3.890900,12.3729
GLP,R$/13kg,2020-12-11,31.772000,36.302110,4.530110,14.2582
GLP,R$/13kg,2020-12-18,33.306000,36.248160,2.942160,8.8337
GLP,R$/13kg,2020-12-24,35.750000,36.258430,0.508430,1.4222
GLP,R$/13kg,2020-12-31,37.687000,36.306530,-1.380470,-3.6630
GLP,R$/13kg,2021-01-08,39.299000,37.361350,-1.937650,-4.9305
GLP,R$/13kg,2021-01-15,41.678000,38.107420,-3.570580,-8.5671
GLP,R$/13kg,2021-01-22,40.287000,38.157860,-2.129140,-5.2849
GLP,R$/13kg,2021-01-29,38.779000,38.179960,-0.599040,-1.5448
GLP,R$/13kg,2021-02-05,37.089000,38.177750,1.088750,2.9355
GLP,R$/13kg,2021-02-12,36.452000,39.655980,3.203980,8.7896
GLP,R$/13kg,2021-02-19,39.214500,39.990860,0.776360,1.9798
GLP,R$/13kg,2021-02-26,39.936000,39.988520,0.052520,0.1315
GLP,R$/13kg,2021-03-05,41.457000,41.650570,0.193570,0.4669
GLP,R$/13kg,2021-03-12,40.482000,41.236780,0.754780,1.8645
GLP,R$/13kg,2021-03-19,39.559000,40.305070,0.746070,1.8860
GLP,R$/13kg,2021-03-26,38.506000,40.286870,1.780870,4.6249
GLP,R$/13kg,2021-04-01,41.119000,40.845870,-0.273130,-0.6642
GLP,R$/13kg,2021-04-09,40.625000,42.288220,1.663220,4.0941
GLP,R$/13kg,2021-04-16,36.660000,42.321110,5.661110,15.4422
GLP,R$/13kg,2021-04-23,34.294000,42.297840,8.003840,23.3389
GLP,R$/13kg,2021-04-30,36.010000,42.321890,6.311890,17.5282
GLP,R$/13kg,2021-05-07,35.438000,42.312140,6.874140,19.3977
GLP,R$/13kg,2021-05-14,34.606000,42.300050,7.694050,22.2333
GLP,R$/13kg,2021-05-21,35.529000,42.305510,6.776510,19.0732
GLP,R$/13kg,2021-05-28,36.569000,42.331510,5.762510,15.7579
GLP,R$/13kg,2021-06-04,36.959000,42.344770,5.385770,14.5723
GLP,R$/13kg,2021-06-11,37.934000,42.335410,4.401410,11.6028
GLP,R$/13kg,2021-06-18,38.337000,44.812560,6.475560,16.8911
GLP,R$/13kg,2021-06-25,39.247000,44.863910,5.616910,14.3117
GLP,R$/13kg,2021-07-02,41.717000,44.860660,3.143660,7.5357
GLP,R$/13kg,2021-07-09,44.492500,47.281650,2.789150,6.2688
GLP,R$/13kg,2021-07-16,43.511000,47.490820,3.979820,9.1467
GLP,R$/13kg,2021-07-23,43.420000,47.588060,4.168060,9.5994
GLP,R$/13kg,2021-07-30,44.252000,47.529820,3.277820,7.4072
GLP,R$/13kg,2021-08-06,44.863000,47.611850,2.748850,6.1272
GLP,R$/13kg,2021-08-13,45.565000,47.560500,1.995500,4.3795
GLP,R$/13kg,2021-08-20,47.853000,47.582990,-0.270010,-0.5642
GLP,R$/13kg,2021-08-27,45.981000,47.473270,1.492270,3.2454
GLP,R$/13kg,2021-09-03,47.255000,47.508630,0.253630,0.5367
GLP,R$/13kg,2021-09-10,49.049000,47.514090,-1.534910,-3.1293
GLP,R$/13kg,2021-09-17,50.687000,47.737950,-2.949050,-5.8182
GLP,R$/13kg,2021-09-24,53.547000,47.506030,-6.040970,-11.2816
GLP,R$/13kg,2021-10-01,57.018000,47.522670,-9.495330,-16.6532
GLP,R$/13kg,2021-10-08,60.970000,48.185410,-12.784590,-20.9687
GLP,R$/13kg,2021-10-15,60.502000,50.786970,-9.715030,-16.0574
GLP,R$/13kg,2021-10-22,62.062000,50.765000,-11.297000,-18.2028
GLP,R$/13kg,2021-10-29,60.073000,50.847940,-9.225060,-15.3564
GLP,R$/13kg,2021-11-05,60.775000,50.848460,-9.926540,-16.3333
GLP,R$/13kg,2021-11-12,59.761000,50.850540,-8.910460,-14.9102
GLP,R$/13kg,2021-11-19,54.223000,50.808940,-3.414060,-6.2963
GLP,R$/13kg,2021-11-24,52.585000,50.837410,-1.747590,-3.3234
GLP,R$/13kg,2021-12-03,50.284000,50.854310,0.570310,1.1342
GLP,R$/13kg,2021-12-10,47.060000,51.051390,3.991390,8.4815
GLP,R$/13kg,2021-12-17,50.349000,50.804780,0.455780,0.9052
GLP,R$/13kg,2021-12-23,48.951500,50.826490,1.874990,3.8303
GLP,R$/13kg,2021-12-30,51.291500,50.811670,-0.479830,-0.9355
GLP,R$/13kg,2022-01-07,53.417000,50.703900,-2.713100,-5.0791
GLP,R$/13kg,2022-01-14,54.444000,50.647740,-3.796260,-6.9728
GLP,R$/13kg,2022-01-21,52.734500,50.671140,-2.063360,-3.9127
GLP,R$/13kg,2022-01-28,52.728000,50.684920,-2.043080,-3.8748
GLP,R$/13kg,2022-02-04,54.509000,50.985870,-3.523130,-6.4634
GLP,R$/13kg,2022-02-11,51.311000,51.019410,-0.291590,-0.5683
GLP,R$/13kg,2022-02-18,51.454000,51.013170,-0.440830,-0.8567
GLP,R$/13kg,2022-02-25,53.774500,51.008750,-2.765750,-5.1432
GLP,R$/13kg,2022-03-04,56.602000,51.098450,-5.503550,-9.7232
GLP,R$/13kg,2022-03-11,60.242000,53.776970,-6.465030,-10.7318
GLP,R$/13kg,2022-03-18,53.716000,57.908630,4.192630,7.8052
GLP,R$/13kg,2022-03-25,54.301000,57.970770,3.669770,6.7582
GLP,R$/13kg,2022-04-01,53.417000,58.090760,4.673760,8.7496
GLP,R$/13kg,2022-04-08,49.465000,57.647850,8.182850,16.5427
GLP,R$/13kg,2022-04-14,49.322000,55.080480,5.758480,11.6753
GLP,R$/13kg,2022-04-22,50.362000,55.226860,4.864860,9.6598
GLP,R$/13kg,2022-04-29,51.350000,55.409250,4.059250,7.9051
GLP,R$/13kg,2022-05-06,51.714000,54.853890,3.139890,6.0716
GLP,R$/13kg,2022-05-13,51.350000,54.838160,3.488160,6.7929
GLP,R$/13kg,2022-05-20,49.101000,54.871960,5.770960,11.7532
GLP,R$/13kg,2022-05-27,47.502000,54.929290,7.427290,15.6357
GLP,R$/13kg,2022-06-03,48.587500,54.885740,6.298240,12.9627
GLP,R$/13kg,2022-06-10,49.101000,54.900820,5.799820,11.8120
GLP,R$/13kg,2022-06-17,49.361000,54.966210,5.605210,11.3555
GLP,R$/13kg,2022-06-24,49.809500,54.885090,5.075590,10.1900
GLP,R$/13kg,2022-07-01,50.271000,55.060850,4.789850,9.5281
GLP,R$/13kg,2022-07-08,50.284000,55.014570,4.730570,9.4077
GLP,R$/13kg,2022-07-15,49.036000,54.988310,5.952310,12.1387
GLP,R$/13kg,2022-07-22,48.425000,55.015350,6.590350,13.6094
GLP,R$/13kg,2022-07-29,46.657000,55.023410,8.366410,17.9317
GLP,R$/13kg,2022-08-05,45.188000,55.355820,10.167820,22.5012
GLP,R$/13kg,2022-08-12,43.043000,55.354260,12.311260,28.6022
GLP,R$/13kg,2022-08-19,43.316000,55.335150,12.019150,27.7476
GLP,R$/13kg,2022-08-26,44.044000,55.349320,11.305320,25.6682
GLP,R$/13kg,2022-09-02,44.213000,55.115450,10.902450,24.6589
GLP,R$/13kg,2022-09-09,43.355000,55.160690,11.805690,27.2303
GLP,R$/13kg,2022-09-16,42.393000,53.022710,10.629710,25.0742
GLP,R$/13kg,2022-09-23,40.599000,51.481430,10.882430,26.8047
GLP,R$/13kg,2022-09-30,38.961000,49.641410,10.680410,27.4131
GLP,R$/13kg,2022-10-07,38.272000,49.649860,11.377860,29.7289
GLP,R$/13kg,2022-10-14,37.843000,49.678070,11.835070,31.2741
GLP,R$/13kg,2022-10-21,36.582000,49.619180,13.037180,35.6382
GLP,R$/13kg,2022-10-28,38.285000,49.411830,11.126830,29.0632
GLP,R$/13kg,2022-11-04,39.364000,49.362690,9.998690,25.4006
GLP,R$/13kg,2022-11-11,42.133000,49.398440,7.265440,17.2441
GLP,R$/13kg,2022-11-18,43.199000,48.032920,4.833920,11.1899
GLP,R$/13kg,2022-11-25,41.795000,46.900620,5.105620,12.2159
GLP,R$/13kg,2022-12-02,39.884000,47.148400,7.264400,18.2138
GLP,R$/13kg,2022-12-09,38.805000,44.847400,6.042400,15.5712
GLP,R$/13kg,2022-12-16,39.663000,43.134000,3.471000,8.7512
GLP,R$/13kg,2022-12-23,36.842000,43.131140,6.289140,17.0706
GLP,R$/13kg,2022-12-30,36.452000,43.063410,6.611410,18.1373
GLP,R$/13kg,2023-01-06,37.492000,42.878940,5.386940,14.3682
GLP,R$/13kg,2023-01-13,37.635000,42.903900,5.268900,14.0000
GLP,R$/13kg,2023-01-20,40.469000,42.770520,2.301520,5.6871
GLP,R$/13kg,2023-01-27,41.990000,42.746080,0.756080,1.8006
GLP,R$/13kg,2023-02-03,41.574000,42.940560,1.366560,3.2871
GLP,R$/13kg,2023-02-10,41.769000,43.041830,1.272830,3.0473
GLP,R$/13kg,2023-02-17,41.678000,43.042090,1.364090,3.2729
GLP,R$/13kg,2023-02-24,42.107000,42.897400,0.790400,1.8771
GLP,R$/13kg,2023-03-03,42.861000,43.124250,0.263250,0.6142
GLP,R$/13kg,2023-03-10,40.937000,43.342650,2.405650,5.8765
GLP,R$/13kg,2023-03-17,37.297000,43.146870,5.849870,15.6846
GLP,R$/13kg,2023-03-24,36.010000,43.187820,7.177820,19.9329
GLP,R$/13kg,2023-03-31,36.023000,43.287660,7.264660,20.1667
GLP,R$/13kg,2023-04-07,35.529000,42.713580,7.184580,20.2217
GLP,R$/13kg,2023-04-14,35.906000,43.066530,7.160530,19.9424
GLP,R$/13kg,2023-04-21,36.205000,42.857360,6.652360,18.3741
GLP,R$/13kg,2023-04-28,35.126000,42.996330,7.870330,22.4060
GLP,R$/13kg,2023-05-05,31.031000,42.745170,11.714170,37.7499
GLP,R$/13kg,2023-05-12,30.784000,42.843840,12.059840,39.1757
GLP,R$/13kg,2023-05-19,29.718000,37.033750,7.315750,24.6172
GLP,R$/13kg,2023-05-26,30.589000,34.021520,3.432520,11.2214
GLP,R$/13kg,2023-06-02,29.562000,33.729930,4.167930,14.0989
GLP,R$/13kg,2023-06-09,29.068000,34.104980,5.036980,17.3283
GLP,R$/13kg,2023-06-16,26.819000,33.558200,6.739200,25.1285
GLP,R$/13kg,2023-06-23,27.079000,33.449130,6.370130,23.5242
GLP,R$/13kg,2023-06-30,27.417000,33.556250,6.139250,22.3921
GLP,R$/13kg,2023-07-07,27.085500,32.114030,5.028530,18.5654
GLP,R$/13kg,2023-07-14,29.614000,32.099860,2.485860,8.3942
GLP,R$/13kg,2023-07-21,30.732000,32.022120,1.290120,4.1980
GLP,R$/13kg,2023-07-28,30.875000,32.033820,1.158820,3.7533
GLP,R$/13kg,2023-08-04,33.800000,32.077110,-1.722890,-5.0973
GLP,R$/13kg,2023-08-11,35.126000,32.097910,-3.028090,-8.6207
GLP,R$/13kg,2023-08-18,34.736000,32.076070,-2.659930,-7.6576
GLP,R$/13kg,2023-08-25,34.086000,32.112860,-1.973140,-5.7887
GLP,R$/13kg,2023-09-01,36.023000,32.035250,-3.987750,-11.0700
GLP,R$/13kg,2023-09-08,39.312000,32.348810,-6.963190,-17.7126
GLP,R$/13kg,2023-09-15,40.157000,32.217900,-7.939100,-19.7702
GLP,R$/13kg,2023-09-22,39.130000,32.300580,-6.829420,-17.4532
GLP,R$/13kg,2023-09-29,39.845000,32.280170,-7.564830,-18.9856
GLP,R$/13kg,2023-10-06,38.532000,32.023810,-6.508190,-16.8904
GLP,R$/13kg,2023-10-13,37.440000,32.965920,-4.474080,-11.9500
GLP,R$/13kg,2023-10-20,37.076000,32.998940,-4.077060,-10.9965
GLP,R$/13kg,2023-10-27,37.050000,33.002450,-4.047550,-10.9246
GLP,R$/13kg,2023-11-03,38.415000,32.929650,-5.485350,-14.2792
GLP,R$/13kg,2023-11-10,38.038000,32.502080,-5.535920,-14.5537
GLP,R$/13kg,2023-11-17,36.140000,32.829030,-3.310970,-9.1615
GLP,R$/13kg,2023-11-24,35.581000,32.265220,-3.315780,-9.3190
GLP,R$/13kg,2023-12-01,35.581000,32.972810,-2.608190,-7.3303
GLP,R$/13kg,2023-12-08,36.647000,32.227910,-4.419090,-12.0585
GLP,R$/13kg,2023-12-15,35.815000,32.117020,-3.697980,-10.3252
GLP,R$/13kg,2023-12-22,36.010000,32.692010,-3.317990,-9.2141
GLP,R$/13kg,2023-12-29,36.614500,32.566820,-4.047680,-11.0549
GLP,R$/13kg,2024-01-05,36.562500,33.803510,-2.758990,-7.5460
GLP,R$/13kg,2024-01-12,36.452000,33.163130,-3.288870,-9.0225
GLP,R$/13kg,2024-01-19,37.524500,33.295860,-4.228640,-11.2690
GLP,R$/13kg,2024-01-26,37.934000,33.159620,-4.774380,-12.5860
GLP,R$/13kg,2024-02-02,37.479000,33.183280,-4.295720,-11.4617
GLP,R$/13kg,2024-02-09,37.778000,33.144930,-4.633070,-12.2639
GLP,R$/13kg,2024-02-16,37.713000,33.274150,-4.438850,-11.7701
GLP,R$/13kg,2024-02-23,37.817000,33.138690,-4.678310,-12.3709
GLP,R$/13kg,2024-03-01,36.647000,33.164300,-3.482700,-9.5034
GLP,R$/13kg,2024-03-08,34.970000,33.141030,-1.828970,-5.2301
GLP,R$/13kg,2024-03-15,35.048000,33.171190,-1.876810,-5.3550
GLP,R$/13kg,2024-03-22,36.426000,33.159100,-3.266900,-8.9686
GLP,R$/13kg,2024-03-29,36.335000,33.320040,-3.014960,-8.2977
GLP,R$/13kg,2024-04-05,37.141000,32.916780,-4.224220,-11.3735
GLP,R$/13kg,2024-04-12,36.478000,33.076940,-3.401060,-9.3236
GLP,R$/13kg,2024-04-19,36.166000,32.866730,-3.299270,-9.1226
GLP,R$/13kg,2024-04-26,35.282000,36.255440,0.973440,2.7590
GLP,R$/13kg,2024-05-03,34.801000,33.046650,-1.754350,-5.0411
GLP,R$/13kg,2024-05-10,32.604000,33.122050,0.518050,1.5889
GLP,R$/13kg,2024-05-17,33.202000,33.124260,-0.077740,-0.2341
GLP,R$/13kg,2024-05-24,34.138000,33.055360,-1.082640,-3.1714
GLP,R$/13kg,2024-05-31,36.179000,32.882200,-3.296800,-9.1125
GLP,R$/13kg,2024-06-07,35.633000,33.025330,-2.607670,-7.3181
GLP,R$/13kg,2024-06-14,38.285000,32.790420,-5.494580,-14.3518
GLP,R$/13kg,2024-06-21,39.084500,32.953960,-6.130540,-15.6853
GLP,R$/13kg,2024-06-28,40.430000,32.809270,-7.620730,-18.8492
GLP,R$/13kg,2024-07-05,42.991000,32.831630,-10.159370,-23.6314
GLP,R$/13kg,2024-07-12,41.314000,35.885200,-5.428800,-13.1403
GLP,R$/13kg,2024-07-19,41.093000,36.076560,-5.016440,-12.2075
GLP,R$/13kg,2024-07-26,42.770000,35.982570,-6.787430,-15.8696
GLP,R$/13kg,2024-08-02,43.238000,36.036650,-7.201350,-16.6551
GLP,R$/13kg,2024-08-09,42.016000,36.214230,-5.801770,-13.8085
GLP,R$/13kg,2024-08-16,42.991000,36.254790,-6.736210,-15.6689
GLP,R$/13kg,2024-08-23,43.602000,36.191610,-7.410390,-16.9955
GLP,R$/13kg,2024-08-30,44.421000,36.225150,-8.195850,-18.4504
GLP,R$/13kg,2024-09-06,43.231500,36.310170,-6.921330,-16.0099
GLP,R$/13kg,2024-09-13,41.717000,36.191740,-5.525260,-13.2446
GLP,R$/13kg,2024-09-20,41.925000,36.488270,-5.436730,-12.9678
GLP,R$/13kg,2024-09-27,41.262000,36.311340,-4.950660,-11.9981
GLP,R$/13kg,2024-10-04,44.785000,36.206560,-8.578440,-19.1547
GLP,R$/13kg,2024-10-11,48.763000,36.179000,-12.584000,-25.8065
GLP,R$/13kg,2024-10-18,48.256000,36.353330,-11.902670,-24.6657
GLP,R$/13kg,2024-10-25,47.021000,36.302240,-10.718760,-22.7957
GLP,R$/13kg,2024-11-01,48.867000,36.509980,-12.357020,-25.2870
GLP,R$/13kg,2024-11-08,48.958000,36.690030,-12.267970,-25.0582
GLP,R$/13kg,2024-11-15,48.724000,36.420410,-12.303590,-25.2516
GLP,R$/13kg,2024-11-22,45.526000,36.466430,-9.059570,-19.8998
GLP,R$/13kg,2024-11-29,46.969000,36.636990,-10.332010,-21.9975
GLP,R$/13kg,2024-12-06,46.930000,38.072320,-8.857680,-18.8742
GLP,R$/13kg,2024-12-13,46.579000,37.590020,-8.988980,-19.2984
GLP,R$/13kg,2024-12-20,48.425000,36.686260,-11.738740,-24.2411
GLP,R$/13kg,2024-12-27,49.081500,36.660130,-12.421370,-25.3076
GLP,R$/13kg,2025-01-03,50.706500,36.669750,-14.036750,-27.6823
GLP,R$/13kg,2025-01-10,51.701000,37.231350,-14.469650,-27.9872
GLP,R$/13kg,2025-01-17,51.454000,37.180650,-14.273350,-27.7400
GLP,R$/13kg,2025-01-24,48.594000,36.781290,-11.812710,-24.3090
GLP,R$/13kg,2025-01-31,46.566000,37.109020,-9.456980,-20.3088
GLP,R$/13kg,2025-02-07,45.721000,37.172200,-8.548800,-18.6978
GLP,R$/13kg,2025-02-14,45.357000,36.876970,-8.480030,-18.6962
GLP,R$/13kg,2025-02-21,43.959500,36.715510,-7.243990,-16.4788
GLP,R$/13kg,2025-02-28,44.772000,38.090780,-6.681220,-14.9228
GLP,R$/13kg,2025-03-07,43.628000,39.058500,-4.569500,-10.4738
GLP,R$/13kg,2025-03-14,41.782000,36.976940,-4.805060,-11.5003
GLP,R$/13kg,2025-03-21,41.678000,36.643230,-5.034770,-12.0802
GLP,R$/13kg,2025-03-28,43.537000,36.775570,-6.761430,-15.5303
GLP,R$/13kg,2025-04-04,42.991000,41.422940,-1.568060,-3.6474
GLP,R$/13kg,2025-04-11,38.025000,37.977290,-0.047710,-0.1255
GLP,R$/13kg,2025-04-18,39.195000,36.506600,-2.688400,-6.8590
GLP,R$/13kg,2025-04-25,39.598000,36.431720,-3.166280,-7.9961
GLP,R$/13kg,2025-05-02,40.053000,44.056220,4.003220,9.9948
GLP,R$/13kg,2025-05-09,34.814000,41.052570,6.238570,17.9197
GLP,R$/13kg,2025-05-16,36.582000,36.637380,0.055380,0.1514
GLP,R$/13kg,2025-05-23,36.452000,36.362170,-0.089830,-0.2464
GLP,R$/13kg,2025-05-30,35.724000,38.632360,2.908360,8.1412
GLP,R$/13kg,2025-06-06,34.970000,40.942720,5.972720,17.0796
GLP,R$/13kg,2025-06-13,35.646000,36.591620,0.945620,2.6528
GLP,R$/13kg,2025-06-20,37.817000,36.236850,-1.580150,-4.1784
GLP,R$/13kg,2025-06-27,36.530000,36.290800,-0.239200,-0.6548
GLP,R$/13kg,2025-07-04,34.437000,41.494570,7.057570,20.4941
GLP,R$/13kg,2025-07-11,35.633000,36.768420,1.135420,3.1864
GLP,R$/13kg,2025-07-18,35.737000,36.015460,0.278460,0.7792
GLP,R$/13kg,2025-07-25,35.061000,36.186800,1.125800,3.2110
GLP,R$/13kg,2025-08-01,36.205000,39.450190,3.245190,8.9634
GLP,R$/13kg,2025-08-08,34.541000,40.370254,5.829254,16.8763
GLP,R$/13kg,2025-08-15,34.008000,36.127520,2.119520,6.2324
GLP,R$/13kg,2025-08-22,34.424000,36.142470,1.718470,4.9921
GLP,R$/13kg,2025-08-29,34.489000,36.037690,1.548690,4.4904
GLP,R$/13kg,2025-09-05,35.022000,39.004030,3.982030,11.3701
GLP,R$/13kg,2025-09-12,34.632000,36.666240,2.034240,5.8739
GLP,R$/13kg,2025-09-19,34.580000,35.939670,1.359670,3.9320
GLP,R$/13kg,2025-09-26,34.866000,35.935120,1.069120,3.0664
GLP,R$/13kg,2025-10-03,33.800000,36.866180,3.066180,9.0715
GLP,R$/13kg,2025-10-10,32.695000,36.890880,4.195880,12.8334
GLP,R$/13kg,2025-10-17,30.303000,36.351380,6.048380,19.9597
GLP,R$/13kg,2025-10-24,29.978000,36.079680,6.101680,20.3539
GLP,R$/13kg,2025-10-31,31.564000,36.195250,4.631250,14.6726
GLP,R$/13kg,2025-11-07,31.551000,36.282090,4.731090,14.9951
GLP,R$/13kg,2025-11-14,30.680000,36.067590,5.387590,17.5606
GLP,R$/13kg,2025-11-21,31.356000,36.042370,4.686370,14.9457
GLP,R$/13kg,2025-11-28,31.369000,36.559640,5.190640,16.5470
GLP,R$/13kg,2025-12-05,33.254000,37.229530,3.975530,11.9550
GLP,R$/13kg,2025-12-12,34.151000,36.095410,1.944410,5.6936
GLP,R$/13kg,2025-12-19,33.124000,35.867910,2.743910,8.2838
GLP,R$/13kg,2025-12-26,33.475000,35.856340,2.381340,7.1138
GLP,R$/13kg,2026-01-02,32.942000,39.178490,6.236490,18.9317
GLP,R$/13kg,2026-01-09,31.369000,39.203060,7.834060,24.9739
GLP,R$/13kg,2026-01-16,31.798000,35.939670,4.141670,13.0249
GLP,R$/13kg,2026-01-23,32.604000,35.764950,3.160950,9.6950
GLP,R$/13kg,2026-01-30,32.695000,41.805270,9.110270,27.8644
GLP,R$/13kg,2026-02-06,33.371000,36.536370,3.165370,9.4854
GLP,R$/13kg,2026-02-13,32.591000,35.788740,3.197740,9.8117
GLP,R$/13kg,2026-02-20,31.889000,35.803820,3.914820,12.2764
GLP,R$/13kg,2026-02-27,32.383000,36.707710,4.324710,13.3549
GLP,R$/13kg,2026-03-06,38.740000,39.031980,0.291980,0.7537
GLP,R$/13kg,2026-03-13,44.447000,36.021180,-8.425820,-18.9570
GLP,R$/13kg,2026-03-20,48.022000,35.914840,-12.107160,-25.2117
GLP,R$/13kg,2026-03-27,51.038000,35.919390,-15.118610,-29.6223
GLP,R$/13kg,2026-04-03,49.562500,46.434830,-3.127670,-6.3106
GLP,R$/13kg,2026-04-10,46.462000,39.709930,-6.752070,-14.5325
GLP,R$/13kg,2026-04-17,48.893000,31.478070,-17.414930,-35.6185
GLP,R$/13kg,2026-04-24,47.294000,35.508720,-11.785280,-24.9192
GLP,R$/13kg,2026-05-01,45.929000,36.270130,-9.658870,-21.0300
GLP,R$/13kg,2026-05-08,47.112000,36.244130,-10.867870,-23.0682
GLP,R$/13kg,2026-05-15,47.814000,36.293660,-11.520340,-24.0941
GLP,R$/13kg,2026-05-22,47.229000,36.225410,-11.003590,-23.2984
GLP,R$/13kg,2026-05-29,45.500000,36.337340,-9.162660,-20.1377
GLP,R$/13kg,2026-06-05,45.747000,36.276890,-9.470110,-20.7011
GLP,R$/13kg,2026-06-12,42.536000,36.375170,-6.160830,-14.4838
GLP,R$/13kg,2026-06-19,39.819000,36.550020,-3.268980,-8.2096
GLP,R$/13kg,2026-06-26,36.166000,36.391550,0.225550,0.6237
GLP,R$/13kg,2026-07-03,34.502000,36.314330,1.812330,5.2528
GLP,R$/13kg,2026-07-10,35.659000,36.605140,0.946140,2.6533
GLP,R$/13kg,2026-07-17,38.116000,36.571210,-1.544790,-4.0529
