semana_inicio,semana_fim,terminal,preco
2018-11-05,2018-11-09,Itaqui,2.252130
2018-11-05,2018-11-09,Suape,2.254120
2018-11-05,2018-11-09,Aratu,2.267382
2018-11-05,2018-11-09,Santos,2.301644
2018-11-05,2018-11-09,Paranagua,2.282904
2018-11-12,2018-11-16,Itaqui,2.162930
2018-11-12,2018-11-16,Suape,2.164918
2018-11-12,2018-11-16,Aratu,2.178186
2018-11-12,2018-11-16,Santos,2.212466
2018-11-12,2018-11-16,Paranagua,2.193704
2018-11-17,2018-11-21,Itaqui,2.115997
2018-11-17,2018-11-21,Suape,2.115893
2018-11-17,2018-11-21,Aratu,2.131250
2018-11-17,2018-11-21,Santos,2.168990
2018-11-17,2018-11-21,Paranagua,2.151207
2018-11-26,2018-11-30,Itaqui,2.015810
2018-11-26,2018-11-30,Suape,2.014978
2018-11-26,2018-11-30,Aratu,2.031088
2018-11-26,2018-11-30,Santos,2.070072
2018-11-26,2018-11-30,Paranagua,2.052548
2018-12-03,2018-12-07,Itaqui,2.039100
2018-12-03,2018-12-07,Suape,2.034700
2018-12-03,2018-12-07,Aratu,2.054400
2018-12-03,2018-12-07,Santos,2.099200
2018-12-03,2018-12-07,Paranagua,2.083300
2018-12-10,2018-12-14,Itaqui,2.030600
2018-12-10,2018-12-14,Suape,2.025900
2018-12-10,2018-12-14,Aratu,2.045800
2018-12-10,2018-12-14,Santos,2.091200
2018-12-10,2018-12-14,Paranagua,2.075500
2018-12-17,2018-12-21,Itaqui,1.927814
2018-12-17,2018-12-21,Suape,1.927370
2018-12-17,2018-12-21,Aratu,1.943096
2018-12-17,2018-12-21,Santos,1.981448
2018-12-17,2018-12-21,Paranagua,1.963738
2018-12-24,2018-12-28,Itaqui,1.780834
2018-12-24,2018-12-28,Suape,1.803190
2018-12-24,2018-12-28,Aratu,1.810408
2018-12-24,2018-12-28,Santos,1.830573
2018-12-24,2018-12-28,Paranagua,1.810695
2018-12-31,2019-01-04,Itaqui,1.777243
2018-12-31,2019-01-04,Suape,1.780033
2018-12-31,2019-01-04,Aratu,1.792393
2018-12-31,2019-01-04,Santos,1.826813
2018-12-31,2019-01-04,Paranagua,1.808353
2019-01-07,2019-01-11,Itaqui,1.876954
2019-01-07,2019-01-11,Suape,1.880012
2019-01-07,2019-01-11,Aratu,1.892092
2019-01-07,2019-01-11,Santos,1.924336
2019-01-07,2019-01-11,Paranagua,1.905466
2019-01-14,2019-01-18,Itaqui,1.934330
2019-01-14,2019-01-18,Suape,1.938686
2019-01-14,2019-01-18,Aratu,1.949464
2019-01-14,2019-01-18,Santos,1.979552
2019-01-14,2019-01-18,Paranagua,1.960098
2019-01-21,2019-01-25,Itaqui,1.976560
2019-01-21,2019-01-25,Suape,1.981320
2019-01-21,2019-01-25,Aratu,1.991692
2019-01-21,2019-01-25,Santos,2.021120
2019-01-21,2019-01-25,Paranagua,2.001468
2019-01-28,2019-02-01,Itaqui,1.939692
2019-01-28,2019-02-01,Suape,1.944596
2019-01-28,2019-02-01,Aratu,1.954802
2019-01-28,2019-02-01,Santos,1.983934
2019-01-28,2019-02-01,Paranagua,1.964296
2019-02-04,2019-02-08,Itaqui,1.952518
2019-02-04,2019-02-08,Suape,1.958354
2019-02-04,2019-02-08,Aratu,1.967620
2019-02-04,2019-02-08,Santos,1.995192
2019-02-04,2019-02-08,Paranagua,1.975168
2019-02-11,2019-02-15,Itaqui,2.000746
2019-02-11,2019-02-15,Suape,2.003638
2019-02-11,2019-02-15,Aratu,2.015884
2019-02-11,2019-02-15,Santos,2.048400
2019-02-11,2019-02-15,Paranagua,2.029612
2019-02-18,2019-02-22,Itaqui,2.082602
2019-02-18,2019-02-22,Suape,2.085275
2019-02-18,2019-02-22,Aratu,2.097787
2019-02-18,2019-02-22,Santos,2.130775
2019-02-18,2019-02-22,Paranagua,2.111928
2019-02-25,2019-03-01,Itaqui,2.066936
2019-02-25,2019-03-01,Suape,2.070494
2019-02-25,2019-03-01,Aratu,2.082110
2019-02-25,2019-03-01,Santos,2.113614
2019-02-25,2019-03-01,Paranagua,2.094396
2019-03-04,2019-03-08,Itaqui,2.082384
2019-03-04,2019-03-08,Suape,2.087376
2019-03-04,2019-03-08,Aratu,2.097512
2019-03-04,2019-03-08,Santos,2.126540
2019-03-04,2019-03-08,Paranagua,2.106816
2019-03-11,2019-03-15,Itaqui,2.061468
2019-03-11,2019-03-15,Suape,2.067036
2019-03-11,2019-03-15,Aratu,2.076562
2019-03-11,2019-03-15,Santos,2.104556
2019-03-11,2019-03-15,Paranagua,2.084684
2019-03-18,2019-03-22,Itaqui,2.077026
2019-03-18,2019-03-22,Suape,2.080680
2019-03-18,2019-03-22,Aratu,2.092188
2019-03-18,2019-03-22,Santos,2.123502
2019-03-18,2019-03-22,Paranagua,2.104286
2019-03-25,2019-03-29,Itaqui,2.127794
2019-03-25,2019-03-29,Suape,2.130814
2019-03-25,2019-03-29,Aratu,2.142982
2019-03-25,2019-03-29,Santos,2.175396
2019-03-25,2019-03-29,Paranagua,2.156388
2019-04-01,2019-04-05,Itaqui,2.124816
2019-04-01,2019-04-05,Suape,2.127888
2019-04-01,2019-04-05,Aratu,2.139986
2019-04-01,2019-04-05,Santos,2.172290
2019-04-01,2019-04-05,Paranagua,2.153296
2019-04-08,2019-04-12,Itaqui,2.161970
2019-04-08,2019-04-12,Suape,2.165922
2019-04-08,2019-04-12,Aratu,2.177134
2019-04-08,2019-04-12,Santos,2.207962
2019-04-08,2019-04-12,Paranagua,2.188590
2019-04-14,2019-04-18,Itaqui,2.198140
2019-04-14,2019-04-18,Suape,2.203008
2019-04-14,2019-04-18,Aratu,2.213320
2019-04-14,2019-04-18,Santos,2.242682
2019-04-14,2019-04-18,Paranagua,2.222830
2019-04-22,2019-04-26,Itaqui,2.264333
2019-04-22,2019-04-26,Suape,2.269230
2019-04-22,2019-04-26,Aratu,2.279500
2019-04-22,2019-04-26,Santos,2.308780
2019-04-22,2019-04-26,Paranagua,2.288950
2019-04-29,2019-05-03,Itaqui,2.223530
2019-04-29,2019-05-03,Suape,2.228650
2019-04-29,2019-05-03,Aratu,2.238675
2019-04-29,2019-05-03,Santos,2.267523
2019-04-29,2019-05-03,Paranagua,2.247690
2019-05-06,2019-05-10,Itaqui,2.246422
2019-05-06,2019-05-10,Suape,2.250307
2019-05-06,2019-05-10,Aratu,2.261567
2019-05-06,2019-05-10,Santos,2.292457
2019-05-06,2019-05-10,Paranagua,2.273185
2019-05-13,2019-05-17,Itaqui,2.286748
2019-05-13,2019-05-17,Suape,2.290337
2019-05-13,2019-05-17,Aratu,2.301927
2019-05-13,2019-05-17,Santos,2.333395
2019-05-13,2019-05-17,Paranagua,2.314128
2019-05-20,2019-05-24,Itaqui,2.344365
2019-05-20,2019-05-24,Suape,2.348030
2019-05-20,2019-05-24,Aratu,2.359557
2019-05-20,2019-05-24,Santos,2.390922
2019-05-20,2019-05-24,Paranagua,2.371592
2019-05-27,2019-05-31,Itaqui,2.191448
2019-05-27,2019-05-31,Suape,2.195680
2019-05-27,2019-05-31,Aratu,2.206615
2019-05-27,2019-05-31,Santos,2.236995
2019-05-27,2019-05-31,Paranagua,2.217477
2019-06-03,2019-06-07,Itaqui,1.991412
2019-06-03,2019-06-07,Suape,1.996812
2019-06-03,2019-06-07,Aratu,2.006524
2019-06-03,2019-06-07,Santos,2.034846
2019-06-03,2019-06-07,Paranagua,2.014978
2019-06-10,2019-06-14,Itaqui,1.972512
2019-06-10,2019-06-14,Suape,1.978156
2019-06-10,2019-06-14,Aratu,1.987614
2019-06-10,2019-06-14,Santos,2.015494
2019-06-10,2019-06-14,Paranagua,1.995560
2019-06-17,2019-06-21,Itaqui,2.005400
2019-06-17,2019-06-21,Suape,2.009500
2019-06-17,2019-06-21,Aratu,2.020500
2019-06-17,2019-06-21,Santos,2.051000
2019-06-17,2019-06-21,Paranagua,2.031500
2019-06-24,2019-06-28,Itaqui,2.105000
2019-06-24,2019-06-28,Suape,2.108100
2019-06-24,2019-06-28,Aratu,2.120200
2019-06-24,2019-06-28,Santos,2.152300
2019-06-24,2019-06-28,Paranagua,2.133200
2019-07-01,2019-07-05,Itaqui,2.113100
2019-07-01,2019-07-05,Suape,2.116200
2019-07-01,2019-07-05,Aratu,2.128300
2019-07-01,2019-07-05,Santos,2.160600
2019-07-01,2019-07-05,Paranagua,2.141500
2019-07-08,2019-07-12,Itaqui,2.082800
2019-07-08,2019-07-12,Suape,2.087800
2019-07-08,2019-07-12,Aratu,2.097900
2019-07-08,2019-07-12,Santos,2.126900
2019-07-08,2019-07-12,Paranagua,2.107100
2019-07-15,2019-07-19,Itaqui,2.039600
2019-07-15,2019-07-19,Suape,2.044400
2019-07-15,2019-07-19,Aratu,2.054700
2019-07-15,2019-07-19,Santos,2.082100
2019-07-15,2019-07-19,Paranagua,2.061500
2019-07-22,2019-07-26,Itaqui,2.042500
2019-07-22,2019-07-26,Suape,2.045100
2019-07-22,2019-07-26,Aratu,2.057600
2019-07-22,2019-07-26,Santos,2.086600
2019-07-22,2019-07-26,Paranagua,2.066000
2019-07-29,2019-08-02,Itaqui,2.078800
2019-07-29,2019-08-02,Suape,2.081400
2019-07-29,2019-08-02,Aratu,2.093900
2019-07-29,2019-08-02,Santos,2.123000
2019-07-29,2019-08-02,Paranagua,2.102300
2019-08-05,2019-08-09,Itaqui,2.026100
2019-08-05,2019-08-09,Suape,2.027800
2019-08-05,2019-08-09,Aratu,2.041300
2019-08-05,2019-08-09,Santos,2.071600
2019-08-05,2019-08-09,Paranagua,2.051100
2019-08-12,2019-08-16,Itaqui,2.051500
2019-08-12,2019-08-16,Suape,2.053500
2019-08-12,2019-08-16,Aratu,2.066700
2019-08-12,2019-08-16,Santos,2.096800
2019-08-12,2019-08-16,Paranagua,2.076100
2019-08-19,2019-08-23,Itaqui,2.093400
2019-08-19,2019-08-23,Suape,2.095500
2019-08-19,2019-08-23,Aratu,2.108600
2019-08-19,2019-08-23,Santos,2.138500
2019-08-19,2019-08-23,Paranagua,2.117800
2019-08-26,2019-08-30,Itaqui,2.146100
2019-08-26,2019-08-30,Suape,2.147100
2019-08-26,2019-08-30,Aratu,2.161300
2019-08-26,2019-08-30,Santos,2.192800
2019-08-26,2019-08-30,Paranagua,2.172300
2019-09-02,2019-09-06,Manaus,2.137515
2019-09-02,2019-09-06,Itaqui,2.165390
2019-09-02,2019-09-06,Suape,2.139873
2019-09-02,2019-09-06,Aratu,2.153193
2019-09-02,2019-09-06,Santos,2.191643
2019-09-02,2019-09-06,Paranagua,2.182528
2019-09-02,2019-09-06,Tramandai,2.171995
2019-09-02,2019-09-06,Guamaré,2.196135
2019-09-02,2019-09-06,Duque de Caxias,2.257103
2019-09-02,2019-09-06,Betim,2.264135
2019-09-02,2019-09-06,Cubatão,2.200293
2019-09-02,2019-09-06,Mauá,2.217703
2019-09-02,2019-09-06,Paulínia,2.225103
2019-09-02,2019-09-06,São José dos Campos,2.222863
2019-09-02,2019-09-06,Araucária,2.201095
2019-09-02,2019-09-06,Canoas,2.191345
2019-09-09,2019-09-13,Manaus,2.149336
2019-09-09,2019-09-13,Itaqui,2.175316
2019-09-09,2019-09-13,Suape,2.150582
2019-09-09,2019-09-13,Aratu,2.163092
2019-09-09,2019-09-13,Santos,2.200438
2019-09-09,2019-09-13,Paranagua,2.191202
2019-09-09,2019-09-13,Tramandai,2.180858
2019-09-09,2019-09-13,Guamaré,2.206846
2019-09-09,2019-09-13,Duque de Caxias,2.265898
2019-09-09,2019-09-13,Betim,2.272934
2019-09-09,2019-09-13,Cubatão,2.209088
2019-09-09,2019-09-13,Mauá,2.226502
2019-09-09,2019-09-13,Paulínia,2.233902
2019-09-09,2019-09-13,São José dos Campos,2.231662
2019-09-09,2019-09-13,Araucária,2.209766
2019-09-09,2019-09-13,Canoas,2.200210
2019-09-16,2019-09-20,Manaus,2.264942
2019-09-16,2019-09-20,Itaqui,2.290162
2019-09-16,2019-09-20,Suape,2.265678
2019-09-16,2019-09-20,Aratu,2.277894
2019-09-16,2019-09-20,Santos,2.314812
2019-09-16,2019-09-20,Paranagua,2.305636
2019-09-16,2019-09-20,Tramandai,2.295122
2019-09-16,2019-09-20,Guamaré,2.321940
2019-09-16,2019-09-20,Duque de Caxias,2.380270
2019-09-16,2019-09-20,Betim,2.387308
2019-09-16,2019-09-20,Cubatão,2.323460
2019-09-16,2019-09-20,Mauá,2.340876
2019-09-16,2019-09-20,Paulínia,2.348276
2019-09-16,2019-09-20,São José dos Campos,2.346036
2019-09-16,2019-09-20,Araucária,2.324204
2019-09-16,2019-09-20,Canoas,2.314472
2019-09-23,2019-09-27,Manaus,2.283102
2019-09-23,2019-09-27,Itaqui,2.307996
2019-09-23,2019-09-27,Suape,2.283546
2019-09-23,2019-09-27,Aratu,2.295742
2019-09-23,2019-09-27,Santos,2.332642
2019-09-23,2019-09-27,Paranagua,2.323418
2019-09-23,2019-09-27,Tramandai,2.313006
2019-09-23,2019-09-27,Guamaré,2.339808
2019-09-23,2019-09-27,Duque de Caxias,2.398098
2019-09-23,2019-09-27,Betim,2.405134
2019-09-23,2019-09-27,Cubatão,2.341288
2019-09-23,2019-09-27,Mauá,2.358704
2019-09-23,2019-09-27,Paulínia,2.366104
2019-09-23,2019-09-27,São José dos Campos,2.363864
2019-09-23,2019-09-27,Araucária,2.341984
2019-09-23,2019-09-27,Canoas,2.332356
2019-09-30,2019-10-04,Manaus,2.194494
2019-09-30,2019-10-04,Itaqui,2.220598
2019-09-30,2019-10-04,Suape,2.195750
2019-09-30,2019-10-04,Aratu,2.208374
2019-09-30,2019-10-04,Santos,2.245880
2019-09-30,2019-10-04,Paranagua,2.236666
2019-09-30,2019-10-04,Tramandai,2.226272
2019-09-30,2019-10-04,Guamaré,2.252010
2019-09-30,2019-10-04,Duque de Caxias,2.311332
2019-09-30,2019-10-04,Betim,2.318372
2019-09-30,2019-10-04,Cubatão,2.254522
2019-09-30,2019-10-04,Mauá,2.271942
2019-09-30,2019-10-04,Paulínia,2.279342
2019-09-30,2019-10-04,São José dos Campos,2.277102
2019-09-30,2019-10-04,Araucária,2.255234
2019-09-30,2019-10-04,Canoas,2.245624
2019-10-07,2019-10-11,Manaus,2.195118
2019-10-07,2019-10-11,Itaqui,2.227980
2019-10-07,2019-10-11,Suape,2.200604
2019-10-07,2019-10-11,Aratu,2.215812
2019-10-07,2019-10-11,Santos,2.256754
2019-10-07,2019-10-11,Paranagua,2.248078
2019-10-07,2019-10-11,Tramandai,2.236760
2019-10-07,2019-10-11,Guamaré,2.256868
2019-10-07,2019-10-11,Duque de Caxias,2.322210
2019-10-07,2019-10-11,Betim,2.329246
2019-10-07,2019-10-11,Cubatão,2.265398
2019-10-07,2019-10-11,Mauá,2.282816
2019-10-07,2019-10-11,Paulínia,2.290216
2019-10-07,2019-10-11,São José dos Campos,2.287976
2019-10-07,2019-10-11,Araucária,2.266642
2019-10-07,2019-10-11,Canoas,2.256112
2019-10-14,2019-10-18,Manaus,2.237714
2019-10-14,2019-10-18,Itaqui,2.276882
2019-10-14,2019-10-18,Suape,2.247008
2019-10-14,2019-10-18,Aratu,2.264832
2019-10-14,2019-10-18,Santos,2.309338
2019-10-14,2019-10-18,Paranagua,2.300982
2019-10-14,2019-10-18,Tramandai,2.289238
2019-10-14,2019-10-18,Guamaré,2.303268
2019-10-14,2019-10-18,Duque de Caxias,2.374798
2019-10-14,2019-10-18,Betim,2.381834
2019-10-14,2019-10-18,Cubatão,2.317988
2019-10-14,2019-10-18,Mauá,2.335404
2019-10-14,2019-10-18,Paulínia,2.342804
2019-10-14,2019-10-18,São José dos Campos,2.340564
2019-10-14,2019-10-18,Araucária,2.319548
2019-10-14,2019-10-18,Canoas,2.308588
2019-10-21,2019-10-25,Manaus,2.204304
2019-10-21,2019-10-25,Itaqui,2.238920
2019-10-21,2019-10-25,Suape,2.210956
2019-10-21,2019-10-25,Aratu,2.226740
2019-10-21,2019-10-25,Santos,2.268412
2019-10-21,2019-10-25,Paranagua,2.259942
2019-10-21,2019-10-25,Tramandai,2.248228
2019-10-21,2019-10-25,Guamaré,2.267216
2019-10-21,2019-10-25,Duque de Caxias,2.333870
2019-10-21,2019-10-25,Betim,2.340904
2019-10-21,2019-10-25,Cubatão,2.277060
2019-10-21,2019-10-25,Mauá,2.294474
2019-10-21,2019-10-25,Paulínia,2.301874
2019-10-21,2019-10-25,São José dos Campos,2.299634
2019-10-21,2019-10-25,Araucária,2.278506
2019-10-21,2019-10-25,Canoas,2.267578
2019-10-28,2019-11-01,Manaus,2.133346
2019-10-28,2019-11-01,Itaqui,2.166660
2019-10-28,2019-11-01,Suape,2.139284
2019-10-28,2019-11-01,Aratu,2.154462
2019-10-28,2019-11-01,Santos,2.195312
2019-10-28,2019-11-01,Paranagua,2.186742
2019-10-28,2019-11-01,Tramandai,2.175188
2019-10-28,2019-11-01,Guamaré,2.195546
2019-10-28,2019-11-01,Duque de Caxias,2.260772
2019-10-28,2019-11-01,Betim,2.267808
2019-10-28,2019-11-01,Cubatão,2.203962
2019-10-28,2019-11-01,Mauá,2.221378
2019-10-28,2019-11-01,Paulínia,2.228778
2019-10-28,2019-11-01,São José dos Campos,2.226538
2019-10-28,2019-11-01,Araucária,2.205308
2019-10-28,2019-11-01,Canoas,2.194540
2019-11-04,2019-11-08,Manaus,2.173260
2019-11-04,2019-11-08,Itaqui,2.213548
2019-11-04,2019-11-08,Suape,2.183422
2019-11-04,2019-11-08,Aratu,2.201414
2019-11-04,2019-11-08,Santos,2.246036
2019-11-04,2019-11-08,Paranagua,2.238000
2019-11-04,2019-11-08,Tramandai,2.225544
2019-11-04,2019-11-08,Guamaré,2.239684
2019-11-04,2019-11-08,Duque de Caxias,2.311492
2019-11-04,2019-11-08,Betim,2.318530
2019-11-04,2019-11-08,Cubatão,2.254682
2019-11-04,2019-11-08,Mauá,2.272098
2019-11-04,2019-11-08,Paulínia,2.279498
2019-11-04,2019-11-08,São José dos Campos,2.277258
2019-11-04,2019-11-08,Araucária,2.256566
2019-11-04,2019-11-08,Canoas,2.244894
2019-11-11,2019-11-15,Manaus,2.207576
2019-11-11,2019-11-15,Itaqui,2.250594
2019-11-11,2019-11-15,Suape,2.219206
2019-11-11,2019-11-15,Aratu,2.238574
2019-11-11,2019-11-15,Santos,2.285136
2019-11-11,2019-11-15,Paranagua,2.277088
2019-11-11,2019-11-15,Tramandai,2.264804
2019-11-11,2019-11-15,Guamaré,2.275468
2019-11-11,2019-11-15,Duque de Caxias,2.350592
2019-11-11,2019-11-15,Betim,2.357628
2019-11-11,2019-11-15,Cubatão,2.293782
2019-11-11,2019-11-15,Mauá,2.311198
2019-11-11,2019-11-15,Paulínia,2.318598
2019-11-11,2019-11-15,São José dos Campos,2.316358
2019-11-11,2019-11-15,Araucária,2.295656
2019-11-11,2019-11-15,Canoas,2.284156
2019-11-18,2019-11-22,Manaus,2.190122
2019-11-18,2019-11-22,Itaqui,2.231588
2019-11-18,2019-11-22,Suape,2.200746
2019-11-18,2019-11-22,Aratu,2.219574
2019-11-18,2019-11-22,Santos,2.265442
2019-11-18,2019-11-22,Paranagua,2.257228
2019-11-18,2019-11-22,Tramandai,2.245264
2019-11-18,2019-11-22,Guamaré,2.257008
2019-11-18,2019-11-22,Duque de Caxias,2.330902
2019-11-18,2019-11-22,Betim,2.337934
2019-11-18,2019-11-22,Cubatão,2.274090
2019-11-18,2019-11-22,Mauá,2.291504
2019-11-18,2019-11-22,Paulínia,2.298904
2019-11-18,2019-11-22,São José dos Campos,2.296664
2019-11-18,2019-11-22,Araucária,2.275794
2019-11-18,2019-11-22,Canoas,2.264614
2019-11-25,2019-11-29,Manaus,2.276127
2019-11-25,2019-11-29,Itaqui,2.315367
2019-11-25,2019-11-29,Suape,2.285300
2019-11-25,2019-11-29,Aratu,2.303343
2019-11-25,2019-11-29,Santos,2.348187
2019-11-25,2019-11-29,Paranagua,2.339780
2019-11-25,2019-11-29,Tramandai,2.328167
2019-11-25,2019-11-29,Guamaré,2.341563
2019-11-25,2019-11-29,Duque de Caxias,2.413647
2019-11-25,2019-11-29,Betim,2.420680
2019-11-25,2019-11-29,Cubatão,2.356833
2019-11-25,2019-11-29,Mauá,2.374250
2019-11-25,2019-11-29,Paulínia,2.381650
2019-11-25,2019-11-29,São José dos Campos,2.379410
2019-11-25,2019-11-29,Araucária,2.358350
2019-11-25,2019-11-29,Canoas,2.347517
2019-12-02,2019-12-06,Manaus,2.225962
2019-12-02,2019-12-06,Itaqui,2.267376
2019-12-02,2019-12-06,Suape,2.236574
2019-12-02,2019-12-06,Aratu,2.255344
2019-12-02,2019-12-06,Santos,2.301112
2019-12-02,2019-12-06,Paranagua,2.292948
2019-12-02,2019-12-06,Tramandai,2.280864
2019-12-02,2019-12-06,Guamaré,2.292834
2019-12-02,2019-12-06,Duque de Caxias,2.366570
2019-12-02,2019-12-06,Betim,2.373604
2019-12-02,2019-12-06,Cubatão,2.309758
2019-12-02,2019-12-06,Mauá,2.327174
2019-12-02,2019-12-06,Paulínia,2.334574
2019-12-02,2019-12-06,São José dos Campos,2.332334
2019-12-02,2019-12-06,Araucária,2.311514
2019-12-02,2019-12-06,Canoas,2.300218
2019-12-09,2019-12-13,Manaus,2.217320
2019-12-09,2019-12-13,Itaqui,2.262962
2019-12-09,2019-12-13,Suape,2.230664
2019-12-09,2019-12-13,Aratu,2.250964
2019-12-09,2019-12-13,Santos,2.298774
2019-12-09,2019-12-13,Paranagua,2.290912
2019-12-09,2019-12-13,Tramandai,2.278312
2019-12-09,2019-12-13,Guamaré,2.286926
2019-12-09,2019-12-13,Duque de Caxias,2.364228
2019-12-09,2019-12-13,Betim,2.371266
2019-12-09,2019-12-13,Cubatão,2.307418
2019-12-09,2019-12-13,Mauá,2.324836
2019-12-09,2019-12-13,Paulínia,2.332234
2019-12-09,2019-12-13,São José dos Campos,2.329994
2019-12-09,2019-12-13,Araucária,2.309478
2019-12-09,2019-12-13,Canoas,2.297662
2019-12-16,2019-12-20,Manaus,2.266932
2019-12-16,2019-12-20,Itaqui,2.311836
2019-12-16,2019-12-20,Suape,2.279886
2019-12-16,2019-12-20,Aratu,2.299862
2019-12-16,2019-12-20,Santos,2.347272
2019-12-16,2019-12-20,Paranagua,2.339242
2019-12-16,2019-12-20,Tramandai,2.326986
2019-12-16,2019-12-20,Guamaré,2.336148
2019-12-16,2019-12-20,Duque de Caxias,2.412728
2019-12-16,2019-12-20,Betim,2.419764
2019-12-16,2019-12-20,Cubatão,2.355918
2019-12-16,2019-12-20,Mauá,2.373334
2019-12-16,2019-12-20,Paulínia,2.380734
2019-12-16,2019-12-20,São José dos Campos,2.378494
2019-12-16,2019-12-20,Araucária,2.357810
2019-12-16,2019-12-20,Canoas,2.346338
2019-12-23,2019-12-27,Manaus,2.316133
2019-12-23,2019-12-27,Itaqui,2.360700
2019-12-23,2019-12-27,Suape,2.328860
2019-12-23,2019-12-27,Aratu,2.348763
2019-12-23,2019-12-27,Santos,2.396115
2019-12-23,2019-12-27,Paranagua,2.387953
2019-12-23,2019-12-27,Tramandai,2.375990
2019-12-23,2019-12-27,Guamaré,2.385120
2019-12-23,2019-12-27,Duque de Caxias,2.461573
2019-12-23,2019-12-27,Betim,2.468608
2019-12-23,2019-12-27,Cubatão,2.404763
2019-12-23,2019-12-27,Mauá,2.422178
2019-12-23,2019-12-27,Paulínia,2.429578
2019-12-23,2019-12-27,São José dos Campos,2.427338
2019-12-23,2019-12-27,Araucária,2.406520
2019-12-23,2019-12-27,Canoas,2.395340
2019-12-30,2020-01-03,Manaus,2.298428
2019-12-30,2020-01-03,Itaqui,2.343963
2019-12-30,2020-01-03,Suape,2.311665
2019-12-30,2020-01-03,Aratu,2.332053
2019-12-30,2020-01-03,Santos,2.380103
2019-12-30,2020-01-03,Paranagua,2.371015
2019-12-30,2020-01-03,Tramandai,2.362123
2019-12-30,2020-01-03,Guamaré,2.367925
2019-12-30,2020-01-03,Duque de Caxias,2.445563
2019-12-30,2020-01-03,Betim,2.452600
2019-12-30,2020-01-03,Cubatão,2.388753
2019-12-30,2020-01-03,Mauá,2.406170
2019-12-30,2020-01-03,Paulínia,2.413568
2019-12-30,2020-01-03,São José dos Campos,2.411328
2019-12-30,2020-01-03,Araucária,2.389583
2019-12-30,2020-01-03,Canoas,2.381473
2020-01-06,2020-01-10,Manaus,2.296038
2020-01-06,2020-01-10,Itaqui,2.347088
2020-01-06,2020-01-10,Suape,2.312426
2020-01-06,2020-01-10,Aratu,2.335284
2020-01-06,2020-01-10,Santos,2.386700
2020-01-06,2020-01-10,Paranagua,2.376748
2020-01-06,2020-01-10,Tramandai,2.371220
2020-01-06,2020-01-10,Guamaré,2.368690
2020-01-06,2020-01-10,Duque de Caxias,2.452158
2020-01-06,2020-01-10,Betim,2.459198
2020-01-06,2020-01-10,Cubatão,2.395348
2020-01-06,2020-01-10,Mauá,2.412766
2020-01-06,2020-01-10,Paulínia,2.420166
2020-01-06,2020-01-10,São José dos Campos,2.417926
2020-01-06,2020-01-10,Araucária,2.395312
2020-01-06,2020-01-10,Canoas,2.390572
2020-01-13,2020-01-17,Manaus,2.239834
2020-01-13,2020-01-17,Itaqui,2.302704
2020-01-13,2020-01-17,Suape,2.263334
2020-01-13,2020-01-17,Aratu,2.291024
2020-01-13,2020-01-17,Santos,2.348912
2020-01-13,2020-01-17,Paranagua,2.339386
2020-01-13,2020-01-17,Tramandai,2.333882
2020-01-13,2020-01-17,Guamaré,2.319596
2020-01-13,2020-01-17,Duque de Caxias,2.414372
2020-01-13,2020-01-17,Betim,2.421408
2020-01-13,2020-01-17,Cubatão,2.357560
2020-01-13,2020-01-17,Mauá,2.374978
2020-01-13,2020-01-17,Paulínia,2.382378
2020-01-13,2020-01-17,São José dos Campos,2.380138
2020-01-13,2020-01-17,Araucária,2.357956
2020-01-13,2020-01-17,Canoas,2.353234
2020-01-20,2020-01-24,Manaus,2.180450
2020-01-20,2020-01-24,Itaqui,2.245395
2020-01-20,2020-01-24,Suape,2.205150
2020-01-20,2020-01-24,Aratu,2.233800
2020-01-20,2020-01-24,Santos,2.293063
2020-01-20,2020-01-24,Paranagua,2.283418
2020-01-20,2020-01-24,Tramandai,2.278368
2020-01-20,2020-01-24,Guamaré,2.261413
2020-01-20,2020-01-24,Duque de Caxias,2.358518
2020-01-20,2020-01-24,Betim,2.365558
2020-01-20,2020-01-24,Cubatão,2.301708
2020-01-20,2020-01-24,Mauá,2.319125
2020-01-20,2020-01-24,Paulínia,2.326525
2020-01-20,2020-01-24,São José dos Campos,2.324285
2020-01-20,2020-01-24,Araucária,2.301988
2020-01-20,2020-01-24,Canoas,2.297718
2020-01-27,2020-01-31,Manaus,2.035914
2020-01-27,2020-01-31,Itaqui,2.094780
2020-01-27,2020-01-31,Suape,2.056858
2020-01-27,2020-01-31,Aratu,2.083024
2020-01-27,2020-01-31,Santos,2.138822
2020-01-27,2020-01-31,Paranagua,2.129282
2020-01-27,2020-01-31,Tramandai,2.123508
2020-01-27,2020-01-31,Guamaré,2.113118
2020-01-27,2020-01-31,Duque de Caxias,2.204280
2020-01-27,2020-01-31,Betim,2.211316
2020-01-27,2020-01-31,Cubatão,2.147468
2020-01-27,2020-01-31,Mauá,2.164886
2020-01-27,2020-01-31,Paulínia,2.172286
2020-01-27,2020-01-31,São José dos Campos,2.170046
2020-01-27,2020-01-31,Araucária,2.147844
2020-01-27,2020-01-31,Canoas,2.142858
2020-02-03,2020-02-07,Manaus,1.897794
2020-02-03,2020-02-07,Itaqui,1.939508
2020-02-03,2020-02-07,Suape,1.908236
2020-02-03,2020-02-07,Aratu,1.927430
2020-02-03,2020-02-07,Santos,1.973708
2020-02-03,2020-02-07,Paranagua,1.964006
2020-02-03,2020-02-07,Tramandai,1.957186
2020-02-03,2020-02-07,Guamaré,1.964496
2020-02-03,2020-02-07,Duque de Caxias,2.039164
2020-02-03,2020-02-07,Betim,2.046200
2020-02-03,2020-02-07,Cubatão,1.982354
2020-02-03,2020-02-07,Mauá,1.999770
2020-02-03,2020-02-07,Paulínia,2.007170
2020-02-03,2020-02-07,São José dos Campos,2.004930
2020-02-03,2020-02-07,Araucária,1.982574
2020-02-03,2020-02-07,Canoas,1.976538
2020-02-10,2020-02-14,Manaus,1.958706
2020-02-10,2020-02-14,Itaqui,1.992944
2020-02-10,2020-02-14,Suape,1.964448
2020-02-10,2020-02-14,Aratu,1.980806
2020-02-10,2020-02-14,Santos,2.023306
2020-02-10,2020-02-14,Paranagua,2.013304
2020-02-10,2020-02-14,Tramandai,2.006582
2020-02-10,2020-02-14,Guamaré,2.020710
2020-02-10,2020-02-14,Duque de Caxias,2.088764
2020-02-10,2020-02-14,Betim,2.095802
2020-02-10,2020-02-14,Cubatão,2.031954
2020-02-10,2020-02-14,Mauá,2.049370
2020-02-10,2020-02-14,Paulínia,2.056770
2020-02-10,2020-02-14,São José dos Campos,2.054530
2020-02-10,2020-02-14,Araucária,2.031872
2020-02-10,2020-02-14,Canoas,2.025932
2020-02-17,2020-02-21,Manaus,2.034458
2020-02-17,2020-02-21,Itaqui,2.068215
2020-02-17,2020-02-21,Suape,2.039810
2020-02-17,2020-02-21,Aratu,2.056110
2020-02-17,2020-02-21,Santos,2.098583
2020-02-17,2020-02-21,Paranagua,2.088465
2020-02-17,2020-02-21,Tramandai,2.081990
2020-02-17,2020-02-21,Guamaré,2.096073
2020-02-17,2020-02-21,Duque de Caxias,2.164043
2020-02-17,2020-02-21,Betim,2.171080
2020-02-17,2020-02-21,Cubatão,2.107233
2020-02-17,2020-02-21,Mauá,2.124645
2020-02-17,2020-02-21,Paulínia,2.132043
2020-02-17,2020-02-21,São José dos Campos,2.129803
2020-02-17,2020-02-21,Araucária,2.107030
2020-02-17,2020-02-21,Canoas,2.101340
2020-02-24,2020-02-28,Manaus,1.947134
2020-02-24,2020-02-28,Itaqui,1.985716
2020-02-24,2020-02-28,Suape,1.955336
2020-02-24,2020-02-28,Aratu,1.973686
2020-02-24,2020-02-28,Santos,2.018928
2020-02-24,2020-02-28,Paranagua,2.008926
2020-02-24,2020-02-28,Tramandai,2.002608
2020-02-24,2020-02-28,Guamaré,2.011596
2020-02-24,2020-02-28,Duque de Caxias,2.084388
2020-02-24,2020-02-28,Betim,2.091426
2020-02-24,2020-02-28,Cubatão,2.027578
2020-02-24,2020-02-28,Mauá,2.044996
2020-02-24,2020-02-28,Paulínia,2.052396
2020-02-24,2020-02-28,São José dos Campos,2.050156
2020-02-24,2020-02-28,Araucária,2.027492
2020-02-24,2020-02-28,Canoas,2.021958
2020-03-02,2020-03-06,Manaus,1.931474
2020-03-02,2020-03-06,Itaqui,1.980124
2020-03-02,2020-03-06,Suape,1.945608
2020-03-02,2020-03-06,Aratu,1.968264
2020-03-02,2020-03-06,Santos,2.019364
2020-03-02,2020-03-06,Paranagua,2.009540
2020-03-02,2020-03-06,Tramandai,2.003682
2020-03-02,2020-03-06,Guamaré,2.001868
2020-03-02,2020-03-06,Duque de Caxias,2.084820
2020-03-02,2020-03-06,Betim,2.091856
2020-03-02,2020-03-06,Cubatão,2.028010
2020-03-02,2020-03-06,Mauá,2.045426
2020-03-02,2020-03-06,Paulínia,2.052826
2020-03-02,2020-03-06,São José dos Campos,2.050586
2020-03-02,2020-03-06,Araucária,2.028110
2020-03-02,2020-03-06,Canoas,2.023036
2020-03-09,2020-03-13,Manaus,1.595764
2020-03-09,2020-03-13,Itaqui,1.648332
2020-03-09,2020-03-13,Suape,1.611934
2020-03-09,2020-03-13,Aratu,1.636658
2020-03-09,2020-03-13,Santos,1.690696
2020-03-09,2020-03-13,Paranagua,1.680626
2020-03-09,2020-03-13,Tramandai,1.675728
2020-03-09,2020-03-13,Guamaré,1.668196
2020-03-09,2020-03-13,Duque de Caxias,1.756152
2020-03-09,2020-03-13,Betim,1.763188
2020-03-09,2020-03-13,Cubatão,1.699342
2020-03-09,2020-03-13,Mauá,1.716758
2020-03-09,2020-03-13,Paulínia,1.724158
2020-03-09,2020-03-13,São José dos Campos,1.721918
2020-03-09,2020-03-13,Araucária,1.699188
2020-03-09,2020-03-13,Canoas,1.695078
2020-03-16,2020-03-20,Manaus,1.287796
2020-03-16,2020-03-20,Itaqui,1.336404
2020-03-16,2020-03-20,Suape,1.301034
2020-03-16,2020-03-20,Aratu,1.324672
2020-03-16,2020-03-20,Santos,1.377210
2020-03-16,2020-03-20,Paranagua,1.367148
2020-03-16,2020-03-20,Tramandai,1.362012
2020-03-16,2020-03-20,Guamaré,1.357296
2020-03-16,2020-03-20,Duque de Caxias,1.442666
2020-03-16,2020-03-20,Betim,1.449702
2020-03-16,2020-03-20,Cubatão,1.385856
2020-03-16,2020-03-20,Mauá,1.403272
2020-03-16,2020-03-20,Paulínia,1.410672
2020-03-16,2020-03-20,São José dos Campos,1.408432
2020-03-16,2020-03-20,Araucária,1.385714
2020-03-16,2020-03-20,Canoas,1.381364
2020-03-23,2020-03-27,Manaus,1.135916
2020-03-23,2020-03-27,Itaqui,1.173958
2020-03-23,2020-03-27,Suape,1.142736
2020-03-23,2020-03-27,Aratu,1.162032
2020-03-23,2020-03-27,Santos,1.208654
2020-03-23,2020-03-27,Paranagua,1.198472
2020-03-23,2020-03-27,Tramandai,1.192734
2020-03-23,2020-03-27,Guamaré,1.198996
2020-03-23,2020-03-27,Duque de Caxias,1.274112
2020-03-23,2020-03-27,Betim,1.281150
2020-03-23,2020-03-27,Cubatão,1.217300
2020-03-23,2020-03-27,Mauá,1.234720
2020-03-23,2020-03-27,Paulínia,1.242120
2020-03-23,2020-03-27,São José dos Campos,1.239880
2020-03-23,2020-03-27,Araucária,1.217040
2020-03-23,2020-03-27,Canoas,1.212086
2020-03-30,2020-04-03,Manaus,1.183234
2020-03-30,2020-04-03,Itaqui,1.218954
2020-03-30,2020-04-03,Suape,1.188330
2020-03-30,2020-04-03,Aratu,1.206984
2020-03-30,2020-04-03,Santos,1.252706
2020-03-30,2020-04-03,Paranagua,1.242552
2020-03-30,2020-04-03,Tramandai,1.236624
2020-03-30,2020-04-03,Guamaré,1.244592
2020-03-30,2020-04-03,Duque de Caxias,1.318166
2020-03-30,2020-04-03,Betim,1.325202
2020-03-30,2020-04-03,Cubatão,1.261356
2020-03-30,2020-04-03,Mauá,1.278772
2020-03-30,2020-04-03,Paulínia,1.286172
2020-03-30,2020-04-03,São José dos Campos,1.283932
2020-03-30,2020-04-03,Araucária,1.261120
2020-03-30,2020-04-03,Canoas,1.255974
2020-04-06,2020-04-09,Manaus,1.222988
2020-04-06,2020-04-09,Itaqui,1.258275
2020-04-06,2020-04-09,Suape,1.227923
2020-04-06,2020-04-09,Aratu,1.246308
2020-04-06,2020-04-09,Santos,1.291683
2020-04-06,2020-04-09,Paranagua,1.281470
2020-04-06,2020-04-09,Tramandai,1.275615
2020-04-06,2020-04-09,Guamaré,1.284185
2020-04-06,2020-04-09,Duque de Caxias,1.357140
2020-04-06,2020-04-09,Betim,1.364178
2020-04-06,2020-04-09,Cubatão,1.300330
2020-04-06,2020-04-09,Mauá,1.317748
2020-04-06,2020-04-09,Paulínia,1.325148
2020-04-06,2020-04-09,São José dos Campos,1.322908
2020-04-06,2020-04-09,Araucária,1.300040
2020-04-06,2020-04-09,Canoas,1.294968
2020-04-13,2020-04-17,Manaus,1.133288
2020-04-13,2020-04-17,Itaqui,1.174962
2020-04-13,2020-04-17,Suape,1.142004
2020-04-13,2020-04-17,Aratu,1.163170
2020-04-13,2020-04-17,Santos,1.212410
2020-04-13,2020-04-17,Paranagua,1.202104
2020-04-13,2020-04-17,Tramandai,1.197014
2020-04-13,2020-04-17,Guamaré,1.198266
2020-04-13,2020-04-17,Duque de Caxias,1.277868
2020-04-13,2020-04-17,Betim,1.284904
2020-04-13,2020-04-17,Cubatão,1.221058
2020-04-13,2020-04-17,Mauá,1.238474
2020-04-13,2020-04-17,Paulínia,1.245874
2020-04-13,2020-04-17,São José dos Campos,1.243634
2020-04-13,2020-04-17,Araucária,1.220672
2020-04-13,2020-04-17,Canoas,1.216364
2020-04-20,2020-04-24,Manaus,1.113096
2020-04-20,2020-04-24,Itaqui,1.203866
2020-04-20,2020-04-24,Suape,1.151404
2020-04-20,2020-04-24,Aratu,1.192924
2020-04-20,2020-04-24,Santos,1.269852
2020-04-20,2020-04-24,Paranagua,1.260296
2020-04-20,2020-04-24,Tramandai,1.257628
2020-04-20,2020-04-24,Guamaré,1.207664
2020-04-20,2020-04-24,Duque de Caxias,1.335312
2020-04-20,2020-04-24,Betim,1.342348
2020-04-20,2020-04-24,Cubatão,1.278502
2020-04-20,2020-04-24,Mauá,1.295916
2020-04-20,2020-04-24,Paulínia,1.303316
2020-04-20,2020-04-24,São José dos Campos,1.301076
2020-04-20,2020-04-24,Araucária,1.278864
2020-04-20,2020-04-24,Canoas,1.276978
2020-04-27,2020-05-01,Manaus,0.986184
2020-04-27,2020-05-01,Itaqui,1.090732
2020-04-27,2020-05-01,Suape,1.032674
2020-04-27,2020-05-01,Aratu,1.080238
2020-04-27,2020-05-01,Santos,1.165666
2020-04-27,2020-05-01,Paranagua,1.155672
2020-04-27,2020-05-01,Tramandai,1.155178
2020-04-27,2020-05-01,Guamaré,1.110488
2020-04-27,2020-05-01,Duque de Caxias,1.256338
2020-04-27,2020-05-01,Betim,1.266376
2020-04-27,2020-05-01,Cubatão,1.179900
2020-04-27,2020-05-01,Mauá,1.197520
2020-04-27,2020-05-01,Paulínia,1.212456
2020-04-27,2020-05-01,São José dos Campos,1.207778
2020-04-27,2020-05-01,Araucária,1.183166
2020-04-27,2020-05-01,Canoas,1.183252
2020-05-04,2020-05-08,Manaus,1.188632
2020-05-04,2020-05-08,Itaqui,1.250670
2020-05-04,2020-05-08,Suape,1.209012
2020-05-04,2020-05-08,Aratu,1.239276
2020-05-04,2020-05-08,Santos,1.300920
2020-05-04,2020-05-08,Paranagua,1.290878
2020-05-04,2020-05-08,Tramandai,1.287018
2020-05-04,2020-05-08,Guamaré,1.378766
2020-05-04,2020-05-08,Duque de Caxias,1.499130
2020-05-04,2020-05-08,Betim,1.521946
2020-05-04,2020-05-08,Cubatão,1.338768
2020-05-04,2020-05-08,Mauá,1.357846
2020-05-04,2020-05-08,Paulínia,1.404520
2020-05-04,2020-05-08,São José dos Campos,1.389584
2020-05-04,2020-05-08,Araucária,1.356284
2020-05-04,2020-05-08,Canoas,1.352190
2020-05-11,2020-05-15,Manaus,1.288012
2020-05-11,2020-05-15,Itaqui,1.328136
2020-05-11,2020-05-15,Suape,1.294758
2020-05-11,2020-05-15,Aratu,1.316332
2020-05-11,2020-05-15,Santos,1.366090
2020-05-11,2020-05-15,Paranagua,1.355902
2020-05-11,2020-05-15,Tramandai,1.350638
2020-05-11,2020-05-15,Guamaré,1.470060
2020-05-11,2020-05-15,Duque de Caxias,1.570780
2020-05-11,2020-05-15,Betim,1.594344
2020-05-11,2020-05-15,Cubatão,1.405178
2020-05-11,2020-05-15,Mauá,1.424880
2020-05-11,2020-05-15,Paulínia,1.473076
2020-05-11,2020-05-15,São José dos Campos,1.457654
2020-05-11,2020-05-15,Araucária,1.423444
2020-05-11,2020-05-15,Canoas,1.417940
2020-05-18,2020-05-22,Manaus,1.467644
2020-05-18,2020-05-22,Itaqui,1.503136
2020-05-18,2020-05-22,Suape,1.471904
2020-05-18,2020-05-22,Aratu,1.492346
2020-05-18,2020-05-22,Santos,1.541274
2020-05-18,2020-05-22,Paranagua,1.529886
2020-05-18,2020-05-22,Tramandai,1.527694
2020-05-18,2020-05-22,Guamaré,1.640908
2020-05-18,2020-05-22,Duque de Caxias,1.738606
2020-05-18,2020-05-22,Betim,1.761322
2020-05-18,2020-05-22,Cubatão,1.578956
2020-05-18,2020-05-22,Mauá,1.597948
2020-05-18,2020-05-22,Paulínia,1.644414
2020-05-18,2020-05-22,São José dos Campos,1.629546
2020-05-18,2020-05-22,Araucária,1.595000
2020-05-18,2020-05-22,Canoas,1.592582
2020-05-25,2020-05-29,Manaus,1.405533
2020-05-25,2020-05-29,Itaqui,1.442573
2020-05-25,2020-05-29,Suape,1.411265
2020-05-25,2020-05-29,Aratu,1.431775
2020-05-25,2020-05-29,Santos,1.480778
2020-05-25,2020-05-29,Paranagua,1.469423
2020-05-25,2020-05-29,Tramandai,1.467165
2020-05-25,2020-05-29,Guamaré,1.570733
2020-05-25,2020-05-29,Duque de Caxias,1.666975
2020-05-25,2020-05-29,Betim,1.688410
2020-05-25,2020-05-29,Cubatão,1.516335
2020-05-25,2020-05-29,Mauá,1.534258
2020-05-25,2020-05-29,Paulínia,1.578098
2020-05-25,2020-05-29,São José dos Campos,1.564070
2020-05-25,2020-05-29,Araucária,1.530865
2020-05-25,2020-05-29,Canoas,1.528388
2020-06-01,2020-06-05,Manaus,1.413646
2020-06-01,2020-06-05,Itaqui,1.450662
2020-06-01,2020-06-05,Suape,1.419666
2020-06-01,2020-06-05,Aratu,1.439824
2020-06-01,2020-06-05,Santos,1.488330
2020-06-01,2020-06-05,Paranagua,1.476996
2020-06-01,2020-06-05,Tramandai,1.474616
2020-06-01,2020-06-05,Guamaré,1.573608
2020-06-01,2020-06-05,Duque de Caxias,1.668074
2020-06-01,2020-06-05,Betim,1.688766
2020-06-01,2020-06-05,Cubatão,1.522656
2020-06-01,2020-06-05,Mauá,1.539956
2020-06-01,2020-06-05,Paulínia,1.582278
2020-06-01,2020-06-05,São José dos Campos,1.568734
2020-06-01,2020-06-05,Araucária,1.536306
2020-06-01,2020-06-05,Canoas,1.533718
2020-06-08,2020-06-12,Manaus,1.482046
2020-06-08,2020-06-12,Itaqui,1.515352
2020-06-08,2020-06-12,Suape,1.486146
2020-06-08,2020-06-12,Aratu,1.504368
2020-06-08,2020-06-12,Santos,1.550198
2020-06-08,2020-06-12,Paranagua,1.538864
2020-06-08,2020-06-12,Tramandai,1.536052
2020-06-08,2020-06-12,Guamaré,1.633874
2020-06-08,2020-06-12,Duque de Caxias,1.722692
2020-06-08,2020-06-12,Betim,1.742550
2020-06-08,2020-06-12,Cubatão,1.583138
2020-06-08,2020-06-12,Mauá,1.599740
2020-06-08,2020-06-12,Paulínia,1.640356
2020-06-08,2020-06-12,São José dos Campos,1.627362
2020-06-08,2020-06-12,Araucária,1.595782
2020-06-08,2020-06-12,Canoas,1.592772
2020-06-15,2020-06-19,Manaus,1.611140
2020-06-15,2020-06-19,Itaqui,1.637694
2020-06-15,2020-06-19,Suape,1.610588
2020-06-15,2020-06-19,Aratu,1.626674
2020-06-15,2020-06-19,Santos,1.669686
2020-06-15,2020-06-19,Paranagua,1.658048
2020-06-15,2020-06-19,Tramandai,1.655466
2020-06-15,2020-06-19,Guamaré,1.767090
2020-06-15,2020-06-19,Duque de Caxias,1.852418
2020-06-15,2020-06-19,Betim,1.873456
2020-06-15,2020-06-19,Cubatão,1.704580
2020-06-15,2020-06-19,Mauá,1.722168
2020-06-15,2020-06-19,Paulínia,1.765196
2020-06-15,2020-06-19,São José dos Campos,1.751428
2020-06-15,2020-06-19,Araucária,1.718346
2020-06-15,2020-06-19,Canoas,1.715550
2020-06-22,2020-06-26,Manaus,1.655258
2020-06-22,2020-06-26,Itaqui,1.679330
2020-06-22,2020-06-26,Suape,1.653062
2020-06-22,2020-06-26,Aratu,1.668314
2020-06-22,2020-06-26,Santos,1.710244
2020-06-22,2020-06-26,Paranagua,1.698452
2020-06-22,2020-06-26,Tramandai,1.696044
2020-06-22,2020-06-26,Guamaré,1.811506
2020-06-22,2020-06-26,Duque de Caxias,1.895244
2020-06-22,2020-06-26,Betim,1.916546
2020-06-22,2020-06-26,Cubatão,1.745570
2020-06-22,2020-06-26,Mauá,1.763378
2020-06-22,2020-06-26,Paulínia,1.806940
2020-06-22,2020-06-26,São José dos Campos,1.793004
2020-06-22,2020-06-26,Araucária,1.759496
2020-06-22,2020-06-26,Canoas,1.756874
2020-06-29,2020-07-02,Manaus,1.640178
2020-06-29,2020-07-02,Itaqui,1.667720
2020-06-29,2020-07-02,Suape,1.639960
2020-06-29,2020-07-02,Aratu,1.656855
2020-06-29,2020-07-02,Santos,1.701080
2020-06-29,2020-07-02,Paranagua,1.689235
2020-06-29,2020-07-02,Tramandai,1.687313
2020-06-29,2020-07-02,Guamaré,1.800835
2020-06-29,2020-07-02,Duque de Caxias,1.888923
2020-06-29,2020-07-02,Betim,1.910548
2020-06-29,2020-07-02,Cubatão,1.736950
2020-06-29,2020-07-02,Mauá,1.755030
2020-06-29,2020-07-02,Paulínia,1.799263
2020-06-29,2020-07-02,São José dos Campos,1.785108
2020-06-29,2020-07-02,Araucária,1.751220
2020-06-29,2020-07-02,Canoas,1.749083
2020-07-06,2020-07-10,Manaus,1.720044
2020-07-06,2020-07-10,Itaqui,1.749252
2020-07-06,2020-07-10,Suape,1.720928
2020-07-06,2020-07-10,Aratu,1.738330
2020-07-06,2020-07-10,Santos,1.783152
2020-07-06,2020-07-10,Paranagua,1.771526
2020-07-06,2020-07-10,Tramandai,1.769212
2020-07-06,2020-07-10,Guamaré,1.880774
2020-07-06,2020-07-10,Duque de Caxias,1.969788
2020-07-06,2020-07-10,Betim,1.991276
2020-07-06,2020-07-10,Cubatão,1.818792
2020-07-06,2020-07-10,Mauá,1.836756
2020-07-06,2020-07-10,Paulínia,1.880704
2020-07-06,2020-07-10,São José dos Campos,1.866644
2020-07-06,2020-07-10,Araucária,1.833112
2020-07-06,2020-07-10,Canoas,1.830582
2020-07-13,2020-07-17,Manaus,1.758838
2020-07-13,2020-07-17,Itaqui,1.802886
2020-07-13,2020-07-17,Suape,1.768912
2020-07-13,2020-07-17,Aratu,1.792012
2020-07-13,2020-07-17,Santos,1.844308
2020-07-13,2020-07-17,Paranagua,1.833582
2020-07-13,2020-07-17,Tramandai,1.830440
2020-07-13,2020-07-17,Guamaré,1.928910
2020-07-13,2020-07-17,Duque de Caxias,2.031122
2020-07-13,2020-07-17,Betim,2.052630
2020-07-13,2020-07-17,Cubatão,1.879980
2020-07-13,2020-07-17,Mauá,1.897962
2020-07-13,2020-07-17,Paulínia,1.941954
2020-07-13,2020-07-17,São José dos Campos,1.927876
2020-07-13,2020-07-17,Araucária,1.895228
2020-07-13,2020-07-17,Canoas,1.891868
2020-07-20,2020-07-24,Manaus,1.764410
2020-07-20,2020-07-24,Itaqui,1.812856
2020-07-20,2020-07-24,Suape,1.777374
2020-07-20,2020-07-24,Aratu,1.802274
2020-07-20,2020-07-24,Santos,1.857222
2020-07-20,2020-07-24,Paranagua,1.846148
2020-07-20,2020-07-24,Tramandai,1.844222
2020-07-20,2020-07-24,Guamaré,1.932628
2020-07-20,2020-07-24,Duque de Caxias,2.038498
2020-07-20,2020-07-24,Betim,2.059364
2020-07-20,2020-07-24,Cubatão,1.891840
2020-07-20,2020-07-24,Mauá,1.909286
2020-07-20,2020-07-24,Paulínia,1.951970
2020-07-20,2020-07-24,São José dos Campos,1.938310
2020-07-20,2020-07-24,Araucária,1.905962
2020-07-20,2020-07-24,Canoas,1.903826
2020-07-27,2020-07-31,Manaus,1.739696
2020-07-27,2020-07-31,Itaqui,1.780618
2020-07-27,2020-07-31,Suape,1.748088
2020-07-27,2020-07-31,Aratu,1.769876
2020-07-27,2020-07-31,Santos,1.820602
2020-07-27,2020-07-31,Paranagua,1.809342
2020-07-27,2020-07-31,Tramandai,1.807150
2020-07-27,2020-07-31,Guamaré,1.902500
2020-07-27,2020-07-31,Duque de Caxias,2.000896
2020-07-27,2020-07-31,Betim,2.021650
2020-07-27,2020-07-31,Cubatão,1.855028
2020-07-27,2020-07-31,Mauá,1.872386
2020-07-27,2020-07-31,Paulínia,1.914836
2020-07-27,2020-07-31,São José dos Campos,1.901256
2020-07-27,2020-07-31,Araucária,1.868836
2020-07-27,2020-07-31,Canoas,1.866432
2020-08-03,2020-08-07,Manaus,1.788594
2020-08-03,2020-08-07,Itaqui,1.825962
2020-08-03,2020-08-07,Suape,1.794510
2020-08-03,2020-08-07,Aratu,1.815202
2020-08-03,2020-08-07,Santos,1.864488
2020-08-03,2020-08-07,Paranagua,1.853070
2020-08-03,2020-08-07,Tramandai,1.851002
2020-08-03,2020-08-07,Guamaré,1.954036
2020-08-03,2020-08-07,Duque de Caxias,2.050748
2020-08-03,2020-08-07,Betim,2.072194
2020-08-03,2020-08-07,Cubatão,1.900054
2020-08-03,2020-08-07,Mauá,1.917982
2020-08-03,2020-08-07,Paulínia,1.961844
2020-08-03,2020-08-07,São José dos Campos,1.947810
2020-08-03,2020-08-07,Araucária,1.914530
2020-08-03,2020-08-07,Canoas,1.912250
2020-08-10,2020-08-14,Manaus,1.831970
2020-08-10,2020-08-14,Itaqui,1.876406
2020-08-10,2020-08-14,Suape,1.842076
2020-08-10,2020-08-14,Aratu,1.865848
2020-08-10,2020-08-14,Santos,1.919344
2020-08-10,2020-08-14,Paranagua,1.908028
2020-08-10,2020-08-14,Tramandai,1.906414
2020-08-10,2020-08-14,Guamaré,2.004236
2020-08-10,2020-08-14,Duque de Caxias,2.108690
2020-08-10,2020-08-14,Betim,2.130486
2020-08-10,2020-08-14,Cubatão,1.955502
2020-08-10,2020-08-14,Mauá,1.973726
2020-08-10,2020-08-14,Paulínia,2.018310
2020-08-10,2020-08-14,São José dos Campos,2.004046
2020-08-10,2020-08-14,Araucária,1.970506
2020-08-10,2020-08-14,Canoas,1.968674
2020-08-17,2020-08-21,Manaus,1.874348
2020-08-17,2020-08-21,Itaqui,1.921870
2020-08-17,2020-08-21,Suape,1.886088
2020-08-17,2020-08-21,Aratu,1.911638
2020-08-17,2020-08-21,Santos,1.967794
2020-08-17,2020-08-21,Paranagua,1.956046
2020-08-17,2020-08-21,Tramandai,1.955836
2020-08-17,2020-08-21,Guamaré,2.051564
2020-08-17,2020-08-21,Duque de Caxias,2.161006
2020-08-17,2020-08-21,Betim,2.183250
2020-08-17,2020-08-21,Cubatão,2.004692
2020-08-17,2020-08-21,Mauá,2.023286
2020-08-17,2020-08-21,Paulínia,2.068784
2020-08-17,2020-08-21,São José dos Campos,2.054222
2020-08-17,2020-08-21,Araucária,2.019802
2020-08-17,2020-08-21,Canoas,2.019368
2020-08-24,2020-08-28,Manaus,1.890054
2020-08-24,2020-08-28,Itaqui,1.930778
2020-08-24,2020-08-28,Suape,1.897646
2020-08-24,2020-08-28,Aratu,1.920266
2020-08-24,2020-08-28,Santos,1.972330
2020-08-24,2020-08-28,Paranagua,1.960686
2020-08-24,2020-08-28,Tramandai,1.959578
2020-08-24,2020-08-28,Guamaré,2.063342
2020-08-24,2020-08-28,Duque de Caxias,2.165802
2020-08-24,2020-08-28,Betim,2.188072
2020-08-24,2020-08-28,Cubatão,2.009276
2020-08-24,2020-08-28,Mauá,2.027896
2020-08-24,2020-08-28,Paulínia,2.073454
2020-08-24,2020-08-28,São José dos Campos,2.058876
2020-08-24,2020-08-28,Araucária,2.024526
2020-08-24,2020-08-28,Canoas,2.023196
2020-08-31,2020-09-04,Manaus,1.751630
2020-08-31,2020-09-04,Itaqui,1.782188
2020-08-31,2020-09-04,Suape,1.753352
2020-08-31,2020-09-04,Aratu,1.771228
2020-08-31,2020-09-04,Santos,1.816638
2020-08-31,2020-09-04,Paranagua,1.805180
2020-08-31,2020-09-04,Tramandai,1.802572
2020-08-31,2020-09-04,Guamaré,1.913564
2020-08-31,2020-09-04,Duque de Caxias,2.003704
2020-08-31,2020-09-04,Betim,2.025242
2020-08-31,2020-09-04,Cubatão,1.852360
2020-08-31,2020-09-04,Mauá,1.870364
2020-08-31,2020-09-04,Paulínia,1.914412
2020-08-31,2020-09-04,São José dos Campos,1.900318
2020-08-31,2020-09-04,Araucária,1.866910
2020-08-31,2020-09-04,Canoas,1.864080
2020-09-07,2020-09-11,Manaus,1.604763
2020-09-07,2020-09-11,Itaqui,1.629485
2020-09-07,2020-09-11,Suape,1.602968
2020-09-07,2020-09-11,Aratu,1.618385
2020-09-07,2020-09-11,Santos,1.660448
2020-09-07,2020-09-11,Paranagua,1.648870
2020-09-07,2020-09-11,Tramandai,1.645993
2020-09-07,2020-09-11,Guamaré,1.761960
2020-09-07,2020-09-11,Duque de Caxias,1.846088
2020-09-07,2020-09-11,Betim,1.867460
2020-09-07,2020-09-11,Cubatão,1.695898
2020-09-07,2020-09-11,Mauá,1.713763
2020-09-07,2020-09-11,Paulínia,1.757475
2020-09-07,2020-09-11,São José dos Campos,1.743490
2020-09-07,2020-09-11,Araucária,1.710128
2020-09-07,2020-09-11,Canoas,1.707035
2020-09-14,2020-09-18,Manaus,1.579392
2020-09-14,2020-09-18,Itaqui,1.599130
2020-09-14,2020-09-18,Suape,1.574586
2020-09-14,2020-09-18,Aratu,1.588012
2020-09-14,2020-09-18,Santos,1.627462
2020-09-14,2020-09-18,Paranagua,1.615572
2020-09-14,2020-09-18,Tramandai,1.612980
2020-09-14,2020-09-18,Guamaré,1.732138
2020-09-14,2020-09-18,Duque de Caxias,1.811424
2020-09-14,2020-09-18,Betim,1.832604
2020-09-14,2020-09-18,Cubatão,1.662590
2020-09-14,2020-09-18,Mauá,1.680296
2020-09-14,2020-09-18,Paulínia,1.723616
2020-09-14,2020-09-18,São José dos Campos,1.709754
2020-09-14,2020-09-18,Araucária,1.676276
2020-09-14,2020-09-18,Canoas,1.673470
2020-09-21,2020-09-25,Manaus,1.631736
2020-09-21,2020-09-25,Itaqui,1.651584
2020-09-21,2020-09-25,Suape,1.626612
2020-09-21,2020-09-25,Aratu,1.640546
2020-09-21,2020-09-25,Santos,1.680744
2020-09-21,2020-09-25,Paranagua,1.668762
2020-09-21,2020-09-25,Tramandai,1.666498
2020-09-21,2020-09-25,Guamaré,1.790918
2020-09-21,2020-09-25,Duque de Caxias,1.872588
2020-09-21,2020-09-25,Betim,1.894674
2020-09-21,2020-09-25,Cubatão,1.717378
2020-09-21,2020-09-25,Mauá,1.735842
2020-09-21,2020-09-25,Paulínia,1.781016
2020-09-21,2020-09-25,São José dos Campos,1.766564
2020-09-21,2020-09-25,Araucária,1.732066
2020-09-21,2020-09-25,Canoas,1.729580
2020-09-28,2020-10-02,Manaus,1.711854
2020-09-28,2020-10-02,Itaqui,1.739888
2020-09-28,2020-10-02,Suape,1.711522
2020-09-28,2020-10-02,Aratu,1.729090
2020-09-28,2020-10-02,Santos,1.774262
2020-09-28,2020-10-02,Paranagua,1.762386
2020-09-28,2020-10-02,Tramandai,1.760690
2020-09-28,2020-10-02,Guamaré,1.879886
2020-09-28,2020-10-02,Duque de Caxias,1.970850
2020-09-28,2020-10-02,Betim,1.993482
2020-09-28,2020-10-02,Cubatão,1.811802
2020-09-28,2020-10-02,Mauá,1.830722
2020-09-28,2020-10-02,Paulínia,1.877012
2020-09-28,2020-10-02,São José dos Campos,1.862202
2020-09-28,2020-10-02,Araucária,1.827254
2020-09-28,2020-10-02,Canoas,1.825328
2020-10-05,2020-10-09,Manaus,1.747458
2020-10-05,2020-10-09,Itaqui,1.773370
2020-10-05,2020-10-09,Suape,1.745910
2020-10-05,2020-10-09,Aratu,1.762546
2020-10-05,2020-10-09,Santos,1.806486
2020-10-05,2020-10-09,Paranagua,1.794494
2020-10-05,2020-10-09,Tramandai,1.792854
2020-10-05,2020-10-09,Guamaré,1.912474
2020-10-05,2020-10-09,Duque de Caxias,2.000970
2020-10-05,2020-10-09,Betim,2.023356
2020-10-05,2020-10-09,Cubatão,1.843622
2020-10-05,2020-10-09,Mauá,1.862342
2020-10-05,2020-10-09,Paulínia,1.908136
2020-10-05,2020-10-09,São José dos Campos,1.893482
2020-10-05,2020-10-09,Araucária,1.858670
2020-10-05,2020-10-09,Canoas,1.856806
2020-10-12,2020-10-16,Manaus,1.794328
2020-10-12,2020-10-16,Itaqui,1.813932
2020-10-12,2020-10-16,Suape,1.788900
2020-10-12,2020-10-16,Aratu,1.802950
2020-10-12,2020-10-16,Santos,1.843356
2020-10-12,2020-10-16,Paranagua,1.831272
2020-10-12,2020-10-16,Tramandai,1.829272
2020-10-12,2020-10-16,Guamaré,1.955810
2020-10-12,2020-10-16,Duque de Caxias,2.038242
2020-10-12,2020-10-16,Betim,2.060678
2020-10-12,2020-10-16,Cubatão,1.880570
2020-10-12,2020-10-16,Mauá,1.899330
2020-10-12,2020-10-16,Paulínia,1.945220
2020-10-12,2020-10-16,São José dos Campos,1.930534
2020-10-12,2020-10-16,Araucária,1.895580
2020-10-12,2020-10-16,Canoas,1.893354
2020-10-19,2020-10-23,Manaus,1.774796
2020-10-19,2020-10-23,Itaqui,1.792258
2020-10-19,2020-10-23,Suape,1.768034
2020-10-19,2020-10-23,Aratu,1.781256
2020-10-19,2020-10-23,Santos,1.820558
2020-10-19,2020-10-23,Paranagua,1.808374
2020-10-19,2020-10-23,Tramandai,1.806420
2020-10-19,2020-10-23,Guamaré,1.935102
2020-10-19,2020-10-23,Duque de Caxias,2.015628
2020-10-19,2020-10-23,Betim,2.038088
2020-10-19,2020-10-23,Cubatão,1.857806
2020-10-19,2020-10-23,Mauá,1.876584
2020-10-19,2020-10-23,Paulínia,1.922516
2020-10-19,2020-10-23,São José dos Campos,1.907820
2020-10-19,2020-10-23,Araucária,1.872742
2020-10-19,2020-10-23,Canoas,1.870562
2020-10-26,2020-10-30,Manaus,1.738908
2020-10-26,2020-10-30,Itaqui,1.755340
2020-10-26,2020-10-30,Suape,1.731334
2020-10-26,2020-10-30,Aratu,1.744316
2020-10-26,2020-10-30,Santos,1.783290
2020-10-26,2020-10-30,Paranagua,1.771106
2020-10-26,2020-10-30,Tramandai,1.769094
2020-10-26,2020-10-30,Guamaré,1.901768
2020-10-26,2020-10-30,Duque de Caxias,1.982292
2020-10-26,2020-10-30,Betim,2.005200
2020-10-26,2020-10-30,Cubatão,1.821286
2020-10-26,2020-10-30,Mauá,1.840444
2020-10-26,2020-10-30,Paulínia,1.887304
2020-10-26,2020-10-30,São José dos Campos,1.872308
2020-10-26,2020-10-30,Araucária,1.836772
2020-10-26,2020-10-30,Canoas,1.834532
2020-11-02,2020-11-06,Manaus,1.726386
2020-11-02,2020-11-06,Itaqui,1.742588
2020-11-02,2020-11-06,Suape,1.718806
2020-11-02,2020-11-06,Aratu,1.731536
2020-11-02,2020-11-06,Santos,1.770146
2020-11-02,2020-11-06,Paranagua,1.757982
2020-11-02,2020-11-06,Tramandai,1.755874
2020-11-02,2020-11-06,Guamaré,1.886822
2020-11-02,2020-11-06,Duque de Caxias,1.966322
2020-11-02,2020-11-06,Betim,1.988908
2020-11-02,2020-11-06,Cubatão,1.807608
2020-11-02,2020-11-06,Mauá,1.826490
2020-11-02,2020-11-06,Paulínia,1.872684
2020-11-02,2020-11-06,São José dos Campos,1.857902
2020-11-02,2020-11-06,Araucária,1.822718
2020-11-02,2020-11-06,Canoas,1.820376
2020-11-09,2020-11-13,Manaus,1.777586
2020-11-09,2020-11-13,Itaqui,1.793012
2020-11-09,2020-11-13,Suape,1.769840
2020-11-09,2020-11-13,Aratu,1.781940
2020-11-09,2020-11-13,Santos,1.819712
2020-11-09,2020-11-13,Paranagua,1.807488
2020-11-09,2020-11-13,Tramandai,1.805382
2020-11-09,2020-11-13,Guamaré,1.932114
2020-11-09,2020-11-13,Duque de Caxias,2.009188
2020-11-09,2020-11-13,Betim,2.031000
2020-11-09,2020-11-13,Cubatão,1.855892
2020-11-09,2020-11-13,Mauá,1.874130
2020-11-09,2020-11-13,Paulínia,1.918748
2020-11-09,2020-11-13,São José dos Campos,1.904472
2020-11-09,2020-11-13,Araucária,1.870008
2020-11-09,2020-11-13,Canoas,1.867682
2020-11-16,2020-11-20,Manaus,1.766604
2020-11-16,2020-11-20,Itaqui,1.780966
2020-11-16,2020-11-20,Suape,1.758318
2020-11-16,2020-11-20,Aratu,1.769860
2020-11-16,2020-11-20,Santos,1.806864
2020-11-16,2020-11-20,Paranagua,1.794622
2020-11-16,2020-11-20,Tramandai,1.792436
2020-11-16,2020-11-20,Guamaré,1.918520
2020-11-16,2020-11-20,Duque de Caxias,1.993918
2020-11-16,2020-11-20,Betim,2.015452
2020-11-16,2020-11-20,Cubatão,1.842584
2020-11-16,2020-11-20,Mauá,1.860592
2020-11-16,2020-11-20,Paulínia,1.904634
2020-11-16,2020-11-20,São José dos Campos,1.890540
2020-11-16,2020-11-20,Araucária,1.856344
2020-11-16,2020-11-20,Canoas,1.853942
2020-11-23,2020-11-25,Manaus,1.892057
2020-11-23,2020-11-25,Itaqui,1.906603
2020-11-23,2020-11-25,Suape,1.883843
2020-11-23,2020-11-25,Aratu,1.895530
2020-11-23,2020-11-25,Santos,1.932753
2020-11-23,2020-11-25,Paranagua,1.920463
2020-11-23,2020-11-25,Tramandai,1.918410
2020-11-23,2020-11-25,Guamaré,2.044687
2020-11-23,2020-11-25,Duque de Caxias,2.120557
2020-11-23,2020-11-25,Betim,2.142177
2020-11-23,2020-11-25,Cubatão,1.968617
2020-11-23,2020-11-25,Mauá,1.986693
2020-11-23,2020-11-25,Paulínia,2.030913
2020-11-23,2020-11-25,São José dos Campos,2.016763
2020-11-23,2020-11-25,Araucária,1.982440
2020-11-23,2020-11-25,Canoas,1.980163
2020-11-30,2020-12-04,Manaus,1.904786
2020-11-30,2020-12-04,Itaqui,1.918438
2020-11-30,2020-12-04,Suape,1.896302
2020-11-30,2020-12-04,Aratu,1.907268
2020-11-30,2020-12-04,Santos,1.943464
2020-11-30,2020-12-04,Paranagua,1.931256
2020-11-30,2020-12-04,Tramandai,1.928858
2020-11-30,2020-12-04,Guamaré,2.052294
2020-11-30,2020-12-04,Duque de Caxias,2.125602
2020-11-30,2020-12-04,Betim,2.146574
2020-11-30,2020-12-04,Cubatão,1.978244
2020-11-30,2020-12-04,Mauá,1.995778
2020-11-30,2020-12-04,Paulínia,2.038664
2020-11-30,2020-12-04,São José dos Campos,2.024942
2020-11-30,2020-12-04,Araucária,1.991360
2020-11-30,2020-12-04,Canoas,1.988748
2020-12-07,2020-12-11,Manaus,1.907100
2020-12-07,2020-12-11,Itaqui,1.920726
2020-12-07,2020-12-11,Suape,1.898814
2020-12-07,2020-12-11,Aratu,1.909494
2020-12-07,2020-12-11,Santos,1.945246
2020-12-07,2020-12-11,Paranagua,1.933136
2020-12-07,2020-12-11,Tramandai,1.930450
2020-12-07,2020-12-11,Guamaré,2.051170
2020-12-07,2020-12-11,Duque de Caxias,2.123140
2020-12-07,2020-12-11,Betim,2.143622
2020-12-07,2020-12-11,Cubatão,1.979216
2020-12-07,2020-12-11,Mauá,1.996338
2020-12-07,2020-12-11,Paulínia,2.038228
2020-12-07,2020-12-11,São José dos Campos,2.024826
2020-12-07,2020-12-11,Araucária,1.991836
2020-12-07,2020-12-11,Canoas,1.988944
2020-12-14,2020-12-18,Manaus,1.988296
2020-12-14,2020-12-18,Itaqui,2.005386
2020-12-14,2020-12-18,Suape,1.982132
2020-12-14,2020-12-18,Aratu,1.994248
2020-12-14,2020-12-18,Santos,2.031974
2020-12-14,2020-12-18,Paranagua,2.019898
2020-12-14,2020-12-18,Tramandai,2.017452
2020-12-14,2020-12-18,Guamaré,2.134458
2020-12-14,2020-12-18,Duque de Caxias,2.209832
2020-12-14,2020-12-18,Betim,2.230308
2020-12-14,2020-12-18,Cubatão,2.065938
2020-12-14,2020-12-18,Mauá,2.083058
2020-12-14,2020-12-18,Paulínia,2.124938
2020-12-14,2020-12-18,São José dos Campos,2.111538
2020-12-14,2020-12-18,Araucária,2.078588
2020-12-14,2020-12-18,Canoas,2.075932
2020-12-21,2020-12-24,Manaus,2.050240
2020-12-21,2020-12-24,Itaqui,2.078733
2020-12-21,2020-12-24,Suape,2.050945
2020-12-21,2020-12-24,Aratu,2.067855
2020-12-21,2020-12-24,Santos,2.112088
2020-12-21,2020-12-24,Paranagua,2.100278
2020-12-21,2020-12-24,Tramandai,2.098283
2020-12-21,2020-12-24,Guamaré,2.205660
2020-12-21,2020-12-24,Duque de Caxias,2.292735
2020-12-21,2020-12-24,Betim,2.313533
2020-12-21,2020-12-24,Cubatão,2.146583
2020-12-21,2020-12-24,Mauá,2.163970
2020-12-21,2020-12-24,Paulínia,2.206510
2020-12-21,2020-12-24,São José dos Campos,2.192898
2020-12-21,2020-12-24,Araucária,2.159885
2020-12-21,2020-12-24,Canoas,2.157685
2020-12-28,2020-12-31,Manaus,2.053345
2020-12-28,2020-12-31,Itaqui,2.080403
2020-12-28,2020-12-31,Suape,2.053143
2020-12-28,2020-12-31,Aratu,2.069450
2020-12-28,2020-12-31,Santos,2.112825
2020-12-28,2020-12-31,Paranagua,2.101068
2020-12-28,2020-12-31,Tramandai,2.098810
2020-12-28,2020-12-31,Guamaré,2.208585
2020-12-28,2020-12-31,Duque de Caxias,2.294328
2020-12-28,2020-12-31,Betim,2.315223
2020-12-28,2020-12-31,Cubatão,2.147483
2020-12-28,2020-12-31,Mauá,2.164955
2020-12-28,2020-12-31,Paulínia,2.207693
2020-12-28,2020-12-31,São José dos Campos,2.194015
2020-12-28,2020-12-31,Araucária,2.160963
2020-12-28,2020-12-31,Canoas,2.158493
2021-01-04,2021-01-08,Manaus,2.103796
2021-01-04,2021-01-08,Itaqui,2.127988
2021-01-04,2021-01-08,Suape,2.101642
2021-01-04,2021-01-08,Aratu,2.117024
2021-01-04,2021-01-08,Santos,2.157952
2021-01-04,2021-01-08,Paranagua,2.146656
2021-01-04,2021-01-08,Tramandai,2.141512
2021-01-04,2021-01-08,Guamaré,2.260708
2021-01-04,2021-01-08,Duque de Caxias,2.343680
2021-01-04,2021-01-08,Betim,2.365064
2021-01-04,2021-01-08,Cubatão,2.193418
2021-01-04,2021-01-08,Mauá,2.211298
2021-01-04,2021-01-08,Paulínia,2.255028
2021-01-04,2021-01-08,São José dos Campos,2.241034
2021-01-04,2021-01-08,Araucária,2.207942
2021-01-04,2021-01-08,Canoas,2.202584
2021-01-11,2021-01-15,Manaus,2.230874
2021-01-11,2021-01-15,Itaqui,2.257480
2021-01-11,2021-01-15,Suape,2.230194
2021-01-11,2021-01-15,Aratu,2.246606
2021-01-11,2021-01-15,Santos,2.288876
2021-01-11,2021-01-15,Paranagua,2.277604
2021-01-11,2021-01-15,Tramandai,2.272516
2021-01-11,2021-01-15,Guamaré,2.389248
2021-01-11,2021-01-15,Duque de Caxias,2.474590
2021-01-11,2021-01-15,Betim,2.495972
2021-01-11,2021-01-15,Cubatão,2.324340
2021-01-11,2021-01-15,Mauá,2.342212
2021-01-11,2021-01-15,Paulínia,2.385944
2021-01-11,2021-01-15,São José dos Campos,2.371950
2021-01-11,2021-01-15,Araucária,2.338886
2021-01-11,2021-01-15,Canoas,2.333584
2021-01-18,2021-01-22,Manaus,2.239128
2021-01-18,2021-01-22,Itaqui,2.267673
2021-01-18,2021-01-22,Suape,2.239578
2021-01-18,2021-01-22,Aratu,2.256778
2021-01-18,2021-01-22,Santos,2.299970
2021-01-18,2021-01-22,Paranagua,2.288925
2021-01-18,2021-01-22,Tramandai,2.283375
2021-01-18,2021-01-22,Guamaré,2.400173
2021-01-18,2021-01-22,Duque de Caxias,2.487478
2021-01-18,2021-01-22,Betim,2.509068
2021-01-18,2021-01-22,Cubatão,2.335778
2021-01-18,2021-01-22,Mauá,2.353823
2021-01-18,2021-01-22,Paulínia,2.397978
2021-01-18,2021-01-22,São José dos Campos,2.383845
2021-01-18,2021-01-22,Araucária,2.350800
2021-01-18,2021-01-22,Canoas,2.345030
2021-01-25,2021-01-29,Manaus,2.221994
2021-01-25,2021-01-29,Itaqui,2.247536
2021-01-25,2021-01-29,Suape,2.220526
2021-01-25,2021-01-29,Aratu,2.236558
2021-01-25,2021-01-29,Santos,2.278268
2021-01-25,2021-01-29,Paranagua,2.267138
2021-01-25,2021-01-29,Tramandai,2.261664
2021-01-25,2021-01-29,Guamaré,2.382540
2021-01-25,2021-01-29,Duque de Caxias,2.467442
2021-01-25,2021-01-29,Betim,2.489218
2021-01-25,2021-01-29,Cubatão,2.314390
2021-01-25,2021-01-29,Mauá,2.332602
2021-01-25,2021-01-29,Paulínia,2.377144
2021-01-25,2021-01-29,São José dos Campos,2.362892
2021-01-25,2021-01-29,Araucária,2.329562
2021-01-25,2021-01-29,Canoas,2.323868
2021-02-01,2021-02-05,Manaus,2.303378
2021-02-01,2021-02-05,Itaqui,2.329982
2021-02-01,2021-02-05,Suape,2.302606
2021-02-01,2021-02-05,Aratu,2.318992
2021-02-01,2021-02-05,Santos,2.361096
2021-02-01,2021-02-05,Paranagua,2.350092
2021-02-01,2021-02-05,Tramandai,2.344362
2021-02-01,2021-02-05,Guamaré,2.464060
2021-02-01,2021-02-05,Duque de Caxias,2.549616
2021-02-01,2021-02-05,Betim,2.571318
2021-02-01,2021-02-05,Cubatão,2.397096
2021-02-01,2021-02-05,Mauá,2.415242
2021-02-01,2021-02-05,Paulínia,2.459630
2021-02-01,2021-02-05,São José dos Campos,2.445428
2021-02-01,2021-02-05,Araucária,2.412296
2021-02-01,2021-02-05,Canoas,2.406348
2021-02-08,2021-02-12,Manaus,2.414840
2021-02-08,2021-02-12,Itaqui,2.428074
2021-02-08,2021-02-12,Suape,2.413878
2021-02-08,2021-02-12,Aratu,2.430066
2021-02-08,2021-02-12,Santos,2.464706
2021-02-08,2021-02-12,Paranagua,2.460898
2021-02-08,2021-02-12,Tramandai,2.455144
2021-02-08,2021-02-12,Guamaré,2.574668
2021-02-08,2021-02-12,Duque de Caxias,2.652446
2021-02-08,2021-02-12,Betim,2.674056
2021-02-08,2021-02-12,Cubatão,2.500556
2021-02-08,2021-02-12,Mauá,2.518628
2021-02-08,2021-02-12,Paulínia,2.562832
2021-02-08,2021-02-12,São José dos Campos,2.548686
2021-02-08,2021-02-12,Araucária,2.522848
2021-02-08,2021-02-12,Canoas,2.516878
2021-02-15,2021-02-19,Manaus,2.539590
2021-02-15,2021-02-19,Itaqui,2.550380
2021-02-15,2021-02-19,Suape,2.537085
2021-02-15,2021-02-19,Aratu,2.552313
2021-02-15,2021-02-19,Santos,2.580935
2021-02-15,2021-02-19,Paranagua,2.581848
2021-02-15,2021-02-19,Tramandai,2.576180
2021-02-15,2021-02-19,Guamaré,2.698715
2021-02-15,2021-02-19,Duque de Caxias,2.769655
2021-02-15,2021-02-19,Betim,2.791383
2021-02-15,2021-02-19,Cubatão,2.616973
2021-02-15,2021-02-19,Mauá,2.635135
2021-02-15,2021-02-19,Paulínia,2.679573
2021-02-15,2021-02-19,São José dos Campos,2.665358
2021-02-15,2021-02-19,Araucária,2.644123
2021-02-15,2021-02-19,Canoas,2.638235
2021-02-22,2021-02-26,Manaus,2.663084
2021-02-22,2021-02-26,Itaqui,2.673546
2021-02-22,2021-02-26,Suape,2.660246
2021-02-22,2021-02-26,Aratu,2.675506
2021-02-22,2021-02-26,Santos,2.704194
2021-02-22,2021-02-26,Paranagua,2.705048
2021-02-22,2021-02-26,Tramandai,2.699520
2021-02-22,2021-02-26,Guamaré,2.824102
2021-02-22,2021-02-26,Duque de Caxias,2.895508
2021-02-22,2021-02-26,Betim,2.917536
2021-02-22,2021-02-26,Cubatão,2.740726
2021-02-22,2021-02-26,Mauá,2.759140
2021-02-22,2021-02-26,Paulínia,2.804188
2021-02-22,2021-02-26,São José dos Campos,2.789776
2021-02-22,2021-02-26,Araucária,2.768182
2021-02-22,2021-02-26,Canoas,2.762430
2021-03-01,2021-03-05,Manaus,2.696724
2021-03-01,2021-03-05,Itaqui,2.706758
2021-03-01,2021-03-05,Suape,2.693290
2021-03-01,2021-03-05,Aratu,2.708810
2021-03-01,2021-03-05,Santos,2.737920
2021-03-01,2021-03-05,Paranagua,2.738618
2021-03-01,2021-03-05,Tramandai,2.733498
2021-03-01,2021-03-05,Guamaré,2.862830
2021-03-01,2021-03-05,Duque de Caxias,2.935872
2021-03-01,2021-03-05,Betim,2.958664
2021-03-01,2021-03-05,Cubatão,2.775718
2021-03-01,2021-03-05,Mauá,2.794772
2021-03-01,2021-03-05,Paulínia,2.841384
2021-03-01,2021-03-05,São José dos Campos,2.826470
2021-03-01,2021-03-05,Araucária,2.803942
2021-03-01,2021-03-05,Canoas,2.798590
2021-03-08,2021-03-12,Manaus,2.785778
2021-03-08,2021-03-12,Itaqui,2.798910
2021-03-08,2021-03-12,Suape,2.784248
2021-03-08,2021-03-12,Aratu,2.801062
2021-03-08,2021-03-12,Santos,2.821702
2021-03-08,2021-03-12,Paranagua,2.809756
2021-03-08,2021-03-12,Tramandai,2.827504
2021-03-08,2021-03-12,Guamaré,2.953512
2021-03-08,2021-03-12,Duque de Caxias,3.019328
2021-03-08,2021-03-12,Betim,3.042082
2021-03-08,2021-03-12,Cubatão,2.859438
2021-03-08,2021-03-12,Mauá,2.878460
2021-03-08,2021-03-12,Paulínia,2.924994
2021-03-08,2021-03-12,São José dos Campos,2.910108
2021-03-08,2021-03-12,Araucária,2.874970
2021-03-08,2021-03-12,Canoas,2.892492
2021-03-15,2021-03-19,Manaus,2.712184
2021-03-15,2021-03-19,Itaqui,2.726238
2021-03-15,2021-03-19,Suape,2.711394
2021-03-15,2021-03-19,Aratu,2.728358
2021-03-15,2021-03-19,Santos,2.749170
2021-03-15,2021-03-19,Paranagua,2.737272
2021-03-15,2021-03-19,Tramandai,2.754788
2021-03-15,2021-03-19,Guamaré,2.877796
2021-03-15,2021-03-19,Duque de Caxias,2.943460
2021-03-15,2021-03-19,Betim,2.965828
2021-03-15,2021-03-19,Cubatão,2.786270
2021-03-15,2021-03-19,Mauá,2.804970
2021-03-15,2021-03-19,Paulínia,2.850720
2021-03-15,2021-03-19,São José dos Campos,2.836082
2021-03-15,2021-03-19,Araucária,2.801382
2021-03-15,2021-03-19,Canoas,2.818674
2021-03-22,2021-03-26,Manaus,2.559452
2021-03-22,2021-03-26,Itaqui,2.572268
2021-03-22,2021-03-26,Suape,2.557858
2021-03-22,2021-03-26,Aratu,2.574372
2021-03-22,2021-03-26,Santos,2.594646
2021-03-22,2021-03-26,Paranagua,2.582652
2021-03-22,2021-03-26,Tramandai,2.600298
2021-03-22,2021-03-26,Guamaré,2.725040
2021-03-22,2021-03-26,Duque de Caxias,2.789854
2021-03-22,2021-03-26,Betim,2.812326
2021-03-22,2021-03-26,Cubatão,2.631920
2021-03-22,2021-03-26,Mauá,2.650712
2021-03-22,2021-03-26,Paulínia,2.696678
2021-03-22,2021-03-26,São José dos Campos,2.681970
2021-03-22,2021-03-26,Araucária,2.647070
2021-03-22,2021-03-26,Canoas,2.664486
2021-03-29,2021-04-01,Manaus,2.624443
2021-03-29,2021-04-01,Itaqui,2.643130
2021-03-29,2021-04-01,Suape,2.626245
2021-03-29,2021-04-01,Aratu,2.645410
2021-03-29,2021-04-01,Santos,2.668905
2021-03-29,2021-04-01,Paranagua,2.657450
2021-03-29,2021-04-01,Tramandai,2.674778
2021-03-29,2021-04-01,Guamaré,2.797068
2021-03-29,2021-04-01,Duque de Caxias,2.868360
2021-03-29,2021-04-01,Betim,2.891325
2021-03-29,2021-04-01,Cubatão,2.706993
2021-03-29,2021-04-01,Mauá,2.726190
2021-03-29,2021-04-01,Paulínia,2.773155
2021-03-29,2021-04-01,São José dos Campos,2.758130
2021-03-29,2021-04-01,Araucária,2.723265
2021-03-29,2021-04-01,Canoas,2.740363
2021-04-05,2021-04-09,Manaus,2.590082
2021-04-05,2021-04-09,Itaqui,2.608808
2021-04-05,2021-04-09,Suape,2.592082
2021-04-05,2021-04-09,Aratu,2.611026
2021-04-05,2021-04-09,Santos,2.634242
2021-04-05,2021-04-09,Paranagua,2.622762
2021-04-05,2021-04-09,Tramandai,2.639896
2021-04-05,2021-04-09,Guamaré,2.760016
2021-04-05,2021-04-09,Duque de Caxias,2.830326
2021-04-05,2021-04-09,Betim,2.852904
2021-04-05,2021-04-09,Cubatão,2.671686
2021-04-05,2021-04-09,Mauá,2.690560
2021-04-05,2021-04-09,Paulínia,2.736732
2021-04-05,2021-04-09,São José dos Campos,2.721958
2021-04-05,2021-04-09,Araucária,2.687460
2021-04-05,2021-04-09,Canoas,2.704368
2021-04-12,2021-04-16,Manaus,2.676762
2021-04-12,2021-04-16,Itaqui,2.692026
2021-04-12,2021-04-16,Suape,2.676562
2021-04-12,2021-04-16,Aratu,2.694224
2021-04-12,2021-04-16,Santos,2.715892
2021-04-12,2021-04-16,Paranagua,2.704126
2021-04-12,2021-04-16,Tramandai,2.721714
2021-04-12,2021-04-16,Guamaré,2.845532
2021-04-12,2021-04-16,Duque de Caxias,2.913186
2021-04-12,2021-04-16,Betim,2.935900
2021-04-12,2021-04-16,Cubatão,2.753566
2021-04-12,2021-04-16,Mauá,2.772558
2021-04-12,2021-04-16,Paulínia,2.819014
2021-04-12,2021-04-16,São José dos Campos,2.804148
2021-04-12,2021-04-16,Araucária,2.769228
2021-04-12,2021-04-16,Canoas,2.786586
2021-04-19,2021-04-23,Manaus,2.645300
2021-04-19,2021-04-23,Itaqui,2.657500
2021-04-19,2021-04-23,Suape,2.643400
2021-04-19,2021-04-23,Aratu,2.659600
2021-04-19,2021-04-23,Santos,2.679400
2021-04-19,2021-04-23,Paranagua,2.667300
2021-04-19,2021-04-23,Tramandai,2.685000
2021-04-19,2021-04-23,Guamaré,2.808400
2021-04-19,2021-04-23,Duque de Caxias,2.872000
2021-04-19,2021-04-23,Betim,2.894200
2021-04-19,2021-04-23,Cubatão,2.716100
2021-04-19,2021-04-23,Mauá,2.734700
2021-04-19,2021-04-23,Paulínia,2.780000
2021-04-19,2021-04-23,São José dos Campos,2.765500
2021-04-19,2021-04-23,Araucária,2.730900
2021-04-19,2021-04-23,Canoas,2.748300
2021-04-26,2021-04-30,Manaus,2.617804
2021-04-26,2021-04-30,Itaqui,2.631116
2021-04-26,2021-04-30,Suape,2.616838
2021-04-26,2021-04-30,Aratu,2.633118
2021-04-26,2021-04-30,Santos,2.653086
2021-04-26,2021-04-30,Paranagua,2.641076
2021-04-26,2021-04-30,Tramandai,2.658348
2021-04-26,2021-04-30,Guamaré,2.778582
2021-04-26,2021-04-30,Duque de Caxias,2.841938
2021-04-26,2021-04-30,Betim,2.863680
2021-04-26,2021-04-30,Cubatão,2.689148
2021-04-26,2021-04-30,Mauá,2.707326
2021-04-26,2021-04-30,Paulínia,2.751796
2021-04-26,2021-04-30,São José dos Campos,2.737566
2021-04-26,2021-04-30,Araucária,2.703392
2021-04-26,2021-04-30,Canoas,2.720442
2021-05-03,2021-05-07,Manaus,2.651020
2021-05-03,2021-05-07,Itaqui,2.667290
2021-05-03,2021-05-07,Suape,2.651954
2021-05-03,2021-05-07,Aratu,2.669440
2021-05-03,2021-05-07,Santos,2.690884
2021-05-03,2021-05-07,Paranagua,2.679096
2021-05-03,2021-05-07,Tramandai,2.696550
2021-05-03,2021-05-07,Guamaré,2.811588
2021-05-03,2021-05-07,Duque de Caxias,2.877276
2021-05-03,2021-05-07,Betim,2.898738
2021-05-03,2021-05-07,Cubatão,2.726480
2021-05-03,2021-05-07,Mauá,2.744420
2021-05-03,2021-05-07,Paulínia,2.788308
2021-05-03,2021-05-07,São José dos Campos,2.774264
2021-05-03,2021-05-07,Araucária,2.740600
2021-05-03,2021-05-07,Canoas,2.757840
2021-05-10,2021-05-14,Manaus,2.688786
2021-05-10,2021-05-14,Itaqui,2.723576
2021-05-10,2021-05-14,Suape,2.701138
2021-05-10,2021-05-14,Aratu,2.726406
2021-05-10,2021-05-14,Santos,2.757344
2021-05-10,2021-05-14,Paranagua,2.747076
2021-05-10,2021-05-14,Tramandai,2.764320
2021-05-10,2021-05-14,Guamaré,2.858476
2021-05-10,2021-05-14,Duque de Caxias,2.941052
2021-05-10,2021-05-14,Betim,2.962202
2021-05-10,2021-05-14,Cubatão,2.792426
2021-05-10,2021-05-14,Mauá,2.810106
2021-05-10,2021-05-14,Paulínia,2.853366
2021-05-10,2021-05-14,São José dos Campos,2.839524
2021-05-10,2021-05-14,Araucária,2.807698
2021-05-10,2021-05-14,Canoas,2.824726
2021-05-17,2021-05-21,Manaus,2.631624
2021-05-17,2021-05-21,Itaqui,2.647712
2021-05-17,2021-05-21,Suape,2.632556
2021-05-17,2021-05-21,Aratu,2.649800
2021-05-17,2021-05-21,Santos,2.670948
2021-05-17,2021-05-21,Paranagua,2.659124
2021-05-17,2021-05-21,Tramandai,2.676382
2021-05-17,2021-05-21,Guamaré,2.790560
2021-05-17,2021-05-21,Duque de Caxias,2.855436
2021-05-17,2021-05-21,Betim,2.876678
2021-05-17,2021-05-21,Cubatão,2.706176
2021-05-17,2021-05-21,Mauá,2.723934
2021-05-17,2021-05-21,Paulínia,2.767376
2021-05-17,2021-05-21,São José dos Campos,2.753478
2021-05-17,2021-05-21,Araucária,2.720002
2021-05-17,2021-05-21,Canoas,2.737044
2021-05-24,2021-05-28,Manaus,2.634104
2021-05-24,2021-05-28,Itaqui,2.646060
2021-05-24,2021-05-28,Suape,2.632508
2021-05-24,2021-05-28,Aratu,2.648024
2021-05-24,2021-05-28,Santos,2.667072
2021-05-24,2021-05-28,Paranagua,2.654902
2021-05-24,2021-05-28,Tramandai,2.672338
2021-05-24,2021-05-28,Guamaré,2.790482
2021-05-24,2021-05-28,Duque de Caxias,2.851526
2021-05-24,2021-05-28,Betim,2.872764
2021-05-24,2021-05-28,Cubatão,2.702296
2021-05-24,2021-05-28,Mauá,2.720050
2021-05-24,2021-05-28,Paulínia,2.763482
2021-05-24,2021-05-28,São José dos Campos,2.749584
2021-05-24,2021-05-28,Araucária,2.715768
2021-05-24,2021-05-28,Canoas,2.732988
2021-05-31,2021-06-04,Manaus,2.604300
2021-05-31,2021-06-04,Itaqui,2.614463
2021-05-31,2021-06-04,Suape,2.601943
2021-05-31,2021-06-04,Aratu,2.616293
2021-05-31,2021-06-04,Santos,2.633908
2021-05-31,2021-06-04,Paranagua,2.621515
2021-05-31,2021-06-04,Tramandai,2.638830
2021-05-31,2021-06-04,Guamaré,2.754033
2021-05-31,2021-06-04,Duque de Caxias,2.811490
2021-05-31,2021-06-04,Betim,2.831933
2021-05-31,2021-06-04,Cubatão,2.667815
2021-05-31,2021-06-04,Mauá,2.684908
2021-05-31,2021-06-04,Paulínia,2.726723
2021-05-31,2021-06-04,São José dos Campos,2.713343
2021-05-31,2021-06-04,Araucária,2.680118
2021-05-31,2021-06-04,Canoas,2.697223
2021-06-07,2021-06-11,Manaus,2.643910
2021-06-07,2021-06-11,Itaqui,2.657862
2021-06-07,2021-06-11,Suape,2.643920
2021-06-07,2021-06-11,Aratu,2.659772
2021-06-07,2021-06-11,Santos,2.679202
2021-06-07,2021-06-11,Paranagua,2.667124
2021-06-07,2021-06-11,Tramandai,2.684140
2021-06-07,2021-06-11,Guamaré,2.795356
2021-06-07,2021-06-11,Duque de Caxias,2.856020
2021-06-07,2021-06-11,Betim,2.876374
2021-06-07,2021-06-11,Cubatão,2.712964
2021-06-07,2021-06-11,Mauá,2.729986
2021-06-07,2021-06-11,Paulínia,2.771620
2021-06-07,2021-06-11,São José dos Campos,2.758298
2021-06-07,2021-06-11,Araucária,2.725470
2021-06-07,2021-06-11,Canoas,2.742282
2021-06-14,2021-06-18,Manaus,2.685262
2021-06-14,2021-06-18,Itaqui,2.703294
2021-06-14,2021-06-18,Suape,2.687814
2021-06-14,2021-06-18,Aratu,2.705248
2021-06-14,2021-06-18,Santos,2.726588
2021-06-14,2021-06-18,Paranagua,2.714854
2021-06-14,2021-06-18,Tramandai,2.731402
2021-06-14,2021-06-18,Guamaré,2.838790
2021-06-14,2021-06-18,Duque de Caxias,2.902868
2021-06-14,2021-06-18,Betim,2.923164
2021-06-14,2021-06-18,Cubatão,2.760250
2021-06-14,2021-06-18,Mauá,2.777220
2021-06-14,2021-06-18,Paulínia,2.818728
2021-06-14,2021-06-18,São José dos Campos,2.805444
2021-06-14,2021-06-18,Araucária,2.773024
2021-06-14,2021-06-18,Canoas,2.789366
2021-06-21,2021-06-25,Manaus,2.664600
2021-06-21,2021-06-25,Itaqui,2.678688
2021-06-21,2021-06-25,Suape,2.664862
2021-06-21,2021-06-25,Aratu,2.680546
2021-06-21,2021-06-25,Santos,2.699766
2021-06-21,2021-06-25,Paranagua,2.687670
2021-06-21,2021-06-25,Tramandai,2.704536
2021-06-21,2021-06-25,Guamaré,2.813362
2021-06-21,2021-06-25,Duque de Caxias,2.873156
2021-06-21,2021-06-25,Betim,2.893120
2021-06-21,2021-06-25,Cubatão,2.732878
2021-06-21,2021-06-25,Mauá,2.749566
2021-06-21,2021-06-25,Paulínia,2.790392
2021-06-21,2021-06-25,São José dos Campos,2.777328
2021-06-21,2021-06-25,Araucária,2.744884
2021-06-21,2021-06-25,Canoas,2.761548
2021-06-28,2021-07-02,Manaus,2.689626
2021-06-28,2021-07-02,Itaqui,2.708994
2021-06-28,2021-07-02,Suape,2.693082
2021-06-28,2021-07-02,Aratu,2.711058
2021-06-28,2021-07-02,Santos,2.733078
2021-06-28,2021-07-02,Paranagua,2.721424
2021-06-28,2021-07-02,Tramandai,2.738252
2021-06-28,2021-07-02,Guamaré,2.842030
2021-06-28,2021-07-02,Duque de Caxias,2.906982
2021-06-28,2021-07-02,Betim,2.927006
2021-06-28,2021-07-02,Cubatão,2.766284
2021-06-28,2021-07-02,Mauá,2.783024
2021-06-28,2021-07-02,Paulínia,2.823972
2021-06-28,2021-07-02,São José dos Campos,2.810868
2021-06-28,2021-07-02,Araucária,2.778808
2021-06-28,2021-07-02,Canoas,2.795436
2021-07-05,2021-07-09,Manaus,2.809923
2021-07-05,2021-07-09,Itaqui,2.825438
2021-07-05,2021-07-09,Suape,2.810643
2021-07-05,2021-07-09,Aratu,2.827358
2021-07-05,2021-07-09,Santos,2.847833
2021-07-05,2021-07-09,Paranagua,2.835948
2021-07-05,2021-07-09,Tramandai,2.852660
2021-07-05,2021-07-09,Guamaré,2.966845
2021-07-05,2021-07-09,Duque de Caxias,3.030215
2021-07-05,2021-07-09,Betim,3.051218
2021-07-05,2021-07-09,Cubatão,2.882660
2021-07-05,2021-07-09,Mauá,2.900215
2021-07-05,2021-07-09,Paulínia,2.943163
2021-07-05,2021-07-09,São José dos Campos,2.929420
2021-07-05,2021-07-09,Araucária,2.896130
2021-07-05,2021-07-09,Canoas,2.912630
2021-07-12,2021-07-16,Manaus,2.788448
2021-07-12,2021-07-16,Itaqui,2.802738
2021-07-12,2021-07-16,Suape,2.788558
2021-07-12,2021-07-16,Aratu,2.804668
2021-07-12,2021-07-16,Santos,2.824416
2021-07-12,2021-07-16,Paranagua,2.812390
2021-07-12,2021-07-16,Tramandai,2.829402
2021-07-12,2021-07-16,Guamaré,2.941908
2021-07-12,2021-07-16,Duque de Caxias,3.003468
2021-07-12,2021-07-16,Betim,3.024086
2021-07-12,2021-07-16,Cubatão,2.858608
2021-07-12,2021-07-16,Mauá,2.875842
2021-07-12,2021-07-16,Paulínia,2.918004
2021-07-12,2021-07-16,São José dos Campos,2.904514
2021-07-12,2021-07-16,Araucária,2.871476
2021-07-12,2021-07-16,Canoas,2.888280
2021-07-19,2021-07-23,Manaus,2.710528
2021-07-19,2021-07-23,Itaqui,2.725050
2021-07-19,2021-07-23,Suape,2.710636
2021-07-19,2021-07-23,Aratu,2.727022
2021-07-19,2021-07-23,Santos,2.747116
2021-07-19,2021-07-23,Paranagua,2.735136
2021-07-19,2021-07-23,Tramandai,2.752224
2021-07-19,2021-07-23,Guamaré,2.866470
2021-07-19,2021-07-23,Duque de Caxias,2.929068
2021-07-19,2021-07-23,Betim,2.950016
2021-07-19,2021-07-23,Cubatão,2.781860
2021-07-19,2021-07-23,Mauá,2.799370
2021-07-19,2021-07-23,Paulínia,2.842214
2021-07-19,2021-07-23,São José dos Campos,2.828506
2021-07-19,2021-07-23,Araucária,2.795178
2021-07-19,2021-07-23,Canoas,2.812054
2021-07-26,2021-07-30,Manaus,2.797584
2021-07-26,2021-07-30,Itaqui,2.813174
2021-07-26,2021-07-30,Suape,2.798444
2021-07-26,2021-07-30,Aratu,2.815166
2021-07-26,2021-07-30,Santos,2.835666
2021-07-26,2021-07-30,Paranagua,2.823762
2021-07-26,2021-07-30,Tramandai,2.840800
2021-07-26,2021-07-30,Guamaré,2.952512
2021-07-26,2021-07-30,Duque de Caxias,3.015562
2021-07-26,2021-07-30,Betim,3.036276
2021-07-26,2021-07-30,Cubatão,2.870018
2021-07-26,2021-07-30,Mauá,2.887336
2021-07-26,2021-07-30,Paulínia,2.929696
2021-07-26,2021-07-30,São José dos Campos,2.916140
2021-07-26,2021-07-30,Araucária,2.883122
2021-07-26,2021-07-30,Canoas,2.899952
2021-08-02,2021-08-06,Manaus,2.748856
2021-08-02,2021-08-06,Itaqui,2.764834
2021-08-02,2021-08-06,Suape,2.749886
2021-08-02,2021-08-06,Aratu,2.766808
2021-08-02,2021-08-06,Santos,2.787544
2021-08-02,2021-08-06,Paranagua,2.775688
2021-08-02,2021-08-06,Tramandai,2.792572
2021-08-02,2021-08-06,Guamaré,2.905330
2021-08-02,2021-08-06,Duque de Caxias,2.969046
2021-08-02,2021-08-06,Betim,2.989944
2021-08-02,2021-08-06,Cubatão,2.822202
2021-08-02,2021-08-06,Mauá,2.839674
2021-08-02,2021-08-06,Paulínia,2.882412
2021-08-02,2021-08-06,São José dos Campos,2.868738
2021-08-02,2021-08-06,Araucária,2.835582
2021-08-02,2021-08-06,Canoas,2.852252
2021-08-09,2021-08-13,Manaus,2.705372
2021-08-09,2021-08-13,Itaqui,2.719964
2021-08-09,2021-08-13,Suape,2.705518
2021-08-09,2021-08-13,Aratu,2.721918
2021-08-09,2021-08-13,Santos,2.742026
2021-08-09,2021-08-13,Paranagua,2.730058
2021-08-09,2021-08-13,Tramandai,2.747052
2021-08-09,2021-08-13,Guamaré,2.861610
2021-08-09,2021-08-13,Duque de Caxias,2.924274
2021-08-09,2021-08-13,Betim,2.945258
2021-08-09,2021-08-13,Cubatão,2.776824
2021-08-09,2021-08-13,Mauá,2.794368
2021-08-09,2021-08-13,Paulínia,2.837284
2021-08-09,2021-08-13,São José dos Campos,2.823552
2021-08-09,2021-08-13,Araucária,2.790194
2021-08-09,2021-08-13,Canoas,2.806980
2021-08-16,2021-08-20,Manaus,2.696264
2021-08-16,2021-08-20,Itaqui,2.708182
2021-08-16,2021-08-20,Suape,2.694540
2021-08-16,2021-08-20,Aratu,2.710182
2021-08-16,2021-08-20,Santos,2.729386
2021-08-16,2021-08-20,Paranagua,2.717226
2021-08-16,2021-08-20,Tramandai,2.734760
2021-08-16,2021-08-20,Guamaré,2.854236
2021-08-16,2021-08-20,Duque de Caxias,2.915840
2021-08-16,2021-08-20,Betim,2.937310
2021-08-16,2021-08-20,Cubatão,2.764986
2021-08-16,2021-08-20,Mauá,2.782932
2021-08-16,2021-08-20,Paulínia,2.826838
2021-08-16,2021-08-20,São José dos Campos,2.812792
2021-08-16,2021-08-20,Araucária,2.778756
2021-08-16,2021-08-20,Canoas,2.796070
2021-08-23,2021-08-27,Manaus,2.708418
2021-08-23,2021-08-27,Itaqui,2.718944
2021-08-23,2021-08-27,Suape,2.705982
2021-08-23,2021-08-27,Aratu,2.720878
2021-08-23,2021-08-27,Santos,2.739170
2021-08-23,2021-08-27,Paranagua,2.726870
2021-08-23,2021-08-27,Tramandai,2.744430
2021-08-23,2021-08-27,Guamaré,2.863218
2021-08-23,2021-08-27,Duque de Caxias,2.922760
2021-08-23,2021-08-27,Betim,2.943896
2021-08-23,2021-08-27,Cubatão,2.774226
2021-08-23,2021-08-27,Mauá,2.791900
2021-08-23,2021-08-27,Paulínia,2.835128
2021-08-23,2021-08-27,São José dos Campos,2.821294
2021-08-23,2021-08-27,Araucária,2.787454
2021-08-23,2021-08-27,Canoas,2.804796
2021-08-30,2021-09-03,Manaus,2.807382
2021-08-30,2021-09-03,Itaqui,2.815790
2021-08-30,2021-09-03,Suape,2.803792
2021-08-30,2021-09-03,Aratu,2.817652
2021-08-30,2021-09-03,Santos,2.834682
2021-08-30,2021-09-03,Paranagua,2.822176
2021-08-30,2021-09-03,Tramandai,2.839832
2021-08-30,2021-09-03,Guamaré,2.958488
2021-08-30,2021-09-03,Duque de Caxias,3.015312
2021-08-30,2021-09-03,Betim,3.036104
2021-08-30,2021-09-03,Cubatão,2.869174
2021-08-30,2021-09-03,Mauá,2.886560
2021-08-30,2021-09-03,Paulínia,2.929096
2021-08-30,2021-09-03,São José dos Campos,2.915484
2021-08-30,2021-09-03,Araucária,2.881778
2021-08-30,2021-09-03,Canoas,2.899226
2021-09-06,2021-09-10,Manaus,2.851643
2021-09-06,2021-09-10,Itaqui,2.858920
2021-09-06,2021-09-10,Suape,2.847218
2021-09-06,2021-09-10,Aratu,2.860778
2021-09-06,2021-09-10,Santos,2.877443
2021-09-06,2021-09-10,Paranagua,2.864870
2021-09-06,2021-09-10,Tramandai,2.882648
2021-09-06,2021-09-10,Guamaré,3.004330
2021-09-06,2021-09-10,Duque de Caxias,3.060888
2021-09-06,2021-09-10,Betim,3.082010
2021-09-06,2021-09-10,Cubatão,2.912473
2021-09-06,2021-09-10,Mauá,2.930133
2021-09-06,2021-09-10,Paulínia,2.973330
2021-09-06,2021-09-10,São José dos Campos,2.959508
2021-09-06,2021-09-10,Araucária,2.925403
2021-09-06,2021-09-10,Canoas,2.942968
2021-09-13,2021-09-17,Manaus,2.934794
2021-09-13,2021-09-17,Itaqui,2.941316
2021-09-13,2021-09-17,Suape,2.929924
2021-09-13,2021-09-17,Aratu,2.943098
2021-09-13,2021-09-17,Santos,2.959290
2021-09-13,2021-09-17,Paranagua,2.946656
2021-09-13,2021-09-17,Tramandai,2.964234
2021-09-13,2021-09-17,Guamaré,3.087110
2021-09-13,2021-09-17,Duque de Caxias,3.142822
2021-09-13,2021-09-17,Betim,3.163952
2021-09-13,2021-09-17,Cubatão,2.994338
2021-09-13,2021-09-17,Mauá,3.012004
2021-09-13,2021-09-17,Paulínia,3.055218
2021-09-13,2021-09-17,São José dos Campos,3.041392
2021-09-13,2021-09-17,Araucária,3.007218
2021-09-13,2021-09-17,Canoas,3.024582
2021-09-20,2021-09-24,Manaus,3.008784
2021-09-20,2021-09-24,Itaqui,3.014774
2021-09-20,2021-09-24,Suape,3.003490
2021-09-20,2021-09-24,Aratu,3.016594
2021-09-20,2021-09-24,Santos,3.032708
2021-09-20,2021-09-24,Paranagua,3.020040
2021-09-20,2021-09-24,Tramandai,3.037836
2021-09-20,2021-09-24,Guamaré,3.162176
2021-09-20,2021-09-24,Duque de Caxias,3.217990
2021-09-20,2021-09-24,Betim,3.239324
2021-09-20,2021-09-24,Cubatão,3.068084
2021-09-20,2021-09-24,Mauá,3.085920
2021-09-20,2021-09-24,Paulínia,3.129548
2021-09-20,2021-09-24,São José dos Campos,3.115590
2021-09-20,2021-09-24,Araucária,3.081180
2021-09-20,2021-09-24,Canoas,3.098760
2021-09-27,2021-10-01,Manaus,3.218892
2021-09-27,2021-10-01,Itaqui,3.232856
2021-09-27,2021-10-01,Suape,3.218316
2021-09-27,2021-10-01,Aratu,3.234894
2021-09-27,2021-10-01,Santos,3.255226
2021-09-27,2021-10-01,Paranagua,3.243268
2021-09-27,2021-10-01,Tramandai,3.260576
2021-09-27,2021-10-01,Guamaré,3.380140
2021-09-27,2021-10-01,Duque de Caxias,3.444174
2021-09-27,2021-10-01,Betim,3.465932
2021-09-27,2021-10-01,Cubatão,3.291308
2021-09-27,2021-10-01,Mauá,3.309500
2021-09-27,2021-10-01,Paulínia,3.353986
2021-09-27,2021-10-01,São José dos Campos,3.339752
2021-09-27,2021-10-01,Araucária,3.305618
2021-09-27,2021-10-01,Canoas,3.322708
2021-10-04,2021-10-08,Manaus,3.428802
2021-10-04,2021-10-08,Itaqui,3.444022
2021-10-04,2021-10-08,Suape,3.428892
2021-10-04,2021-10-08,Aratu,3.446070
2021-10-04,2021-10-08,Santos,3.467130
2021-10-04,2021-10-08,Paranagua,3.455304
2021-10-04,2021-10-08,Tramandai,3.472414
2021-10-04,2021-10-08,Guamaré,3.592700
2021-10-04,2021-10-08,Duque de Caxias,3.658388
2021-10-04,2021-10-08,Betim,3.680408
2021-10-04,2021-10-08,Cubatão,3.503650
2021-10-04,2021-10-08,Mauá,3.522058
2021-10-04,2021-10-08,Paulínia,3.567098
2021-10-04,2021-10-08,São José dos Campos,3.552684
2021-10-04,2021-10-08,Araucária,3.518412
2021-10-04,2021-10-08,Canoas,3.535302
2021-10-11,2021-10-15,Manaus,3.543926
2021-10-11,2021-10-15,Itaqui,3.556974
2021-10-11,2021-10-15,Suape,3.542654
2021-10-11,2021-10-15,Aratu,3.558940
2021-10-11,2021-10-15,Santos,3.578910
2021-10-11,2021-10-15,Paranagua,3.566910
2021-10-11,2021-10-15,Tramandai,3.584020
2021-10-11,2021-10-15,Guamaré,3.707248
2021-10-11,2021-10-15,Duque de Caxias,3.771092
2021-10-11,2021-10-15,Betim,3.793218
2021-10-11,2021-10-15,Cubatão,3.615606
2021-10-11,2021-10-15,Mauá,3.634108
2021-10-11,2021-10-15,Paulínia,3.679360
2021-10-11,2021-10-15,São José dos Campos,3.664878
2021-10-11,2021-10-15,Araucária,3.630326
2021-10-11,2021-10-15,Canoas,3.647214
2021-10-18,2021-10-22,Manaus,3.648544
2021-10-18,2021-10-22,Itaqui,3.662318
2021-10-18,2021-10-22,Suape,3.647558
2021-10-18,2021-10-22,Aratu,3.664360
2021-10-18,2021-10-22,Santos,3.684966
2021-10-18,2021-10-22,Paranagua,3.673058
2021-10-18,2021-10-22,Tramandai,3.690284
2021-10-18,2021-10-22,Guamaré,3.814820
2021-10-18,2021-10-22,Duque de Caxias,3.880262
2021-10-18,2021-10-22,Betim,3.902748
2021-10-18,2021-10-22,Cubatão,3.722256
2021-10-18,2021-10-22,Mauá,3.741054
2021-10-18,2021-10-22,Paulínia,3.787042
2021-10-18,2021-10-22,São José dos Campos,3.772328
2021-10-18,2021-10-22,Araucária,3.737502
2021-10-18,2021-10-22,Canoas,3.754502
2021-10-25,2021-10-29,Manaus,3.634610
2021-10-25,2021-10-29,Itaqui,3.657570
2021-10-25,2021-10-29,Suape,3.639294
2021-10-25,2021-10-29,Aratu,3.659802
2021-10-25,2021-10-29,Santos,3.684896
2021-10-25,2021-10-29,Paranagua,3.673758
2021-10-25,2021-10-29,Tramandai,3.690266
2021-10-25,2021-10-29,Guamaré,3.806166
2021-10-25,2021-10-29,Duque de Caxias,3.879736
2021-10-25,2021-10-29,Betim,3.902168
2021-10-25,2021-10-29,Cubatão,3.722104
2021-10-25,2021-10-29,Mauá,3.740858
2021-10-25,2021-10-29,Paulínia,3.786734
2021-10-25,2021-10-29,São José dos Campos,3.772052
2021-10-25,2021-10-29,Araucária,3.738054
2021-10-25,2021-10-29,Canoas,3.754332
2021-11-01,2021-11-05,Manaus,3.628540
2021-11-01,2021-11-05,Itaqui,3.663186
2021-11-01,2021-11-05,Suape,3.640316
2021-11-01,2021-11-05,Aratu,3.665782
2021-11-01,2021-11-05,Santos,3.696914
2021-11-01,2021-11-05,Paranagua,3.686768
2021-11-01,2021-11-05,Tramandai,3.702832
2021-11-01,2021-11-05,Guamaré,3.808146
2021-11-01,2021-11-05,Duque de Caxias,3.892878
2021-11-01,2021-11-05,Betim,3.915436
2021-11-01,2021-11-05,Cubatão,3.734334
2021-11-01,2021-11-05,Mauá,3.753196
2021-11-01,2021-11-05,Paulínia,3.799340
2021-11-01,2021-11-05,São José dos Campos,3.784572
2021-11-01,2021-11-05,Araucária,3.751432
2021-11-01,2021-11-05,Canoas,3.767268
2021-11-08,2021-11-12,Manaus,3.531866
2021-11-08,2021-11-12,Itaqui,3.566794
2021-11-08,2021-11-12,Suape,3.544056
2021-11-08,2021-11-12,Aratu,3.569334
2021-11-08,2021-11-12,Santos,3.600230
2021-11-08,2021-11-12,Paranagua,3.590062
2021-11-08,2021-11-12,Tramandai,3.605962
2021-11-08,2021-11-12,Guamaré,3.707700
2021-11-08,2021-11-12,Duque de Caxias,3.791300
2021-11-08,2021-11-12,Betim,3.813298
2021-11-08,2021-11-12,Cubatão,3.636716
2021-11-08,2021-11-12,Mauá,3.655108
2021-11-08,2021-11-12,Paulínia,3.700098
2021-11-08,2021-11-12,São José dos Campos,3.685702
2021-11-08,2021-11-12,Araucária,3.653112
2021-11-08,2021-11-12,Canoas,3.668792
2021-11-15,2021-11-19,Manaus,3.452106
2021-11-15,2021-11-19,Itaqui,3.481076
2021-11-15,2021-11-19,Suape,3.460562
2021-11-15,2021-11-19,Aratu,3.483442
2021-11-15,2021-11-19,Santos,3.511422
2021-11-15,2021-11-19,Paranagua,3.500770
2021-11-15,2021-11-19,Tramandai,3.516902
2021-11-15,2021-11-19,Guamaré,3.625822
2021-11-15,2021-11-19,Duque de Caxias,3.704380
2021-11-15,2021-11-19,Betim,3.726594
2021-11-15,2021-11-19,Cubatão,3.548266
2021-11-15,2021-11-19,Mauá,3.566842
2021-11-15,2021-11-19,Paulínia,3.612274
2021-11-15,2021-11-19,São José dos Campos,3.597736
2021-11-15,2021-11-19,Araucária,3.564444
2021-11-15,2021-11-19,Canoas,3.580352
2021-11-22,2021-11-24,Manaus,3.428417
2021-11-22,2021-11-24,Itaqui,3.452003
2021-11-22,2021-11-24,Suape,3.433463
2021-11-22,2021-11-24,Aratu,3.454233
2021-11-22,2021-11-24,Santos,3.479657
2021-11-22,2021-11-24,Paranagua,3.468580
2021-11-22,2021-11-24,Tramandai,3.484990
2021-11-22,2021-11-24,Guamaré,3.600763
2021-11-22,2021-11-24,Duque de Caxias,3.674997
2021-11-22,2021-11-24,Betim,3.697487
2021-11-22,2021-11-24,Cubatão,3.516957
2021-11-22,2021-11-24,Mauá,3.535757
2021-11-22,2021-11-24,Paulínia,3.581753
2021-11-22,2021-11-24,São José dos Campos,3.567040
2021-11-22,2021-11-24,Araucária,3.533037
2021-11-22,2021-11-24,Canoas,3.549223
2021-11-29,2021-12-03,Manaus,3.172706
2021-11-29,2021-12-03,Itaqui,3.194778
2021-11-29,2021-12-03,Suape,3.176730
2021-11-29,2021-12-03,Aratu,3.197008
2021-11-29,2021-12-03,Santos,3.221832
2021-11-29,2021-12-03,Paranagua,3.210644
2021-11-29,2021-12-03,Tramandai,3.227258
2021-11-29,2021-12-03,Guamaré,3.345582
2021-11-29,2021-12-03,Duque de Caxias,3.418984
2021-11-29,2021-12-03,Betim,3.441682
2021-11-29,2021-12-03,Cubatão,3.259478
2021-11-29,2021-12-03,Mauá,3.278456
2021-11-29,2021-12-03,Paulínia,3.324878
2021-11-29,2021-12-03,São José dos Campos,3.310024
2021-11-29,2021-12-03,Araucária,3.275696
2021-11-29,2021-12-03,Canoas,3.292084
2021-12-06,2021-12-10,Manaus,3.286590
2021-12-06,2021-12-10,Itaqui,3.319032
2021-12-06,2021-12-10,Suape,3.297050
2021-12-06,2021-12-10,Aratu,3.321504
2021-12-06,2021-12-10,Santos,3.351400
2021-12-06,2021-12-10,Paranagua,3.341068
2021-12-06,2021-12-10,Tramandai,3.357006
2021-12-06,2021-12-10,Guamaré,3.464620
2021-12-06,2021-12-10,Duque de Caxias,3.547056
2021-12-06,2021-12-10,Betim,3.569582
2021-12-06,2021-12-10,Cubatão,3.388762
2021-12-06,2021-12-10,Mauá,3.407594
2021-12-06,2021-12-10,Paulínia,3.453668
2021-12-06,2021-12-10,São José dos Campos,3.438924
2021-12-06,2021-12-10,Araucária,3.405632
2021-12-06,2021-12-10,Canoas,3.421338
2021-12-13,2021-12-17,Manaus,3.388942
2021-12-13,2021-12-17,Itaqui,3.426526
2021-12-13,2021-12-17,Suape,3.402410
2021-12-13,2021-12-17,Aratu,3.429166
2021-12-13,2021-12-17,Santos,3.461858
2021-12-13,2021-12-17,Paranagua,3.451990
2021-12-13,2021-12-17,Tramandai,3.467710
2021-12-13,2021-12-17,Guamaré,3.572440
2021-12-13,2021-12-17,Duque de Caxias,3.660390
2021-12-13,2021-12-17,Betim,3.683244
2021-12-13,2021-12-17,Cubatão,3.499770
2021-12-13,2021-12-17,Mauá,3.518878
2021-12-13,2021-12-17,Paulínia,3.565624
2021-12-13,2021-12-17,São José dos Campos,3.550666
2021-12-13,2021-12-17,Araucária,3.517500
2021-12-13,2021-12-17,Canoas,3.532992
2021-12-20,2021-12-23,Manaus,3.374468
2021-12-20,2021-12-23,Itaqui,3.407073
2021-12-20,2021-12-23,Suape,3.384903
2021-12-20,2021-12-23,Aratu,3.409468
2021-12-20,2021-12-23,Santos,3.439485
2021-12-20,2021-12-23,Paranagua,3.429200
2021-12-20,2021-12-23,Tramandai,3.444730
2021-12-20,2021-12-23,Guamaré,3.555313
2021-12-20,2021-12-23,Duque de Caxias,3.638453
2021-12-20,2021-12-23,Betim,3.661365
2021-12-20,2021-12-23,Cubatão,3.477475
2021-12-20,2021-12-23,Mauá,3.496628
2021-12-20,2021-12-23,Paulínia,3.543478
2021-12-20,2021-12-23,São José dos Campos,3.528488
2021-12-20,2021-12-23,Araucária,3.494863
2021-12-20,2021-12-23,Canoas,3.510155
2021-12-27,2021-12-30,Manaus,3.492045
2021-12-27,2021-12-30,Itaqui,3.522438
2021-12-27,2021-12-30,Suape,3.501223
2021-12-27,2021-12-30,Aratu,3.524790
2021-12-27,2021-12-30,Santos,3.553585
2021-12-27,2021-12-30,Paranagua,3.543095
2021-12-27,2021-12-30,Tramandai,3.558858
2021-12-27,2021-12-30,Guamaré,3.669625
2021-12-27,2021-12-30,Duque de Caxias,3.750218
2021-12-27,2021-12-30,Betim,3.772853
2021-12-27,2021-12-30,Cubatão,3.591133
2021-12-27,2021-12-30,Mauá,3.610060
2021-12-27,2021-12-30,Paulínia,3.656360
2021-12-27,2021-12-30,São José dos Campos,3.641545
2021-12-27,2021-12-30,Araucária,3.607980
2021-12-27,2021-12-30,Canoas,3.623510
2022-01-03,2022-01-07,Manaus,3.612588
2022-01-03,2022-01-07,Itaqui,3.638368
2022-01-03,2022-01-07,Suape,3.619082
2022-01-03,2022-01-07,Aratu,3.640656
2022-01-03,2022-01-07,Santos,3.667666
2022-01-03,2022-01-07,Paranagua,3.656488
2022-01-03,2022-01-07,Tramandai,3.673382
2022-01-03,2022-01-07,Guamaré,3.788574
2022-01-03,2022-01-07,Duque de Caxias,3.865566
2022-01-03,2022-01-07,Betim,3.888350
2022-01-03,2022-01-07,Cubatão,3.705454
2022-01-03,2022-01-07,Mauá,3.724502
2022-01-03,2022-01-07,Paulínia,3.771104
2022-01-03,2022-01-07,São José dos Campos,3.756192
2022-01-03,2022-01-07,Araucária,3.721792
2022-01-03,2022-01-07,Canoas,3.738456
2022-01-10,2022-01-14,Manaus,3.760604
2022-01-10,2022-01-14,Itaqui,3.787450
2022-01-10,2022-01-14,Suape,3.767948
2022-01-10,2022-01-14,Aratu,3.789696
2022-01-10,2022-01-14,Santos,3.816912
2022-01-10,2022-01-14,Paranagua,3.805784
2022-01-10,2022-01-14,Tramandai,3.822414
2022-01-10,2022-01-14,Guamaré,3.934242
2022-01-10,2022-01-14,Duque de Caxias,4.011082
2022-01-10,2022-01-14,Betim,4.033434
2022-01-10,2022-01-14,Cubatão,3.853992
2022-01-10,2022-01-14,Mauá,3.872678
2022-01-10,2022-01-14,Paulínia,3.918400
2022-01-10,2022-01-14,São José dos Campos,3.903772
2022-01-10,2022-01-14,Araucária,3.869860
2022-01-10,2022-01-14,Canoas,3.886256
2022-01-17,2022-01-21,Manaus,3.855830
2022-01-17,2022-01-21,Itaqui,3.879938
2022-01-17,2022-01-21,Suape,3.861633
2022-01-17,2022-01-21,Aratu,3.882095
2022-01-17,2022-01-21,Santos,3.907710
2022-01-17,2022-01-21,Paranagua,3.896340
2022-01-17,2022-01-21,Tramandai,3.913073
2022-01-17,2022-01-21,Guamaré,4.025170
2022-01-17,2022-01-21,Duque de Caxias,4.098660
2022-01-17,2022-01-21,Betim,4.120645
2022-01-17,2022-01-21,Cubatão,3.944170
2022-01-17,2022-01-21,Mauá,3.962553
2022-01-17,2022-01-21,Paulínia,4.007513
2022-01-17,2022-01-21,São José dos Campos,3.993128
2022-01-17,2022-01-21,Araucária,3.959350
2022-01-17,2022-01-21,Canoas,3.975863
2022-01-24,2022-01-28,Manaus,3.788360
2022-01-24,2022-01-28,Itaqui,3.809648
2022-01-24,2022-01-28,Suape,3.792486
2022-01-24,2022-01-28,Aratu,3.811716
2022-01-24,2022-01-28,Santos,3.835788
2022-01-24,2022-01-28,Paranagua,3.824188
2022-01-24,2022-01-28,Tramandai,3.841002
2022-01-24,2022-01-28,Guamaré,3.954856
2022-01-24,2022-01-28,Duque de Caxias,4.025372
2022-01-24,2022-01-28,Betim,4.047198
2022-01-24,2022-01-28,Cubatão,3.871988
2022-01-24,2022-01-28,Mauá,3.890238
2022-01-24,2022-01-28,Paulínia,3.934880
2022-01-24,2022-01-28,São José dos Campos,3.920594
2022-01-24,2022-01-28,Araucária,3.886746
2022-01-24,2022-01-28,Canoas,3.903334
2022-01-31,2022-02-04,Manaus,3.849050
2022-01-31,2022-02-04,Itaqui,3.870120
2022-01-31,2022-02-04,Suape,3.853258
2022-01-31,2022-02-04,Aratu,3.872194
2022-01-31,2022-02-04,Santos,3.895906
2022-01-31,2022-02-04,Paranagua,3.884242
2022-01-31,2022-02-04,Tramandai,3.901188
2022-01-31,2022-02-04,Guamaré,4.011512
2022-01-31,2022-02-04,Duque de Caxias,4.080682
2022-01-31,2022-02-04,Betim,4.101954
2022-01-31,2022-02-04,Cubatão,3.931188
2022-01-31,2022-02-04,Mauá,3.948974
2022-01-31,2022-02-04,Paulínia,3.992484
2022-01-31,2022-02-04,São José dos Campos,3.978562
2022-01-31,2022-02-04,Araucária,3.945216
2022-01-31,2022-02-04,Canoas,3.961946
2022-02-07,2022-02-11,Manaus,3.972484
2022-02-07,2022-02-11,Itaqui,3.998910
2022-02-07,2022-02-11,Suape,3.980114
2022-02-07,2022-02-11,Aratu,4.001036
2022-02-07,2022-02-11,Santos,4.027212
2022-02-07,2022-02-11,Paranagua,4.015950
2022-02-07,2022-02-11,Tramandai,4.032354
2022-02-07,2022-02-11,Guamaré,4.136662
2022-02-07,2022-02-11,Duque de Caxias,4.209998
2022-02-07,2022-02-11,Betim,4.231042
2022-02-07,2022-02-11,Cubatão,4.062118
2022-02-07,2022-02-11,Mauá,4.079712
2022-02-07,2022-02-11,Paulínia,4.122752
2022-02-07,2022-02-11,São José dos Campos,4.108976
2022-02-07,2022-02-11,Araucária,4.076264
2022-02-07,2022-02-11,Canoas,4.092452
2022-02-14,2022-02-18,Manaus,3.905042
2022-02-14,2022-02-18,Itaqui,3.938558
2022-02-14,2022-02-18,Suape,3.917164
2022-02-14,2022-02-18,Aratu,3.940854
2022-02-14,2022-02-18,Santos,3.970484
2022-02-14,2022-02-18,Paranagua,3.959752
2022-02-14,2022-02-18,Tramandai,3.975856
2022-02-14,2022-02-18,Guamaré,4.071556
2022-02-14,2022-02-18,Duque de Caxias,4.150756
2022-02-14,2022-02-18,Betim,4.171512
2022-02-14,2022-02-18,Cubatão,4.004908
2022-02-14,2022-02-18,Mauá,4.022258
2022-02-14,2022-02-18,Paulínia,4.064708
2022-02-14,2022-02-18,São José dos Campos,4.051126
2022-02-14,2022-02-18,Araucária,4.019234
2022-02-14,2022-02-18,Canoas,4.035132
2022-02-21,2022-02-25,Manaus,3.798273
2022-02-21,2022-02-25,Itaqui,3.839625
2022-02-21,2022-02-25,Suape,3.815348
2022-02-21,2022-02-25,Aratu,3.842188
2022-02-21,2022-02-25,Santos,3.875748
2022-02-21,2022-02-25,Paranagua,3.865593
2022-02-21,2022-02-25,Tramandai,3.881650
2022-02-21,2022-02-25,Guamaré,3.967213
2022-02-21,2022-02-25,Duque de Caxias,4.053058
2022-02-21,2022-02-25,Betim,4.073478
2022-02-21,2022-02-25,Cubatão,3.909605
2022-02-21,2022-02-25,Mauá,3.926675
2022-02-21,2022-02-25,Paulínia,3.968428
2022-02-21,2022-02-25,São José dos Campos,3.955065
2022-02-21,2022-02-25,Araucária,3.924103
2022-02-21,2022-02-25,Canoas,3.939955
2022-02-28,2022-03-04,Manaus,4.342898
2022-02-28,2022-03-04,Itaqui,4.391414
2022-02-28,2022-03-04,Suape,4.364388
2022-02-28,2022-03-04,Aratu,4.394088
2022-02-28,2022-03-04,Santos,4.431196
2022-02-28,2022-03-04,Paranagua,4.421612
2022-02-28,2022-03-04,Tramandai,4.437018
2022-02-28,2022-03-04,Guamaré,4.516964
2022-02-28,2022-03-04,Duque de Caxias,4.609346
2022-02-28,2022-03-04,Betim,4.629856
2022-02-28,2022-03-04,Cubatão,4.465214
2022-02-28,2022-03-04,Mauá,4.482364
2022-02-28,2022-03-04,Paulínia,4.524310
2022-02-28,2022-03-04,São José dos Campos,4.510888
2022-02-28,2022-03-04,Araucária,4.480398
2022-02-28,2022-03-04,Canoas,4.495596
2022-03-07,2022-03-11,Manaus,4.943218
2022-03-07,2022-03-11,Itaqui,4.995966
2022-03-07,2022-03-11,Suape,4.967400
2022-03-07,2022-03-11,Aratu,4.998790
2022-03-07,2022-03-11,Santos,5.038016
2022-03-07,2022-03-11,Paranagua,5.028736
2022-03-07,2022-03-11,Tramandai,5.044190
2022-03-07,2022-03-11,Guamaré,5.118092
2022-03-07,2022-03-11,Duque de Caxias,5.213962
2022-03-07,2022-03-11,Betim,5.234220
2022-03-07,2022-03-11,Cubatão,5.071612
2022-03-07,2022-03-11,Mauá,5.088548
2022-03-07,2022-03-11,Paulínia,5.129980
2022-03-07,2022-03-11,São José dos Campos,5.116722
2022-03-07,2022-03-11,Araucária,5.086794
2022-03-07,2022-03-11,Canoas,5.102044
2022-03-14,2022-03-18,Manaus,4.414548
2022-03-14,2022-03-18,Itaqui,4.467636
2022-03-14,2022-03-18,Suape,4.438870
2022-03-14,2022-03-18,Aratu,4.470440
2022-03-14,2022-03-18,Santos,4.509890
2022-03-14,2022-03-18,Paranagua,4.500656
2022-03-14,2022-03-18,Tramandai,4.515934
2022-03-14,2022-03-18,Guamaré,4.591158
2022-03-14,2022-03-18,Duque de Caxias,4.687706
2022-03-14,2022-03-18,Betim,4.708174
2022-03-14,2022-03-18,Cubatão,4.543846
2022-03-14,2022-03-18,Mauá,4.560962
2022-03-14,2022-03-18,Paulínia,4.602828
2022-03-14,2022-03-18,São José dos Campos,4.589432
2022-03-14,2022-03-18,Araucária,4.559330
2022-03-14,2022-03-18,Canoas,4.574402
2022-03-21,2022-03-25,Manaus,4.928484
2022-03-21,2022-03-25,Itaqui,4.968606
2022-03-21,2022-03-25,Suape,4.945214
2022-03-21,2022-03-25,Aratu,4.970936
2022-03-21,2022-03-25,Santos,5.003080
2022-03-21,2022-03-25,Paranagua,4.992766
2022-03-21,2022-03-25,Tramandai,5.008194
2022-03-21,2022-03-25,Guamaré,5.090492
2022-03-21,2022-03-25,Duque de Caxias,5.172712
2022-03-21,2022-03-25,Betim,5.192238
2022-03-21,2022-03-25,Cubatão,5.035472
2022-03-21,2022-03-25,Mauá,5.051800
2022-03-21,2022-03-25,Paulínia,5.091744
2022-03-21,2022-03-25,São José dos Campos,5.078962
2022-03-21,2022-03-25,Araucária,5.048738
2022-03-21,2022-03-25,Canoas,5.063968
2022-03-28,2022-04-01,Manaus,4.957978
2022-03-28,2022-04-01,Itaqui,5.012852
2022-03-28,2022-04-01,Suape,4.983984
2022-03-28,2022-04-01,Aratu,5.015594
2022-03-28,2022-04-01,Santos,5.055078
2022-03-28,2022-04-01,Paranagua,5.045874
2022-03-28,2022-04-01,Tramandai,5.060834
2022-03-28,2022-04-01,Guamaré,5.125900
2022-03-28,2022-04-01,Duque de Caxias,5.220784
2022-03-28,2022-04-01,Betim,5.239860
2022-03-28,2022-04-01,Cubatão,5.086720
2022-03-28,2022-04-01,Mauá,5.102670
2022-03-28,2022-04-01,Paulínia,5.141686
2022-03-28,2022-04-01,São José dos Campos,5.129204
2022-03-28,2022-04-01,Araucária,5.100552
2022-03-28,2022-04-01,Canoas,5.115318
2022-04-04,2022-04-08,Manaus,4.965184
2022-04-04,2022-04-08,Itaqui,5.077698
2022-04-04,2022-04-08,Suape,5.026504
2022-04-04,2022-04-08,Aratu,5.083122
2022-04-04,2022-04-08,Santos,5.153914
2022-04-04,2022-04-08,Paranagua,5.149132
2022-04-04,2022-04-08,Tramandai,5.166430
2022-04-04,2022-04-08,Guamaré,5.166672
2022-04-04,2022-04-08,Duque de Caxias,5.317576
2022-04-04,2022-04-08,Betim,5.336418
2022-04-04,2022-04-08,Cubatão,5.185166
2022-04-04,2022-04-08,Mauá,5.200918
2022-04-04,2022-04-08,Paulínia,5.239456
2022-04-04,2022-04-08,São José dos Campos,5.227124
2022-04-04,2022-04-08,Araucária,5.203138
2022-04-04,2022-04-08,Canoas,5.220244
2022-04-11,2022-04-14,Manaus,4.859565
2022-04-11,2022-04-14,Itaqui,4.977105
2022-04-11,2022-04-14,Suape,4.923875
2022-04-11,2022-04-14,Aratu,4.983038
2022-04-11,2022-04-14,Santos,5.057048
2022-04-11,2022-04-14,Paranagua,5.052638
2022-04-11,2022-04-14,Tramandai,5.071260
2022-04-11,2022-04-14,Guamaré,5.063925
2022-04-11,2022-04-14,Duque de Caxias,5.220565
2022-04-11,2022-04-14,Betim,5.239393
2022-04-11,2022-04-14,Cubatão,5.088275
2022-04-11,2022-04-14,Mauá,5.104013
2022-04-11,2022-04-14,Paulínia,5.142515
2022-04-11,2022-04-14,São José dos Campos,5.130195
2022-04-11,2022-04-14,Araucária,5.106600
2022-04-11,2022-04-14,Canoas,5.125028
2022-04-18,2022-04-22,Manaus,5.244360
2022-04-18,2022-04-22,Itaqui,5.304988
2022-04-18,2022-04-22,Suape,5.274126
2022-04-18,2022-04-22,Aratu,5.307580
2022-04-18,2022-04-22,Santos,5.349322
2022-04-18,2022-04-22,Paranagua,5.340552
2022-04-18,2022-04-22,Tramandai,5.354096
2022-04-18,2022-04-22,Guamaré,5.413874
2022-04-18,2022-04-22,Duque de Caxias,5.512490
2022-04-18,2022-04-22,Betim,5.531276
2022-04-18,2022-04-22,Cubatão,5.380482
2022-04-18,2022-04-22,Mauá,5.396186
2022-04-18,2022-04-22,Paulínia,5.434608
2022-04-18,2022-04-22,São José dos Campos,5.422314
2022-04-18,2022-04-22,Araucária,5.394396
2022-04-18,2022-04-22,Canoas,5.407746
2022-04-25,2022-04-29,Manaus,5.582902
2022-04-25,2022-04-29,Itaqui,5.627878
2022-04-25,2022-04-29,Suape,5.602514
2022-04-25,2022-04-29,Aratu,5.630344
2022-04-25,2022-04-29,Santos,5.665114
2022-04-25,2022-04-29,Paranagua,5.655202
2022-04-25,2022-04-29,Tramandai,5.670408
2022-04-25,2022-04-29,Guamaré,5.749892
2022-04-25,2022-04-29,Duque de Caxias,5.837198
2022-04-25,2022-04-29,Betim,5.857010
2022-04-25,2022-04-29,Cubatão,5.697976
2022-04-25,2022-04-29,Mauá,5.714538
2022-04-25,2022-04-29,Paulínia,5.755058
2022-04-25,2022-04-29,São José dos Campos,5.742092
2022-04-25,2022-04-29,Araucária,5.711986
2022-04-25,2022-04-29,Canoas,5.726996
2022-05-02,2022-05-06,Manaus,6.140470
2022-05-02,2022-05-06,Itaqui,6.208116
2022-05-02,2022-05-06,Suape,6.169304
2022-05-02,2022-05-06,Aratu,6.211496
2022-05-02,2022-05-06,Santos,6.197554
2022-05-02,2022-05-06,Paranagua,6.188818
2022-05-02,2022-05-06,Tramandai,6.205450
2022-05-02,2022-05-06,Guamaré,6.319564
2022-05-02,2022-05-06,Duque de Caxias,6.372996
2022-05-02,2022-05-06,Betim,6.393196
2022-05-02,2022-05-06,Cubatão,6.231054
2022-05-02,2022-05-06,Mauá,6.247944
2022-05-02,2022-05-06,Paulínia,6.289256
2022-05-02,2022-05-06,São José dos Campos,6.276036
2022-05-02,2022-05-06,Araucária,6.246710
2022-05-02,2022-05-06,Canoas,6.263138
2022-05-09,2022-05-13,Manaus,5.922730
2022-05-09,2022-05-13,Itaqui,5.975814
2022-05-09,2022-05-13,Suape,5.943134
2022-05-09,2022-05-13,Aratu,5.978908
2022-05-09,2022-05-13,Santos,5.967734
2022-05-09,2022-05-13,Paranagua,5.957988
2022-05-09,2022-05-13,Tramandai,5.975400
2022-05-09,2022-05-13,Guamaré,6.095984
2022-05-09,2022-05-13,Duque de Caxias,6.146206
2022-05-09,2022-05-13,Betim,6.166752
2022-05-09,2022-05-13,Cubatão,6.001814
2022-05-09,2022-05-13,Mauá,6.018994
2022-05-09,2022-05-13,Paulínia,6.061018
2022-05-09,2022-05-13,São José dos Campos,6.047570
2022-05-09,2022-05-13,Araucária,6.016876
2022-05-09,2022-05-13,Canoas,6.034082
2022-05-16,2022-05-20,Manaus,5.229552
2022-05-16,2022-05-20,Itaqui,5.298516
2022-05-16,2022-05-20,Suape,5.259002
2022-05-16,2022-05-20,Aratu,5.302856
2022-05-16,2022-05-20,Santos,5.290710
2022-05-16,2022-05-20,Paranagua,5.282010
2022-05-16,2022-05-20,Tramandai,5.302414
2022-05-16,2022-05-20,Guamaré,5.406918
2022-05-16,2022-05-20,Duque de Caxias,5.463420
2022-05-16,2022-05-20,Betim,5.483304
2022-05-16,2022-05-20,Cubatão,5.323690
2022-05-16,2022-05-20,Mauá,5.340314
2022-05-16,2022-05-20,Paulínia,5.380982
2022-05-16,2022-05-20,São José dos Campos,5.368000
2022-05-16,2022-05-20,Araucária,5.339000
2022-05-16,2022-05-20,Canoas,5.359202
2022-05-23,2022-05-27,Manaus,4.905692
2022-05-23,2022-05-27,Itaqui,4.994588
2022-05-23,2022-05-27,Suape,4.946742
2022-05-23,2022-05-27,Aratu,4.999376
2022-05-23,2022-05-27,Santos,4.983606
2022-05-23,2022-05-27,Paranagua,4.976272
2022-05-23,2022-05-27,Tramandai,4.995876
2022-05-23,2022-05-27,Guamaré,5.089866
2022-05-23,2022-05-27,Duque de Caxias,5.150718
2022-05-23,2022-05-27,Betim,5.169958
2022-05-23,2022-05-27,Cubatão,5.015516
2022-05-23,2022-05-27,Mauá,5.031600
2022-05-23,2022-05-27,Paulínia,5.070952
2022-05-23,2022-05-27,São José dos Campos,5.058362
2022-05-23,2022-05-27,Araucária,5.031414
2022-05-23,2022-05-27,Canoas,5.050826
2022-05-30,2022-06-03,Manaus,5.231420
2022-05-30,2022-06-03,Itaqui,5.318355
2022-05-30,2022-06-03,Suape,5.271390
2022-05-30,2022-06-03,Aratu,5.323050
2022-05-30,2022-06-03,Santos,5.307573
2022-05-30,2022-06-03,Paranagua,5.300095
2022-05-30,2022-06-03,Tramandai,5.319605
2022-05-30,2022-06-03,Guamaré,5.414333
2022-05-30,2022-06-03,Duque de Caxias,5.474468
2022-05-30,2022-06-03,Betim,5.493685
2022-05-30,2022-06-03,Cubatão,5.339440
2022-05-30,2022-06-03,Mauá,5.355505
2022-05-30,2022-06-03,Paulínia,5.394803
2022-05-30,2022-06-03,São José dos Campos,5.382228
2022-05-30,2022-06-03,Araucária,5.355170
2022-05-30,2022-06-03,Canoas,5.374483
2022-06-06,2022-06-10,Manaus,5.704344
2022-06-06,2022-06-10,Itaqui,5.767218
2022-06-06,2022-06-10,Suape,5.730648
2022-06-06,2022-06-10,Aratu,5.770800
2022-06-06,2022-06-10,Santos,5.758564
2022-06-06,2022-06-10,Paranagua,5.749434
2022-06-06,2022-06-10,Tramandai,5.767622
2022-06-06,2022-06-10,Guamaré,5.876492
2022-06-06,2022-06-10,Duque de Caxias,5.928854
2022-06-06,2022-06-10,Betim,5.948462
2022-06-06,2022-06-10,Cubatão,5.791086
2022-06-06,2022-06-10,Mauá,5.807476
2022-06-06,2022-06-10,Paulínia,5.847572
2022-06-06,2022-06-10,São José dos Campos,5.834742
2022-06-06,2022-06-10,Araucária,5.805626
2022-06-06,2022-06-10,Canoas,5.823616
2022-06-13,2022-06-17,Manaus,6.160050
2022-06-13,2022-06-17,Itaqui,6.224900
2022-06-13,2022-06-17,Suape,6.187078
2022-06-13,2022-06-17,Aratu,6.228500
2022-06-13,2022-06-17,Santos,6.215612
2022-06-13,2022-06-17,Paranagua,6.206688
2022-06-13,2022-06-17,Tramandai,6.224560
2022-06-13,2022-06-17,Guamaré,6.339560
2022-06-13,2022-06-17,Duque de Caxias,6.393654
2022-06-13,2022-06-17,Betim,6.414152
2022-06-13,2022-06-17,Cubatão,6.249608
2022-06-13,2022-06-17,Mauá,6.266746
2022-06-13,2022-06-17,Paulínia,6.308670
2022-06-13,2022-06-17,São José dos Campos,6.295258
2022-06-13,2022-06-17,Araucária,6.265438
2022-06-13,2022-06-17,Canoas,6.283102
2022-06-20,2022-06-24,Manaus,6.203020
2022-06-20,2022-06-24,Itaqui,6.289410
2022-06-20,2022-06-24,Suape,6.241990
2022-06-20,2022-06-24,Aratu,6.293988
2022-06-20,2022-06-24,Santos,6.277973
2022-06-20,2022-06-24,Paranagua,6.270585
2022-06-20,2022-06-24,Tramandai,6.289443
2022-06-20,2022-06-24,Guamaré,6.397003
2022-06-20,2022-06-24,Duque de Caxias,6.458970
2022-06-20,2022-06-24,Betim,6.479810
2022-06-20,2022-06-24,Cubatão,6.312533
2022-06-20,2022-06-24,Mauá,6.329958
2022-06-20,2022-06-24,Paulínia,6.372578
2022-06-20,2022-06-24,São José dos Campos,6.358940
2022-06-20,2022-06-24,Araucária,6.330310
2022-06-20,2022-06-24,Canoas,6.348958
2022-06-27,2022-07-01,Manaus,5.914246
2022-06-27,2022-07-01,Itaqui,6.008352
2022-06-27,2022-07-01,Suape,5.957358
2022-06-27,2022-07-01,Aratu,6.013568
2022-06-27,2022-07-01,Santos,5.997012
2022-06-27,2022-07-01,Paranagua,5.990174
2022-06-27,2022-07-01,Tramandai,6.010540
2022-06-27,2022-07-01,Guamaré,6.113858
2022-06-27,2022-07-01,Duque de Caxias,6.179742
2022-06-27,2022-07-01,Betim,6.200780
2022-06-27,2022-07-01,Cubatão,6.031906
2022-06-27,2022-07-01,Mauá,6.049496
2022-06-27,2022-07-01,Paulínia,6.092522
2022-06-27,2022-07-01,São José dos Campos,6.078752
2022-06-27,2022-07-01,Araucária,6.050472
2022-06-27,2022-07-01,Canoas,6.070628
2022-07-04,2022-07-08,Manaus,5.428118
2022-07-04,2022-07-08,Itaqui,5.514378
2022-07-04,2022-07-08,Suape,5.466590
2022-07-04,2022-07-08,Aratu,5.519238
2022-07-04,2022-07-08,Santos,5.503673
2022-07-04,2022-07-08,Paranagua,5.496320
2022-07-04,2022-07-08,Tramandai,5.516248
2022-07-04,2022-07-08,Guamaré,5.626943
2022-07-04,2022-07-08,Duque de Caxias,5.690898
2022-07-04,2022-07-08,Betim,5.712455
2022-07-04,2022-07-08,Cubatão,5.539423
2022-07-04,2022-07-08,Mauá,5.557443
2022-07-04,2022-07-08,Paulínia,5.601530
2022-07-04,2022-07-08,São José dos Campos,5.587425
2022-07-04,2022-07-08,Araucária,5.558103
2022-07-04,2022-07-08,Canoas,5.577810
2022-07-11,2022-07-15,Manaus,5.535272
2022-07-11,2022-07-15,Itaqui,5.609864
2022-07-11,2022-07-15,Suape,5.567168
2022-07-11,2022-07-15,Aratu,5.614152
2022-07-11,2022-07-15,Santos,5.600112
2022-07-11,2022-07-15,Paranagua,5.591950
2022-07-11,2022-07-15,Tramandai,5.611116
2022-07-11,2022-07-15,Guamaré,5.728530
2022-07-11,2022-07-15,Duque de Caxias,5.788520
2022-07-11,2022-07-15,Betim,5.810210
2022-07-11,2022-07-15,Cubatão,5.636088
2022-07-11,2022-07-15,Mauá,5.654222
2022-07-11,2022-07-15,Paulínia,5.698588
2022-07-11,2022-07-15,São José dos Campos,5.684390
2022-07-11,2022-07-15,Araucária,5.654120
2022-07-11,2022-07-15,Canoas,5.673068
2022-07-18,2022-07-22,Manaus,5.425674
2022-07-18,2022-07-22,Itaqui,5.504028
2022-07-18,2022-07-22,Suape,5.459536
2022-07-18,2022-07-22,Aratu,5.508632
2022-07-18,2022-07-22,Santos,5.494320
2022-07-18,2022-07-22,Paranagua,5.486434
2022-07-18,2022-07-22,Tramandai,5.506356
2022-07-18,2022-07-22,Guamaré,5.622412
2022-07-18,2022-07-22,Duque de Caxias,5.684498
2022-07-18,2022-07-22,Betim,5.706392
2022-07-18,2022-07-22,Cubatão,5.530636
2022-07-18,2022-07-22,Mauá,5.548940
2022-07-18,2022-07-22,Paulínia,5.593720
2022-07-18,2022-07-22,São José dos Campos,5.579392
2022-07-18,2022-07-22,Araucária,5.549190
2022-07-18,2022-07-22,Canoas,5.568888
2022-07-25,2022-07-29,Manaus,5.239616
2022-07-25,2022-07-29,Itaqui,5.340678
2022-07-25,2022-07-29,Suape,5.286444
2022-07-25,2022-07-29,Aratu,5.346562
2022-07-25,2022-07-29,Santos,5.329732
2022-07-25,2022-07-29,Paranagua,5.323384
2022-07-25,2022-07-29,Tramandai,5.345508
2022-07-25,2022-07-29,Guamaré,5.444376
2022-07-25,2022-07-29,Duque de Caxias,5.514134
2022-07-25,2022-07-29,Betim,5.535362
2022-07-25,2022-07-29,Cubatão,5.364944
2022-07-25,2022-07-29,Mauá,5.382694
2022-07-25,2022-07-29,Paulínia,5.426114
2022-07-25,2022-07-29,São José dos Campos,5.412222
2022-07-25,2022-07-29,Araucária,5.384232
2022-07-25,2022-07-29,Canoas,5.406142
2022-08-01,2022-08-05,Manaus,5.004710
2022-08-01,2022-08-05,Itaqui,5.134016
2022-08-01,2022-08-05,Suape,5.067430
2022-08-01,2022-08-05,Aratu,5.141410
2022-08-01,2022-08-05,Santos,5.121122
2022-08-01,2022-08-05,Paranagua,5.116732
2022-08-01,2022-08-05,Tramandai,5.141166
2022-08-01,2022-08-05,Guamaré,5.223454
2022-08-01,2022-08-05,Duque de Caxias,5.303298
2022-08-01,2022-08-05,Betim,5.324274
2022-08-01,2022-08-05,Cubatão,5.155912
2022-08-01,2022-08-05,Mauá,5.173446
2022-08-01,2022-08-05,Paulínia,5.216342
2022-08-01,2022-08-05,São José dos Campos,5.202618
2022-08-01,2022-08-05,Araucária,5.176846
2022-08-01,2022-08-05,Canoas,5.201070
2022-08-08,2022-08-12,Manaus,4.638312
2022-08-08,2022-08-12,Itaqui,4.720522
2022-08-08,2022-08-12,Suape,4.674936
2022-08-08,2022-08-12,Aratu,4.725358
2022-08-08,2022-08-12,Santos,4.710956
2022-08-08,2022-08-12,Paranagua,4.703236
2022-08-08,2022-08-12,Tramandai,4.723758
2022-08-08,2022-08-12,Guamaré,4.827794
2022-08-08,2022-08-12,Duque de Caxias,4.889432
2022-08-08,2022-08-12,Betim,4.909982
2022-08-08,2022-08-12,Cubatão,4.745036
2022-08-08,2022-08-12,Mauá,4.762216
2022-08-08,2022-08-12,Paulínia,4.804242
2022-08-08,2022-08-12,São José dos Campos,4.790794
2022-08-08,2022-08-12,Araucária,4.762130
2022-08-08,2022-08-12,Canoas,4.782444
2022-08-15,2022-08-19,Manaus,4.801088
2022-08-15,2022-08-19,Itaqui,4.849108
2022-08-15,2022-08-19,Suape,4.818500
2022-08-15,2022-08-19,Aratu,4.852266
2022-08-15,2022-08-19,Santos,4.842400
2022-08-15,2022-08-19,Paranagua,4.832296
2022-08-15,2022-08-19,Tramandai,4.850638
2022-08-15,2022-08-19,Guamaré,4.972480
2022-08-15,2022-08-19,Duque de Caxias,5.022190
2022-08-15,2022-08-19,Betim,5.042886
2022-08-15,2022-08-19,Cubatão,4.876730
2022-08-15,2022-08-19,Mauá,4.894036
2022-08-15,2022-08-19,Paulínia,4.936372
2022-08-15,2022-08-19,São José dos Campos,4.922826
2022-08-15,2022-08-19,Araucária,4.891620
2022-08-15,2022-08-19,Canoas,4.909756
2022-08-22,2022-08-26,Manaus,5.118988
2022-08-22,2022-08-26,Itaqui,5.166318
2022-08-22,2022-08-26,Suape,5.136104
2022-08-22,2022-08-26,Aratu,5.169388
2022-08-22,2022-08-26,Santos,5.159538
2022-08-22,2022-08-26,Paranagua,5.149376
2022-08-22,2022-08-26,Tramandai,5.167482
2022-08-22,2022-08-26,Guamaré,5.288882
2022-08-22,2022-08-26,Duque de Caxias,5.337926
2022-08-22,2022-08-26,Betim,5.358464
2022-08-22,2022-08-26,Cubatão,5.193602
2022-08-22,2022-08-26,Mauá,5.210774
2022-08-22,2022-08-26,Paulínia,5.252776
2022-08-22,2022-08-26,São José dos Campos,5.239338
2022-08-22,2022-08-26,Araucária,5.208238
2022-08-22,2022-08-26,Canoas,5.226140
2022-08-29,2022-09-02,Manaus,5.021922
2022-08-29,2022-09-02,Itaqui,5.066930
2022-08-29,2022-09-02,Suape,5.037696
2022-08-29,2022-09-02,Aratu,5.069836
2022-08-29,2022-09-02,Santos,5.060158
2022-08-29,2022-09-02,Paranagua,5.049844
2022-08-29,2022-09-02,Tramandai,5.067574
2022-08-29,2022-09-02,Guamaré,5.191416
2022-08-29,2022-09-02,Duque de Caxias,5.239638
2022-08-29,2022-09-02,Betim,5.260304
2022-08-29,2022-09-02,Cubatão,5.094432
2022-08-29,2022-09-02,Mauá,5.111708
2022-08-29,2022-09-02,Paulínia,5.153972
2022-08-29,2022-09-02,São José dos Campos,5.140446
2022-08-29,2022-09-02,Araucária,5.109068
2022-08-29,2022-09-02,Canoas,5.126592
2022-09-05,2022-09-09,Manaus,4.919595
2022-09-05,2022-09-09,Itaqui,4.986145
2022-09-05,2022-09-09,Suape,4.947068
2022-09-05,2022-09-09,Aratu,4.990928
2022-09-05,2022-09-09,Santos,4.980040
2022-09-05,2022-09-09,Paranagua,4.971228
2022-09-05,2022-09-09,Tramandai,4.993623
2022-09-05,2022-09-09,Guamaré,5.102810
2022-09-05,2022-09-09,Duque de Caxias,5.161888
2022-09-05,2022-09-09,Betim,5.182828
2022-09-05,2022-09-09,Cubatão,5.014765
2022-09-05,2022-09-09,Mauá,5.032265
2022-09-05,2022-09-09,Paulínia,5.075090
2022-09-05,2022-09-09,São José dos Campos,5.061385
2022-09-05,2022-09-09,Araucária,5.031235
2022-09-05,2022-09-09,Canoas,5.053420
2022-09-12,2022-09-16,Manaus,4.841452
2022-09-12,2022-09-16,Itaqui,4.941064
2022-09-12,2022-09-16,Suape,4.887566
2022-09-12,2022-09-16,Aratu,4.947122
2022-09-12,2022-09-16,Santos,4.931096
2022-09-12,2022-09-16,Paranagua,4.924608
2022-09-12,2022-09-16,Tramandai,4.947686
2022-09-12,2022-09-16,Guamaré,5.042684
2022-09-12,2022-09-16,Duque de Caxias,5.112212
2022-09-12,2022-09-16,Betim,5.133064
2022-09-12,2022-09-16,Cubatão,4.965682
2022-09-12,2022-09-16,Mauá,4.983114
2022-09-12,2022-09-16,Paulínia,5.025760
2022-09-12,2022-09-16,São José dos Campos,5.012114
2022-09-12,2022-09-16,Araucária,4.984372
2022-09-12,2022-09-16,Canoas,5.007238
2022-09-19,2022-09-23,Manaus,4.696868
2022-09-19,2022-09-23,Itaqui,4.784398
2022-09-19,2022-09-23,Suape,4.736196
2022-09-19,2022-09-23,Aratu,4.790094
2022-09-19,2022-09-23,Santos,4.776196
2022-09-19,2022-09-23,Paranagua,4.768846
2022-09-19,2022-09-23,Tramandai,4.792118
2022-09-19,2022-09-23,Guamaré,4.890766
2022-09-19,2022-09-23,Duque de Caxias,4.956678
2022-09-19,2022-09-23,Betim,4.977456
2022-09-19,2022-09-23,Cubatão,4.810662
2022-09-19,2022-09-23,Mauá,4.828032
2022-09-19,2022-09-23,Paulínia,4.870530
2022-09-19,2022-09-23,São José dos Campos,4.856930
2022-09-19,2022-09-23,Araucária,4.828402
2022-09-19,2022-09-23,Canoas,4.851460
2022-09-26,2022-09-30,Manaus,5.090206
2022-09-26,2022-09-30,Itaqui,5.194148
2022-09-26,2022-09-30,Suape,5.138242
2022-09-26,2022-09-30,Aratu,5.201002
2022-09-26,2022-09-30,Santos,5.185438
2022-09-26,2022-09-30,Paranagua,5.179290
2022-09-26,2022-09-30,Tramandai,5.204900
2022-09-26,2022-09-30,Guamaré,5.298834
2022-09-26,2022-09-30,Duque de Caxias,5.372946
2022-09-26,2022-09-30,Betim,5.394536
2022-09-26,2022-09-30,Cubatão,5.221244
2022-09-26,2022-09-30,Mauá,5.239292
2022-09-26,2022-09-30,Paulínia,5.283442
2022-09-26,2022-09-30,São José dos Campos,5.269318
2022-09-26,2022-09-30,Araucária,5.241164
2022-09-26,2022-09-30,Canoas,5.266558
2022-10-03,2022-10-07,Manaus,5.168644
2022-10-03,2022-10-07,Itaqui,5.245620
2022-10-03,2022-10-07,Suape,5.202252
2022-10-03,2022-10-07,Aratu,5.250032
2022-10-03,2022-10-07,Santos,5.235904
2022-10-03,2022-10-07,Paranagua,5.227846
2022-10-03,2022-10-07,Tramandai,5.247314
2022-10-03,2022-10-07,Guamaré,5.357272
2022-10-03,2022-10-07,Duque de Caxias,5.416906
2022-10-03,2022-10-07,Betim,5.437744
2022-10-03,2022-10-07,Cubatão,5.270462
2022-10-03,2022-10-07,Mauá,5.287886
2022-10-03,2022-10-07,Paulínia,5.330510
2022-10-03,2022-10-07,São José dos Campos,5.316870
2022-10-03,2022-10-07,Araucária,5.287574
2022-10-03,2022-10-07,Canoas,5.306832
2022-10-10,2022-10-14,Manaus,5.510438
2022-10-10,2022-10-14,Itaqui,5.578460
2022-10-10,2022-10-14,Suape,5.538846
2022-10-10,2022-10-14,Aratu,5.582674
2022-10-10,2022-10-14,Santos,5.570200
2022-10-10,2022-10-14,Paranagua,5.561526
2022-10-10,2022-10-14,Tramandai,5.581394
2022-10-10,2022-10-14,Guamaré,5.695846
2022-10-10,2022-10-14,Duque de Caxias,5.753516
2022-10-10,2022-10-14,Betim,5.774622
2022-10-10,2022-10-14,Cubatão,5.605204
2022-10-10,2022-10-14,Mauá,5.622850
2022-10-10,2022-10-14,Paulínia,5.666014
2022-10-10,2022-10-14,São José dos Campos,5.652206
2022-10-10,2022-10-14,Araucária,5.622016
2022-10-10,2022-10-14,Canoas,5.641674
2022-10-17,2022-10-21,Manaus,5.236772
2022-10-17,2022-10-21,Itaqui,5.308070
2022-10-17,2022-10-21,Suape,5.266946
2022-10-17,2022-10-21,Aratu,5.312718
2022-10-17,2022-10-21,Santos,5.300380
2022-10-17,2022-10-21,Paranagua,5.291924
2022-10-17,2022-10-21,Tramandai,5.313098
2022-10-17,2022-10-21,Guamaré,5.423658
2022-10-17,2022-10-21,Duque de Caxias,5.483362
2022-10-17,2022-10-21,Betim,5.504426
2022-10-17,2022-10-21,Cubatão,5.335320
2022-10-17,2022-10-21,Mauá,5.352934
2022-10-17,2022-10-21,Paulínia,5.396018
2022-10-17,2022-10-21,São José dos Campos,5.382234
2022-10-17,2022-10-21,Araucária,5.352304
2022-10-17,2022-10-21,Canoas,5.373266
2022-10-24,2022-10-28,Manaus,5.188070
2022-10-24,2022-10-28,Itaqui,5.255572
2022-10-24,2022-10-28,Suape,5.216090
2022-10-24,2022-10-28,Aratu,5.259692
2022-10-24,2022-10-28,Santos,5.247070
2022-10-24,2022-10-28,Paranagua,5.238378
2022-10-24,2022-10-28,Tramandai,5.257888
2022-10-24,2022-10-28,Guamaré,5.375044
2022-10-24,2022-10-28,Duque de Caxias,5.432662
2022-10-24,2022-10-28,Betim,5.454030
2022-10-24,2022-10-28,Cubatão,5.282508
2022-10-24,2022-10-28,Mauá,5.300374
2022-10-24,2022-10-28,Paulínia,5.344074
2022-10-24,2022-10-28,São José dos Campos,5.330090
2022-10-24,2022-10-28,Araucária,5.299622
2022-10-24,2022-10-28,Canoas,5.318914
2022-10-31,2022-11-04,Manaus,4.981776
2022-10-31,2022-11-04,Itaqui,5.042982
2022-10-31,2022-11-04,Suape,5.006656
2022-10-31,2022-11-04,Aratu,5.046764
2022-10-31,2022-11-04,Santos,5.035120
2022-10-31,2022-11-04,Paranagua,5.025932
2022-10-31,2022-11-04,Tramandai,5.045028
2022-10-31,2022-11-04,Guamaré,5.159430
2022-10-31,2022-11-04,Duque de Caxias,5.213504
2022-10-31,2022-11-04,Betim,5.234038
2022-10-31,2022-11-04,Cubatão,5.069180
2022-10-31,2022-11-04,Mauá,5.086354
2022-10-31,2022-11-04,Paulínia,5.128356
2022-10-31,2022-11-04,São José dos Campos,5.114916
2022-10-31,2022-11-04,Araucária,5.084792
2022-10-31,2022-11-04,Canoas,5.103682
2022-11-07,2022-11-11,Manaus,4.949692
2022-11-07,2022-11-11,Itaqui,5.008546
2022-11-07,2022-11-11,Suape,4.972988
2022-11-07,2022-11-11,Aratu,5.012292
2022-11-07,2022-11-11,Santos,5.001006
2022-11-07,2022-11-11,Paranagua,4.991686
2022-11-07,2022-11-11,Tramandai,5.010898
2022-11-07,2022-11-11,Guamaré,5.129738
2022-11-07,2022-11-11,Duque de Caxias,5.184028
2022-11-07,2022-11-11,Betim,5.205098
2022-11-07,2022-11-11,Cubatão,5.035954
2022-11-07,2022-11-11,Mauá,5.053574
2022-11-07,2022-11-11,Paulínia,5.096668
2022-11-07,2022-11-11,São José dos Campos,5.082876
2022-11-07,2022-11-11,Araucária,5.052080
2022-11-07,2022-11-11,Canoas,5.071078
2022-11-14,2022-11-18,Manaus,4.953770
2022-11-14,2022-11-18,Itaqui,5.049076
2022-11-14,2022-11-18,Suape,4.997094
2022-11-14,2022-11-18,Aratu,5.055158
2022-11-14,2022-11-18,Santos,5.040030
2022-11-14,2022-11-18,Paranagua,5.033284
2022-11-14,2022-11-18,Tramandai,5.056946
2022-11-14,2022-11-18,Guamaré,5.157506
2022-11-14,2022-11-18,Duque de Caxias,5.227328
2022-11-14,2022-11-18,Betim,5.248894
2022-11-14,2022-11-18,Cubatão,5.075796
2022-11-14,2022-11-18,Mauá,5.093824
2022-11-14,2022-11-18,Paulínia,5.137928
2022-11-14,2022-11-18,São José dos Campos,5.123816
2022-11-14,2022-11-18,Araucária,5.095090
2022-11-14,2022-11-18,Canoas,5.118532
2022-11-21,2022-11-25,Manaus,4.759157
2022-11-21,2022-11-25,Itaqui,4.875810
2022-11-21,2022-11-25,Suape,4.814540
2022-11-21,2022-11-25,Aratu,4.882670
2022-11-21,2022-11-25,Santos,4.864123
2022-11-21,2022-11-25,Paranagua,4.858880
2022-11-21,2022-11-25,Tramandai,4.882787
2022-11-21,2022-11-25,Guamaré,4.974480
2022-11-21,2022-11-25,Duque de Caxias,5.050873
2022-11-21,2022-11-25,Betim,5.072373
2022-11-21,2022-11-25,Cubatão,4.899783
2022-11-21,2022-11-25,Mauá,4.917760
2022-11-21,2022-11-25,Paulínia,4.961733
2022-11-21,2022-11-25,São José dos Campos,4.947663
2022-11-21,2022-11-25,Araucária,4.920507
2022-11-21,2022-11-25,Canoas,4.944193
2022-11-28,2022-12-02,Manaus,4.357090
2022-11-28,2022-12-02,Itaqui,4.463998
2022-11-28,2022-12-02,Suape,4.407074
2022-11-28,2022-12-02,Aratu,4.470750
2022-11-28,2022-12-02,Santos,4.454404
2022-11-28,2022-12-02,Paranagua,4.448434
2022-11-28,2022-12-02,Tramandai,4.473314
2022-11-28,2022-12-02,Guamaré,4.564150
2022-11-28,2022-12-02,Duque de Caxias,4.637806
2022-11-28,2022-12-02,Betim,4.658922
2022-11-28,2022-12-02,Cubatão,4.489424
2022-11-28,2022-12-02,Mauá,4.507078
2022-11-28,2022-12-02,Paulínia,4.550264
2022-11-28,2022-12-02,São José dos Campos,4.536446
2022-11-28,2022-12-02,Araucária,4.508954
2022-11-28,2022-12-02,Canoas,4.533618
2022-12-05,2022-12-09,Manaus,4.106760
2022-12-05,2022-12-09,Itaqui,4.225026
2022-12-05,2022-12-09,Suape,4.163172
2022-12-05,2022-12-09,Aratu,4.232196
2022-12-05,2022-12-09,Santos,4.214036
2022-12-05,2022-12-09,Paranagua,4.208864
2022-12-05,2022-12-09,Tramandai,4.233882
2022-12-05,2022-12-09,Guamaré,4.319778
2022-12-05,2022-12-09,Duque de Caxias,4.396892
2022-12-05,2022-12-09,Betim,4.417942
2022-12-05,2022-12-09,Cubatão,4.248954
2022-12-05,2022-12-09,Mauá,4.266554
2022-12-05,2022-12-09,Paulínia,4.309608
2022-12-05,2022-12-09,São José dos Campos,4.295832
2022-12-05,2022-12-09,Araucária,4.269202
2022-12-05,2022-12-09,Canoas,4.294006
2022-12-12,2022-12-16,Manaus,4.418094
2022-12-12,2022-12-16,Itaqui,4.509432
2022-12-12,2022-12-16,Suape,4.459352
2022-12-12,2022-12-16,Aratu,4.515080
2022-12-12,2022-12-16,Santos,4.500030
2022-12-12,2022-12-16,Paranagua,4.493002
2022-12-12,2022-12-16,Tramandai,4.515480
2022-12-12,2022-12-16,Guamaré,4.618182
2022-12-12,2022-12-16,Duque de Caxias,4.685488
2022-12-12,2022-12-16,Betim,4.706838
2022-12-12,2022-12-16,Cubatão,4.535446
2022-12-12,2022-12-16,Mauá,4.553294
2022-12-12,2022-12-16,Paulínia,4.596966
2022-12-12,2022-12-16,São José dos Campos,4.582992
2022-12-12,2022-12-16,Araucária,4.554198
2022-12-12,2022-12-16,Canoas,4.576456
2022-12-19,2022-12-23,Manaus,4.362206
2022-12-19,2022-12-23,Itaqui,4.424308
2022-12-19,2022-12-23,Suape,4.387384
2022-12-19,2022-12-23,Aratu,4.428204
2022-12-19,2022-12-23,Santos,4.416496
2022-12-19,2022-12-23,Paranagua,4.407398
2022-12-19,2022-12-23,Tramandai,4.426796
2022-12-19,2022-12-23,Guamaré,4.543088
2022-12-19,2022-12-23,Duque de Caxias,4.598302
2022-12-19,2022-12-23,Betim,4.619230
2022-12-19,2022-12-23,Cubatão,4.451214
2022-12-19,2022-12-23,Mauá,4.468712
2022-12-19,2022-12-23,Paulínia,4.511524
2022-12-19,2022-12-23,São José dos Campos,4.497826
2022-12-19,2022-12-23,Araucária,4.467392
2022-12-19,2022-12-23,Canoas,4.486574
2022-12-26,2022-12-30,Manaus,4.905065
2022-12-26,2022-12-30,Itaqui,4.964008
2022-12-26,2022-12-30,Suape,4.928455
2022-12-26,2022-12-30,Aratu,4.967428
2022-12-26,2022-12-30,Santos,4.955398
2022-12-26,2022-12-30,Paranagua,4.946105
2022-12-26,2022-12-30,Tramandai,4.963955
2022-12-26,2022-12-30,Guamaré,5.086070
2022-12-26,2022-12-30,Duque de Caxias,5.139430
2022-12-26,2022-12-30,Betim,5.160620
2022-12-26,2022-12-30,Cubatão,4.990540
2022-12-26,2022-12-30,Mauá,5.008255
2022-12-26,2022-12-30,Paulínia,5.051585
2022-12-26,2022-12-30,São José dos Campos,5.037723
2022-12-26,2022-12-30,Araucária,5.006833
2022-12-26,2022-12-30,Canoas,5.024468
2023-01-02,2023-01-06,Manaus,4.973585
2023-01-02,2023-01-06,Itaqui,5.005763
2023-01-02,2023-01-06,Suape,4.981665
2023-01-02,2023-01-06,Aratu,5.008945
2023-01-02,2023-01-06,Santos,5.019818
2023-01-02,2023-01-06,Paranagua,5.015013
2023-01-02,2023-01-06,Tramandai,5.025325
2023-01-02,2023-01-06,Guamaré,5.142313
2023-01-02,2023-01-06,Duque de Caxias,5.207393
2023-01-02,2023-01-06,Betim,5.228983
2023-01-02,2023-01-06,Cubatão,5.055635
2023-01-02,2023-01-06,Mauá,5.073688
2023-01-02,2023-01-06,Paulínia,5.117858
2023-01-02,2023-01-06,São José dos Campos,5.103725
2023-01-02,2023-01-06,Araucária,5.076905
2023-01-02,2023-01-06,Canoas,5.087003
2023-01-09,2023-01-13,Manaus,5.059038
2023-01-09,2023-01-13,Itaqui,5.080130
2023-01-09,2023-01-13,Suape,5.061248
2023-01-09,2023-01-13,Aratu,5.082778
2023-01-09,2023-01-13,Santos,5.091594
2023-01-09,2023-01-13,Paranagua,5.084544
2023-01-09,2023-01-13,Tramandai,5.096556
2023-01-09,2023-01-13,Guamaré,5.215562
2023-01-09,2023-01-13,Duque de Caxias,5.271772
2023-01-09,2023-01-13,Betim,5.292514
2023-01-09,2023-01-13,Cubatão,5.126000
2023-01-09,2023-01-13,Mauá,5.143342
2023-01-09,2023-01-13,Paulínia,5.185770
2023-01-09,2023-01-13,São José dos Campos,5.172194
2023-01-09,2023-01-13,Araucária,5.144006
2023-01-09,2023-01-13,Canoas,5.155800
2023-01-16,2023-01-20,Manaus,5.345728
2023-01-16,2023-01-20,Itaqui,5.362385
2023-01-16,2023-01-20,Suape,5.345480
2023-01-16,2023-01-20,Aratu,5.364718
2023-01-16,2023-01-20,Santos,5.372530
2023-01-16,2023-01-20,Paranagua,5.364660
2023-01-16,2023-01-20,Tramandai,5.376800
2023-01-16,2023-01-20,Guamaré,5.499675
2023-01-16,2023-01-20,Duque de Caxias,5.552568
2023-01-16,2023-01-20,Betim,5.573295
2023-01-16,2023-01-20,Cubatão,5.406910
2023-01-16,2023-01-20,Mauá,5.424238
2023-01-16,2023-01-20,Paulínia,5.466630
2023-01-16,2023-01-20,São José dos Campos,5.453065
2023-01-16,2023-01-20,Araucária,5.424068
2023-01-16,2023-01-20,Canoas,5.436000
2023-01-23,2023-01-27,Manaus,5.418784
2023-01-23,2023-01-27,Itaqui,5.433372
2023-01-23,2023-01-27,Suape,5.417520
2023-01-23,2023-01-27,Aratu,5.435342
2023-01-23,2023-01-27,Santos,5.442256
2023-01-23,2023-01-27,Paranagua,5.433988
2023-01-23,2023-01-27,Tramandai,5.445364
2023-01-23,2023-01-27,Guamaré,5.570516
2023-01-23,2023-01-27,Duque de Caxias,5.620894
2023-01-23,2023-01-27,Betim,5.641464
2023-01-23,2023-01-27,Cubatão,5.476368
2023-01-23,2023-01-27,Mauá,5.493562
2023-01-23,2023-01-27,Paulínia,5.535626
2023-01-23,2023-01-27,São José dos Campos,5.522166
2023-01-23,2023-01-27,Araucária,5.492938
2023-01-23,2023-01-27,Canoas,5.504102
2023-01-30,2023-02-03,Manaus,4.479776
2023-01-30,2023-02-03,Itaqui,4.491926
2023-01-30,2023-02-03,Suape,4.477168
2023-01-30,2023-02-03,Aratu,4.493852
2023-01-30,2023-02-03,Santos,4.500466
2023-01-30,2023-02-03,Paranagua,4.491718
2023-01-30,2023-02-03,Tramandai,4.503744
2023-01-30,2023-02-03,Guamaré,4.629292
2023-01-30,2023-02-03,Duque de Caxias,4.678088
2023-01-30,2023-02-03,Betim,4.698538
2023-01-30,2023-02-03,Cubatão,4.534386
2023-01-30,2023-02-03,Mauá,4.551482
2023-01-30,2023-02-03,Paulínia,4.593306
2023-01-30,2023-02-03,São José dos Campos,4.579924
2023-01-30,2023-02-03,Araucária,4.550328
2023-01-30,2023-02-03,Canoas,4.562152
2023-02-06,2023-02-10,Manaus,4.231336
2023-02-06,2023-02-10,Itaqui,4.266924
2023-02-06,2023-02-10,Suape,4.241530
2023-02-06,2023-02-10,Aratu,4.270588
2023-02-06,2023-02-10,Santos,4.282632
2023-02-06,2023-02-10,Paranagua,4.278306
2023-02-06,2023-02-10,Tramandai,4.289718
2023-02-06,2023-02-10,Guamaré,4.397236
2023-02-06,2023-02-10,Duque de Caxias,4.464438
2023-02-06,2023-02-10,Betim,4.485372
2023-02-06,2023-02-10,Cubatão,4.317348
2023-02-06,2023-02-10,Mauá,4.334848
2023-02-06,2023-02-10,Paulínia,4.377660
2023-02-06,2023-02-10,São José dos Campos,4.363960
2023-02-06,2023-02-10,Araucária,4.338298
2023-02-06,2023-02-10,Canoas,4.349500
2023-02-13,2023-02-17,Manaus,4.228636
2023-02-13,2023-02-17,Itaqui,4.289728
2023-02-13,2023-02-17,Suape,4.252918
2023-02-13,2023-02-17,Aratu,4.295628
2023-02-13,2023-02-17,Santos,4.314202
2023-02-13,2023-02-17,Paranagua,4.314542
2023-02-13,2023-02-17,Tramandai,4.326924
2023-02-13,2023-02-17,Guamaré,4.408192
2023-02-13,2023-02-17,Duque de Caxias,4.495500
2023-02-13,2023-02-17,Betim,4.516372
2023-02-13,2023-02-17,Cubatão,4.348822
2023-02-13,2023-02-17,Mauá,4.366274
2023-02-13,2023-02-17,Paulínia,4.408962
2023-02-13,2023-02-17,São José dos Campos,4.395304
2023-02-13,2023-02-17,Araucária,4.374362
2023-02-13,2023-02-17,Canoas,4.386540
2023-02-20,2023-02-24,Manaus,4.177123
2023-02-20,2023-02-24,Itaqui,4.217718
2023-02-20,2023-02-24,Suape,4.190218
2023-02-20,2023-02-24,Aratu,4.221583
2023-02-20,2023-02-24,Santos,4.234443
2023-02-20,2023-02-24,Paranagua,4.231023
2023-02-20,2023-02-24,Tramandai,4.241715
2023-02-20,2023-02-24,Guamaré,4.344655
2023-02-20,2023-02-24,Duque de Caxias,4.414765
2023-02-20,2023-02-24,Betim,4.435520
2023-02-20,2023-02-24,Cubatão,4.268875
2023-02-20,2023-02-24,Mauá,4.286233
2023-02-20,2023-02-24,Paulínia,4.328690
2023-02-20,2023-02-24,São José dos Campos,4.315108
2023-02-20,2023-02-24,Araucária,4.290523
2023-02-20,2023-02-24,Canoas,4.301010
2023-02-27,2023-03-03,Manaus,4.460310
2023-02-27,2023-03-03,Itaqui,4.511672
2023-02-27,2023-03-03,Suape,4.479202
2023-02-27,2023-03-03,Aratu,4.516744
2023-02-27,2023-03-03,Santos,4.532886
2023-02-27,2023-03-03,Paranagua,4.531444
2023-02-27,2023-03-03,Tramandai,4.543576
2023-02-27,2023-03-03,Guamaré,4.634678
2023-02-27,2023-03-03,Duque de Caxias,4.714420
2023-02-27,2023-03-03,Betim,4.735324
2023-02-27,2023-03-03,Cubatão,4.567552
2023-02-27,2023-03-03,Mauá,4.585024
2023-02-27,2023-03-03,Paulínia,4.627768
2023-02-27,2023-03-03,São José dos Campos,4.614092
2023-02-27,2023-03-03,Araucária,4.591348
2023-02-27,2023-03-03,Canoas,4.603268
2023-03-06,2023-03-10,Manaus,4.314448
2023-03-06,2023-03-10,Itaqui,4.362026
2023-03-06,2023-03-10,Suape,4.331318
2023-03-06,2023-03-10,Aratu,4.366760
2023-03-06,2023-03-10,Santos,4.381904
2023-03-06,2023-03-10,Paranagua,4.379742
2023-03-06,2023-03-10,Tramandai,4.391750
2023-03-06,2023-03-10,Guamaré,4.485764
2023-03-06,2023-03-10,Duque de Caxias,4.562238
2023-03-06,2023-03-10,Betim,4.582998
2023-03-06,2023-03-10,Cubatão,4.416338
2023-03-06,2023-03-10,Mauá,4.433698
2023-03-06,2023-03-10,Paulínia,4.476160
2023-03-06,2023-03-10,São José dos Campos,4.462574
2023-03-06,2023-03-10,Araucária,4.439246
2023-03-06,2023-03-10,Canoas,4.451046
2023-03-13,2023-03-17,Manaus,3.975946
2023-03-13,2023-03-17,Itaqui,4.015194
2023-03-13,2023-03-17,Suape,3.988032
2023-03-13,2023-03-17,Aratu,4.019272
2023-03-13,2023-03-17,Santos,4.032464
2023-03-13,2023-03-17,Paranagua,4.028842
2023-03-13,2023-03-17,Tramandai,4.040726
2023-03-13,2023-03-17,Guamaré,4.145304
2023-03-13,2023-03-17,Duque de Caxias,4.216096
2023-03-13,2023-03-17,Betim,4.237234
2023-03-13,2023-03-17,Cubatão,4.067528
2023-03-13,2023-03-17,Mauá,4.085202
2023-03-13,2023-03-17,Paulínia,4.128442
2023-03-13,2023-03-17,São José dos Campos,4.114608
2023-03-13,2023-03-17,Araucária,4.089438
2023-03-13,2023-03-17,Canoas,4.101104
2023-03-20,2023-03-24,Manaus,3.871670
2023-03-20,2023-03-24,Itaqui,3.905052
2023-03-20,2023-03-24,Suape,3.877564
2023-03-20,2023-03-24,Aratu,3.909240
2023-03-20,2023-03-24,Santos,3.922704
2023-03-20,2023-03-24,Paranagua,3.919202
2023-03-20,2023-03-24,Tramandai,3.931310
2023-03-20,2023-03-24,Guamaré,4.034386
2023-03-20,2023-03-24,Duque de Caxias,4.105806
2023-03-20,2023-03-24,Betim,4.126884
2023-03-20,2023-03-24,Cubatão,3.957668
2023-03-20,2023-03-24,Mauá,3.975288
2023-03-20,2023-03-24,Paulínia,4.018408
2023-03-20,2023-03-24,São José dos Campos,4.004612
2023-03-20,2023-03-24,Araucária,3.979622
2023-03-20,2023-03-24,Canoas,3.991522
2023-03-27,2023-03-31,Manaus,3.843492
2023-03-27,2023-03-31,Itaqui,3.867734
2023-03-27,2023-03-31,Suape,3.842652
2023-03-27,2023-03-31,Aratu,3.871674
2023-03-27,2023-03-31,Santos,3.884188
2023-03-27,2023-03-31,Paranagua,3.879654
2023-03-27,2023-03-31,Tramandai,3.892538
2023-03-27,2023-03-31,Guamaré,3.996360
2023-03-27,2023-03-31,Duque de Caxias,4.063658
2023-03-27,2023-03-31,Betim,4.084318
2023-03-27,2023-03-31,Cubatão,3.918460
2023-03-27,2023-03-31,Mauá,3.935732
2023-03-27,2023-03-31,Paulínia,3.977992
2023-03-27,2023-03-31,São José dos Campos,3.964470
2023-03-27,2023-03-31,Araucária,3.938876
2023-03-27,2023-03-31,Canoas,3.951552
2023-04-03,2023-04-07,Manaus,3.813603
2023-04-03,2023-04-07,Itaqui,3.846568
2023-04-03,2023-04-07,Suape,3.817650
2023-04-03,2023-04-07,Aratu,3.851545
2023-04-03,2023-04-07,Santos,3.866790
2023-04-03,2023-04-07,Paranagua,3.863760
2023-04-03,2023-04-07,Tramandai,3.878225
2023-04-03,2023-04-07,Guamaré,3.969075
2023-04-03,2023-04-07,Duque de Caxias,4.043595
2023-04-03,2023-04-07,Betim,4.063948
2023-04-03,2023-04-07,Cubatão,3.900553
2023-04-03,2023-04-07,Mauá,3.917573
2023-04-03,2023-04-07,Paulínia,3.959203
2023-04-03,2023-04-07,São José dos Campos,3.945883
2023-04-03,2023-04-07,Araucária,3.922103
2023-04-03,2023-04-07,Canoas,3.936360
2023-04-10,2023-04-14,Manaus,3.670862
2023-04-10,2023-04-14,Itaqui,3.698060
2023-04-10,2023-04-14,Suape,3.672018
2023-04-10,2023-04-14,Aratu,3.702460
2023-04-10,2023-04-14,Santos,3.716032
2023-04-10,2023-04-14,Paranagua,3.711830
2023-04-10,2023-04-14,Tramandai,3.725974
2023-04-10,2023-04-14,Guamaré,3.820500
2023-04-10,2023-04-14,Duque de Caxias,3.889400
2023-04-10,2023-04-14,Betim,3.909360
2023-04-10,2023-04-14,Cubatão,3.749138
2023-04-10,2023-04-14,Mauá,3.765822
2023-04-10,2023-04-14,Paulínia,3.806648
2023-04-10,2023-04-14,São José dos Campos,3.793584
2023-04-10,2023-04-14,Araucária,3.769040
2023-04-10,2023-04-14,Canoas,3.782980
2023-04-17,2023-04-21,Manaus,3.437086
2023-04-17,2023-04-21,Itaqui,3.455376
2023-04-17,2023-04-21,Suape,3.433342
2023-04-17,2023-04-21,Aratu,3.458702
2023-04-17,2023-04-21,Santos,3.469434
2023-04-17,2023-04-21,Paranagua,3.463660
2023-04-17,2023-04-21,Tramandai,3.476202
2023-04-17,2023-04-21,Guamaré,3.583148
2023-04-17,2023-04-21,Duque de Caxias,3.644352
2023-04-17,2023-04-21,Betim,3.664488
2023-04-17,2023-04-21,Cubatão,3.502834
2023-04-17,2023-04-21,Mauá,3.519670
2023-04-17,2023-04-21,Paulínia,3.560860
2023-04-17,2023-04-21,São José dos Campos,3.547680
2023-04-17,2023-04-21,Araucária,3.521378
2023-04-17,2023-04-21,Canoas,3.533720
2023-04-24,2023-04-28,Manaus,3.262916
2023-04-24,2023-04-28,Itaqui,3.274050
2023-04-24,2023-04-28,Suape,3.255134
2023-04-24,2023-04-28,Aratu,3.276796
2023-04-24,2023-04-28,Santos,3.285802
2023-04-24,2023-04-28,Paranagua,3.278748
2023-04-24,2023-04-28,Tramandai,3.291162
2023-04-24,2023-04-28,Guamaré,3.405320
2023-04-24,2023-04-28,Duque de Caxias,3.461158
2023-04-24,2023-04-28,Betim,3.481346
2023-04-24,2023-04-28,Cubatão,3.319286
2023-04-24,2023-04-28,Mauá,3.336168
2023-04-24,2023-04-28,Paulínia,3.377458
2023-04-24,2023-04-28,São José dos Campos,3.364244
2023-04-24,2023-04-28,Araucária,3.336610
2023-04-24,2023-04-28,Canoas,3.348822
2023-05-01,2023-05-05,Manaus,3.135834
2023-05-01,2023-05-05,Itaqui,3.148350
2023-05-01,2023-05-05,Suape,3.128894
2023-05-01,2023-05-05,Aratu,3.151268
2023-05-01,2023-05-05,Santos,3.160702
2023-05-01,2023-05-05,Paranagua,3.153854
2023-05-01,2023-05-05,Tramandai,3.166590
2023-05-01,2023-05-05,Guamaré,3.278042
2023-05-01,2023-05-05,Duque de Caxias,3.334844
2023-05-01,2023-05-05,Betim,3.354894
2023-05-01,2023-05-05,Cubatão,3.193954
2023-05-01,2023-05-05,Mauá,3.210716
2023-05-01,2023-05-05,Paulínia,3.251720
2023-05-01,2023-05-05,São José dos Campos,3.238600
2023-05-01,2023-05-05,Araucária,3.211318
2023-05-01,2023-05-05,Canoas,3.223850
2023-05-08,2023-05-12,Manaus,3.210980
2023-05-08,2023-05-12,Itaqui,3.218890
2023-05-08,2023-05-12,Suape,3.201500
2023-05-08,2023-05-12,Aratu,3.221642
2023-05-08,2023-05-12,Santos,3.230356
2023-05-08,2023-05-12,Paranagua,3.222610
2023-05-08,2023-05-12,Tramandai,3.236234
2023-05-08,2023-05-12,Guamaré,3.349826
2023-05-08,2023-05-12,Duque de Caxias,3.403544
2023-05-08,2023-05-12,Betim,3.423484
2023-05-08,2023-05-12,Cubatão,3.263428
2023-05-08,2023-05-12,Mauá,3.280100
2023-05-08,2023-05-12,Paulínia,3.320880
2023-05-08,2023-05-12,São José dos Campos,3.307830
2023-05-08,2023-05-12,Araucária,3.279760
2023-05-08,2023-05-12,Canoas,3.293180
2023-05-15,2023-05-19,Manaus,3.198034
2023-05-15,2023-05-19,Itaqui,3.205362
2023-05-15,2023-05-19,Suape,3.188386
2023-05-15,2023-05-19,Aratu,3.207948
2023-05-15,2023-05-19,Santos,3.216264
2023-05-15,2023-05-19,Paranagua,3.208370
2023-05-15,2023-05-19,Tramandai,3.221578
2023-05-15,2023-05-19,Guamaré,3.336124
2023-05-15,2023-05-19,Duque de Caxias,3.388766
2023-05-15,2023-05-19,Betim,3.408624
2023-05-15,2023-05-19,Cubatão,3.249204
2023-05-15,2023-05-19,Mauá,3.265808
2023-05-15,2023-05-19,Paulínia,3.306426
2023-05-15,2023-05-19,São José dos Campos,3.293432
2023-05-15,2023-05-19,Araucária,3.265288
2023-05-15,2023-05-19,Canoas,3.278300
2023-05-22,2023-05-26,Manaus,3.240956
2023-05-22,2023-05-26,Itaqui,3.262362
2023-05-22,2023-05-26,Suape,3.238886
2023-05-22,2023-05-26,Aratu,3.266294
2023-05-22,2023-05-26,Santos,3.278466
2023-05-22,2023-05-26,Paranagua,3.273208
2023-05-22,2023-05-26,Tramandai,3.287292
2023-05-22,2023-05-26,Guamaré,3.387556
2023-05-22,2023-05-26,Duque de Caxias,3.452056
2023-05-22,2023-05-26,Betim,3.472040
2023-05-22,2023-05-26,Cubatão,3.311614
2023-05-22,2023-05-26,Mauá,3.328322
2023-05-22,2023-05-26,Paulínia,3.369198
2023-05-22,2023-05-26,São José dos Campos,3.356118
2023-05-22,2023-05-26,Araucária,3.330488
2023-05-22,2023-05-26,Canoas,3.344370
2023-05-29,2023-06-02,Manaus,3.201918
2023-05-29,2023-06-02,Itaqui,3.221853
2023-05-29,2023-06-02,Suape,3.198965
2023-05-29,2023-06-02,Aratu,3.225470
2023-05-29,2023-06-02,Santos,3.236925
2023-05-29,2023-06-02,Paranagua,3.231470
2023-05-29,2023-06-02,Tramandai,3.244630
2023-05-29,2023-06-02,Guamaré,3.349100
2023-05-29,2023-06-02,Duque de Caxias,3.412223
2023-05-29,2023-06-02,Betim,3.432408
2023-05-29,2023-06-02,Cubatão,3.270400
2023-05-29,2023-06-02,Mauá,3.287273
2023-05-29,2023-06-02,Paulínia,3.328550
2023-05-29,2023-06-02,São José dos Campos,3.315343
2023-05-29,2023-06-02,Araucária,3.289318
2023-05-29,2023-06-02,Canoas,3.302270
2023-06-05,2023-06-09,Manaus,3.270210
2023-06-05,2023-06-09,Itaqui,3.285628
2023-06-05,2023-06-09,Suape,3.265002
2023-06-05,2023-06-09,Aratu,3.289082
2023-06-05,2023-06-09,Santos,3.299778
2023-06-05,2023-06-09,Paranagua,3.293336
2023-06-05,2023-06-09,Tramandai,3.307538
2023-06-05,2023-06-09,Guamaré,3.411678
2023-06-05,2023-06-09,Duque de Caxias,3.471036
2023-06-05,2023-06-09,Betim,3.490754
2023-06-05,2023-06-09,Cubatão,3.332478
2023-06-05,2023-06-09,Mauá,3.348964
2023-06-05,2023-06-09,Paulínia,3.389290
2023-06-05,2023-06-09,São José dos Campos,3.376388
2023-06-05,2023-06-09,Araucária,3.349848
2023-06-05,2023-06-09,Canoas,3.363848
2023-06-12,2023-06-16,Manaus,3.166224
2023-06-12,2023-06-16,Itaqui,3.176134
2023-06-12,2023-06-16,Suape,3.158172
2023-06-12,2023-06-16,Aratu,3.179064
2023-06-12,2023-06-16,Santos,3.188228
2023-06-12,2023-06-16,Paranagua,3.180700
2023-06-12,2023-06-16,Tramandai,3.194650
2023-06-12,2023-06-16,Guamaré,3.302876
2023-06-12,2023-06-16,Duque de Caxias,3.357186
2023-06-12,2023-06-16,Betim,3.376640
2023-06-12,2023-06-16,Cubatão,3.220492
2023-06-12,2023-06-16,Mauá,3.236754
2023-06-12,2023-06-16,Paulínia,3.276538
2023-06-12,2023-06-16,São José dos Campos,3.263810
2023-06-12,2023-06-16,Araucária,3.236452
2023-06-12,2023-06-16,Canoas,3.250206
2023-06-19,2023-06-23,Manaus,3.223090
2023-06-19,2023-06-23,Itaqui,3.238890
2023-06-19,2023-06-23,Suape,3.218535
2023-06-19,2023-06-23,Aratu,3.242128
2023-06-19,2023-06-23,Santos,3.252350
2023-06-19,2023-06-23,Paranagua,3.245843
2023-06-19,2023-06-23,Tramandai,3.259283
2023-06-19,2023-06-23,Guamaré,3.361223
2023-06-19,2023-06-23,Duque de Caxias,3.418963
2023-06-19,2023-06-23,Betim,3.438145
2023-06-19,2023-06-23,Cubatão,3.284165
2023-06-19,2023-06-23,Mauá,3.300203
2023-06-19,2023-06-23,Paulínia,3.339435
2023-06-19,2023-06-23,São José dos Campos,3.326883
2023-06-19,2023-06-23,Araucária,3.300818
2023-06-19,2023-06-23,Canoas,3.314065
2023-06-26,2023-06-30,Manaus,3.181166
2023-06-26,2023-06-30,Itaqui,3.202876
2023-06-26,2023-06-30,Suape,3.179738
2023-06-26,2023-06-30,Aratu,3.206710
2023-06-26,2023-06-30,Santos,3.218628
2023-06-26,2023-06-30,Paranagua,3.213238
2023-06-26,2023-06-30,Tramandai,3.227152
2023-06-26,2023-06-30,Guamaré,3.323514
2023-06-26,2023-06-30,Duque de Caxias,3.386500
2023-06-26,2023-06-30,Betim,3.405826
2023-06-26,2023-06-30,Cubatão,3.250680
2023-06-26,2023-06-30,Mauá,3.266842
2023-06-26,2023-06-30,Paulínia,3.306370
2023-06-26,2023-06-30,São José dos Campos,3.293724
2023-06-26,2023-06-30,Araucária,3.268632
2023-06-26,2023-06-30,Canoas,3.282350
2023-07-03,2023-07-07,Manaus,3.319820
2023-07-03,2023-07-07,Itaqui,3.340367
2023-07-03,2023-07-07,Suape,3.317640
2023-07-03,2023-07-07,Aratu,3.343913
2023-07-03,2023-07-07,Santos,3.355207
2023-07-03,2023-07-07,Paranagua,3.349693
2023-07-03,2023-07-07,Tramandai,3.362677
2023-07-03,2023-07-07,Guamaré,3.463190
2023-07-03,2023-07-07,Duque de Caxias,3.525150
2023-07-03,2023-07-07,Betim,3.544713
2023-07-03,2023-07-07,Cubatão,3.387657
2023-07-03,2023-07-07,Mauá,3.404017
2023-07-03,2023-07-07,Paulínia,3.444030
2023-07-03,2023-07-07,São José dos Campos,3.431227
2023-07-03,2023-07-07,Araucária,3.405770
2023-07-03,2023-07-07,Canoas,3.418557
2023-07-10,2023-07-14,Manaus,3.389566
2023-07-10,2023-07-14,Itaqui,3.406582
2023-07-10,2023-07-14,Suape,3.385514
2023-07-10,2023-07-14,Aratu,3.409992
2023-07-10,2023-07-14,Santos,3.420692
2023-07-10,2023-07-14,Paranagua,3.414464
2023-07-10,2023-07-14,Tramandai,3.428118
2023-07-10,2023-07-14,Guamaré,3.529798
2023-07-10,2023-07-14,Duque de Caxias,3.589160
2023-07-10,2023-07-14,Betim,3.608558
2023-07-10,2023-07-14,Cubatão,3.452860
2023-07-10,2023-07-14,Mauá,3.469078
2023-07-10,2023-07-14,Paulínia,3.508746
2023-07-10,2023-07-14,São José dos Campos,3.496054
2023-07-10,2023-07-14,Araucária,3.470056
2023-07-10,2023-07-14,Canoas,3.483510
2023-07-17,2023-07-21,Manaus,3.463538
2023-07-17,2023-07-21,Itaqui,3.492234
2023-07-17,2023-07-21,Suape,3.466104
2023-07-17,2023-07-21,Aratu,3.496342
2023-07-17,2023-07-21,Santos,3.509386
2023-07-17,2023-07-21,Paranagua,3.505292
2023-07-17,2023-07-21,Tramandai,3.518102
2023-07-17,2023-07-21,Guamaré,3.609364
2023-07-17,2023-07-21,Duque de Caxias,3.676658
2023-07-17,2023-07-21,Betim,3.695918
2023-07-17,2023-07-21,Cubatão,3.541326
2023-07-17,2023-07-21,Mauá,3.557430
2023-07-17,2023-07-21,Paulínia,3.596816
2023-07-17,2023-07-21,São José dos Campos,3.584212
2023-07-17,2023-07-21,Araucária,3.560486
2023-07-17,2023-07-21,Canoas,3.573106
2023-07-24,2023-07-28,Manaus,3.675884
2023-07-24,2023-07-28,Itaqui,3.703286
2023-07-24,2023-07-28,Suape,3.677790
2023-07-24,2023-07-28,Aratu,3.707624
2023-07-24,2023-07-28,Santos,3.720976
2023-07-24,2023-07-28,Paranagua,3.716542
2023-07-24,2023-07-28,Tramandai,3.730850
2023-07-24,2023-07-28,Guamaré,3.819336
2023-07-24,2023-07-28,Duque de Caxias,3.886250
2023-07-24,2023-07-28,Betim,3.905278
2023-07-24,2023-07-28,Cubatão,3.752536
2023-07-24,2023-07-28,Mauá,3.768442
2023-07-24,2023-07-28,Paulínia,3.807358
2023-07-24,2023-07-28,São José dos Campos,3.794908
2023-07-24,2023-07-28,Araucária,3.771078
2023-07-24,2023-07-28,Canoas,3.785192
2023-07-31,2023-08-04,Manaus,4.011060
2023-07-31,2023-08-04,Itaqui,4.034898
2023-07-31,2023-08-04,Suape,4.010720
2023-07-31,2023-08-04,Aratu,4.039148
2023-07-31,2023-08-04,Santos,4.052058
2023-07-31,2023-08-04,Paranagua,4.047046
2023-07-31,2023-08-04,Tramandai,4.061978
2023-07-31,2023-08-04,Guamaré,4.154638
2023-07-31,2023-08-04,Duque de Caxias,4.220100
2023-07-31,2023-08-04,Betim,4.239450
2023-07-31,2023-08-04,Cubatão,4.084146
2023-07-31,2023-08-04,Mauá,4.100324
2023-07-31,2023-08-04,Paulínia,4.139892
2023-07-31,2023-08-04,São José dos Campos,4.127230
2023-07-31,2023-08-04,Araucária,4.102500
2023-07-31,2023-08-04,Canoas,4.117234
2023-08-07,2023-08-11,Manaus,4.195004
2023-08-07,2023-08-11,Itaqui,4.218038
2023-08-07,2023-08-11,Suape,4.193950
2023-08-07,2023-08-11,Aratu,4.222426
2023-08-07,2023-08-11,Santos,4.235592
2023-08-07,2023-08-11,Paranagua,4.230508
2023-08-07,2023-08-11,Tramandai,4.246136
2023-08-07,2023-08-11,Guamaré,4.340206
2023-08-07,2023-08-11,Duque de Caxias,4.406364
2023-08-07,2023-08-11,Betim,4.426026
2023-08-07,2023-08-11,Cubatão,4.268204
2023-08-07,2023-08-11,Mauá,4.284640
2023-08-07,2023-08-11,Paulínia,4.324848
2023-08-07,2023-08-11,São José dos Campos,4.311986
2023-08-07,2023-08-11,Araucária,4.286858
2023-08-07,2023-08-11,Canoas,4.302286
2023-08-14,2023-08-18,Manaus,4.299372
2023-08-14,2023-08-18,Itaqui,4.333066
2023-08-14,2023-08-18,Suape,4.304080
2023-08-14,2023-08-18,Aratu,4.338096
2023-08-14,2023-08-18,Santos,4.353474
2023-08-14,2023-08-18,Paranagua,4.350462
2023-08-14,2023-08-18,Tramandai,4.365126
2023-08-14,2023-08-18,Guamaré,4.452664
2023-08-14,2023-08-18,Duque de Caxias,4.526964
2023-08-14,2023-08-18,Betim,4.546936
2023-08-14,2023-08-18,Cubatão,4.386600
2023-08-14,2023-08-18,Mauá,4.403302
2023-08-14,2023-08-18,Paulínia,4.444152
2023-08-14,2023-08-18,São José dos Campos,4.431078
2023-08-14,2023-08-18,Araucária,4.407712
2023-08-14,2023-08-18,Canoas,4.422174
2023-08-21,2023-08-25,Manaus,4.346366
2023-08-21,2023-08-25,Itaqui,4.378324
2023-08-21,2023-08-25,Suape,4.350374
2023-08-21,2023-08-25,Aratu,4.382962
2023-08-21,2023-08-25,Santos,4.397374
2023-08-21,2023-08-25,Paranagua,4.393980
2023-08-21,2023-08-25,Tramandai,4.407702
2023-08-21,2023-08-25,Guamaré,4.496910
2023-08-21,2023-08-25,Duque de Caxias,4.568468
2023-08-21,2023-08-25,Betim,4.588164
2023-08-21,2023-08-25,Cubatão,4.430044
2023-08-21,2023-08-25,Mauá,4.446512
2023-08-21,2023-08-25,Paulínia,4.486798
2023-08-21,2023-08-25,São José dos Campos,4.473906
2023-08-21,2023-08-25,Araucária,4.450436
2023-08-21,2023-08-25,Canoas,4.463962
2023-08-28,2023-09-01,Manaus,4.328050
2023-08-28,2023-09-01,Itaqui,4.357368
2023-08-28,2023-09-01,Suape,4.330614
2023-08-28,2023-09-01,Aratu,4.361792
2023-08-28,2023-09-01,Santos,4.375560
2023-08-28,2023-09-01,Paranagua,4.371676
2023-08-28,2023-09-01,Tramandai,4.385388
2023-08-28,2023-09-01,Guamaré,4.476976
2023-08-28,2023-09-01,Duque de Caxias,4.546456
2023-08-28,2023-09-01,Betim,4.566130
2023-08-28,2023-09-01,Cubatão,4.408194
2023-08-28,2023-09-01,Mauá,4.424642
2023-08-28,2023-09-01,Paulínia,4.464884
2023-08-28,2023-09-01,São José dos Campos,4.452008
2023-08-28,2023-09-01,Araucária,4.428068
2023-08-28,2023-09-01,Canoas,4.441582
2023-09-04,2023-09-08,Manaus,4.339138
2023-09-04,2023-09-08,Itaqui,4.368108
2023-09-04,2023-09-08,Suape,4.341293
2023-09-04,2023-09-08,Aratu,4.372498
2023-09-04,2023-09-08,Santos,4.386215
2023-09-04,2023-09-08,Paranagua,4.382363
2023-09-04,2023-09-08,Tramandai,4.395888
2023-09-04,2023-09-08,Guamaré,4.490030
2023-09-04,2023-09-08,Duque de Caxias,4.559883
2023-09-04,2023-09-08,Betim,4.579878
2023-09-04,2023-09-08,Cubatão,4.419378
2023-09-04,2023-09-08,Mauá,4.436095
2023-09-04,2023-09-08,Paulínia,4.476988
2023-09-04,2023-09-08,São José dos Campos,4.463903
2023-09-04,2023-09-08,Araucária,4.439670
2023-09-04,2023-09-08,Canoas,4.452993
2023-09-11,2023-09-15,Manaus,4.437146
2023-09-11,2023-09-15,Itaqui,4.454432
2023-09-11,2023-09-15,Suape,4.433246
2023-09-11,2023-09-15,Aratu,4.457114
2023-09-11,2023-09-15,Santos,4.466448
2023-09-11,2023-09-15,Paranagua,4.460434
2023-09-11,2023-09-15,Tramandai,4.470806
2023-09-11,2023-09-15,Guamaré,4.579852
2023-09-11,2023-09-15,Duque de Caxias,4.637620
2023-09-11,2023-09-15,Betim,4.657328
2023-09-11,2023-09-15,Cubatão,4.499134
2023-09-11,2023-09-15,Mauá,4.515608
2023-09-11,2023-09-15,Paulínia,4.555916
2023-09-11,2023-09-15,São José dos Campos,4.543020
2023-09-11,2023-09-15,Araucária,4.516918
2023-09-11,2023-09-15,Canoas,4.527088
2023-09-18,2023-09-22,Manaus,4.356288
2023-09-18,2023-09-22,Itaqui,4.371782
2023-09-18,2023-09-22,Suape,4.351356
2023-09-18,2023-09-22,Aratu,4.374678
2023-09-18,2023-09-22,Santos,4.384278
2023-09-18,2023-09-22,Paranagua,4.377872
2023-09-18,2023-09-22,Tramandai,4.389782
2023-09-18,2023-09-22,Guamaré,4.497354
2023-09-18,2023-09-22,Duque de Caxias,4.554746
2023-09-18,2023-09-22,Betim,4.574370
2023-09-18,2023-09-22,Cubatão,4.416830
2023-09-18,2023-09-22,Mauá,4.433236
2023-09-18,2023-09-22,Paulínia,4.473378
2023-09-18,2023-09-22,São José dos Campos,4.460534
2023-09-18,2023-09-22,Araucária,4.434124
2023-09-18,2023-09-22,Canoas,4.445836
2023-09-25,2023-09-29,Manaus,4.441626
2023-09-25,2023-09-29,Itaqui,4.472088
2023-09-25,2023-09-29,Suape,4.444510
2023-09-25,2023-09-29,Aratu,4.476552
2023-09-25,2023-09-29,Santos,4.490564
2023-09-25,2023-09-29,Paranagua,4.487044
2023-09-25,2023-09-29,Tramandai,4.500302
2023-09-25,2023-09-29,Guamaré,4.594438
2023-09-25,2023-09-29,Duque de Caxias,4.665622
2023-09-25,2023-09-29,Betim,4.685776
2023-09-25,2023-09-29,Cubatão,4.523990
2023-09-25,2023-09-29,Mauá,4.540844
2023-09-25,2023-09-29,Paulínia,4.582062
2023-09-25,2023-09-29,São José dos Campos,4.568876
2023-09-25,2023-09-29,Araucária,4.544810
2023-09-25,2023-09-29,Canoas,4.557866
2023-10-02,2023-10-06,Manaus,4.352900
2023-10-02,2023-10-06,Itaqui,4.381970
2023-10-02,2023-10-06,Suape,4.354528
2023-10-02,2023-10-06,Aratu,4.386856
2023-10-02,2023-10-06,Santos,4.401636
2023-10-02,2023-10-06,Paranagua,4.397960
2023-10-02,2023-10-06,Tramandai,4.413166
2023-10-02,2023-10-06,Guamaré,4.508184
2023-10-02,2023-10-06,Duque de Caxias,4.581050
2023-10-02,2023-10-06,Betim,4.601704
2023-10-02,2023-10-06,Cubatão,4.435896
2023-10-02,2023-10-06,Mauá,4.453166
2023-10-02,2023-10-06,Paulínia,4.495414
2023-10-02,2023-10-06,São José dos Campos,4.481894
2023-10-02,2023-10-06,Araucária,4.457164
2023-10-02,2023-10-06,Canoas,4.472158
2023-10-09,2023-10-13,Manaus,4.172296
2023-10-09,2023-10-13,Itaqui,4.200420
2023-10-09,2023-10-13,Suape,4.173750
2023-10-09,2023-10-13,Aratu,4.204606
2023-10-09,2023-10-13,Santos,4.217900
2023-10-09,2023-10-13,Paranagua,4.214032
2023-10-09,2023-10-13,Tramandai,4.226754
2023-10-09,2023-10-13,Guamaré,4.325526
2023-10-09,2023-10-13,Duque de Caxias,4.395112
2023-10-09,2023-10-13,Betim,4.415514
2023-10-09,2023-10-13,Cubatão,4.251738
2023-10-09,2023-10-13,Mauá,4.268796
2023-10-09,2023-10-13,Paulínia,4.310522
2023-10-09,2023-10-13,São José dos Campos,4.297172
2023-10-09,2023-10-13,Araucária,4.272508
2023-10-09,2023-10-13,Canoas,4.285024
2023-10-16,2023-10-20,Manaus,4.198576
2023-10-16,2023-10-20,Itaqui,4.217576
2023-10-16,2023-10-20,Suape,4.195146
2023-10-16,2023-10-20,Aratu,4.220812
2023-10-16,2023-10-20,Santos,4.231464
2023-10-16,2023-10-20,Paranagua,4.225886
2023-10-16,2023-10-20,Tramandai,4.237748
2023-10-16,2023-10-20,Guamaré,4.345740
2023-10-16,2023-10-20,Duque de Caxias,4.407300
2023-10-16,2023-10-20,Betim,4.427542
2023-10-16,2023-10-20,Cubatão,4.265038
2023-10-16,2023-10-20,Mauá,4.281962
2023-10-16,2023-10-20,Paulínia,4.323368
2023-10-16,2023-10-20,São José dos Campos,4.310120
2023-10-16,2023-10-20,Araucária,4.283908
2023-10-16,2023-10-20,Canoas,4.295568
2023-10-23,2023-10-27,Manaus,4.095904
2023-10-23,2023-10-27,Itaqui,4.116220
2023-10-23,2023-10-27,Suape,4.093232
2023-10-23,2023-10-27,Aratu,4.119776
2023-10-23,2023-10-27,Santos,4.131134
2023-10-23,2023-10-27,Paranagua,4.125742
2023-10-23,2023-10-27,Tramandai,4.138552
2023-10-23,2023-10-27,Guamaré,4.242838
2023-10-23,2023-10-27,Duque de Caxias,4.305818
2023-10-23,2023-10-27,Betim,4.325930
2023-10-23,2023-10-27,Cubatão,4.164490
2023-10-23,2023-10-27,Mauá,4.181306
2023-10-23,2023-10-27,Paulínia,4.222438
2023-10-23,2023-10-27,São José dos Campos,4.209276
2023-10-23,2023-10-27,Araucária,4.183384
2023-10-23,2023-10-27,Canoas,4.195992
2023-10-30,2023-11-03,Manaus,4.170860
2023-10-30,2023-11-03,Itaqui,4.191486
2023-10-30,2023-11-03,Suape,4.168352
2023-10-30,2023-11-03,Aratu,4.195278
2023-10-30,2023-11-03,Santos,4.207114
2023-10-30,2023-11-03,Paranagua,4.201734
2023-10-30,2023-11-03,Tramandai,4.215470
2023-10-30,2023-11-03,Guamaré,4.317390
2023-10-30,2023-11-03,Duque de Caxias,4.381132
2023-10-30,2023-11-03,Betim,4.401168
2023-10-30,2023-11-03,Cubatão,4.240342
2023-10-30,2023-11-03,Mauá,4.257094
2023-10-30,2023-11-03,Paulínia,4.298068
2023-10-30,2023-11-03,São José dos Campos,4.284960
2023-10-30,2023-11-03,Araucária,4.259154
2023-10-30,2023-11-03,Canoas,4.272690
2023-11-06,2023-11-10,Manaus,4.013696
2023-11-06,2023-11-10,Itaqui,4.042318
2023-11-06,2023-11-10,Suape,4.015832
2023-11-06,2023-11-10,Aratu,4.046800
2023-11-06,2023-11-10,Santos,4.060612
2023-11-06,2023-11-10,Paranagua,4.056592
2023-11-06,2023-11-10,Tramandai,4.070756
2023-11-06,2023-11-10,Guamaré,4.162272
2023-11-06,2023-11-10,Duque de Caxias,4.231596
2023-11-06,2023-11-10,Betim,4.251282
2023-11-06,2023-11-10,Cubatão,4.093264
2023-11-06,2023-11-10,Mauá,4.109720
2023-11-06,2023-11-10,Paulínia,4.149982
2023-11-06,2023-11-10,São José dos Campos,4.137098
2023-11-06,2023-11-10,Araucária,4.113014
2023-11-06,2023-11-10,Canoas,4.126978
2023-11-13,2023-11-17,Manaus,3.984328
2023-11-13,2023-11-17,Itaqui,4.029770
2023-11-13,2023-11-17,Suape,3.995654
2023-11-13,2023-11-17,Aratu,4.036196
2023-11-13,2023-11-17,Santos,4.055242
2023-11-13,2023-11-17,Paranagua,4.054240
2023-11-13,2023-11-17,Tramandai,4.071040
2023-11-13,2023-11-17,Guamaré,4.141506
2023-11-13,2023-11-17,Duque de Caxias,4.225546
2023-11-13,2023-11-17,Betim,4.245156
2023-11-13,2023-11-17,Cubatão,4.087762
2023-11-13,2023-11-17,Mauá,4.104158
2023-11-13,2023-11-17,Paulínia,4.144258
2023-11-13,2023-11-17,São José dos Campos,4.131426
2023-11-13,2023-11-17,Araucária,4.110436
2023-11-13,2023-11-17,Canoas,4.127040
2023-11-20,2023-11-24,Manaus,3.778817
2023-11-20,2023-11-24,Itaqui,3.831843
2023-11-20,2023-11-24,Suape,3.794290
2023-11-20,2023-11-24,Aratu,3.839027
2023-11-20,2023-11-24,Santos,3.860193
2023-11-20,2023-11-24,Paranagua,3.860573
2023-11-20,2023-11-24,Tramandai,3.878027
2023-11-20,2023-11-24,Guamaré,3.940227
2023-11-20,2023-11-24,Duque de Caxias,4.030590
2023-11-20,2023-11-24,Betim,4.050207
2023-11-20,2023-11-24,Cubatão,3.892733
2023-11-20,2023-11-24,Mauá,3.909130
2023-11-20,2023-11-24,Paulínia,3.949253
2023-11-20,2023-11-24,São José dos Campos,3.936417
2023-11-20,2023-11-24,Araucária,3.916803
2023-11-20,2023-11-24,Canoas,3.934057
2023-11-27,2023-12-01,Manaus,3.779050
2023-11-27,2023-12-01,Itaqui,3.842198
2023-11-27,2023-12-01,Suape,3.800082
2023-11-27,2023-12-01,Aratu,3.850294
2023-11-27,2023-12-01,Santos,3.874114
2023-11-27,2023-12-01,Paranagua,3.876358
2023-11-27,2023-12-01,Tramandai,3.894288
2023-11-27,2023-12-01,Guamaré,3.946216
2023-11-27,2023-12-01,Duque de Caxias,4.044740
2023-11-27,2023-12-01,Betim,4.064384
2023-11-27,2023-12-01,Cubatão,3.906696
2023-11-27,2023-12-01,Mauá,3.923118
2023-11-27,2023-12-01,Paulínia,3.963296
2023-11-27,2023-12-01,São José dos Campos,3.950440
2023-11-27,2023-12-01,Araucária,3.932658
2023-11-27,2023-12-01,Canoas,3.950392
2023-12-04,2023-12-08,Manaus,3.540584
2023-12-04,2023-12-08,Itaqui,3.606398
2023-12-04,2023-12-08,Suape,3.563116
2023-12-04,2023-12-08,Aratu,3.614298
2023-12-04,2023-12-08,Santos,3.637984
2023-12-04,2023-12-08,Paranagua,3.640794
2023-12-04,2023-12-08,Tramandai,3.656976
2023-12-04,2023-12-08,Guamaré,3.710238
2023-12-04,2023-12-08,Duque de Caxias,3.809762
2023-12-04,2023-12-08,Betim,3.829536
2023-12-04,2023-12-08,Cubatão,3.670782
2023-12-04,2023-12-08,Mauá,3.687320
2023-12-04,2023-12-08,Paulínia,3.727766
2023-12-04,2023-12-08,São José dos Campos,3.714822
2023-12-04,2023-12-08,Araucária,3.697478
2023-12-04,2023-12-08,Canoas,3.713456
2023-12-11,2023-12-15,Manaus,3.410746
2023-12-11,2023-12-15,Itaqui,3.466642
2023-12-11,2023-12-15,Suape,3.427956
2023-12-11,2023-12-15,Aratu,3.473062
2023-12-11,2023-12-15,Santos,3.493010
2023-12-11,2023-12-15,Paranagua,3.494076
2023-12-11,2023-12-15,Tramandai,3.507314
2023-12-11,2023-12-15,Guamaré,3.575436
2023-12-11,2023-12-15,Duque de Caxias,3.665208
2023-12-11,2023-12-15,Betim,3.685034
2023-12-11,2023-12-15,Cubatão,3.525892
2023-12-11,2023-12-15,Mauá,3.542466
2023-12-11,2023-12-15,Paulínia,3.583014
2023-12-11,2023-12-15,São José dos Campos,3.570038
2023-12-11,2023-12-15,Araucária,3.550898
2023-12-11,2023-12-15,Canoas,3.563932
2023-12-18,2023-12-22,Manaus,3.605308
2023-12-18,2023-12-22,Itaqui,3.647512
2023-12-18,2023-12-22,Suape,3.615004
2023-12-18,2023-12-22,Aratu,3.653102
2023-12-18,2023-12-22,Santos,3.670236
2023-12-18,2023-12-22,Paranagua,3.668692
2023-12-18,2023-12-22,Tramandai,3.683066
2023-12-18,2023-12-22,Guamaré,3.760910
2023-12-18,2023-12-22,Duque de Caxias,3.840596
2023-12-18,2023-12-22,Betim,3.860208
2023-12-18,2023-12-22,Cubatão,3.702768
2023-12-18,2023-12-22,Mauá,3.719164
2023-12-18,2023-12-22,Paulínia,3.759278
2023-12-18,2023-12-22,São José dos Campos,3.746440
2023-12-18,2023-12-22,Araucária,3.724910
2023-12-18,2023-12-22,Canoas,3.739084
2023-12-25,2023-12-29,Manaus,3.504258
2023-12-25,2023-12-29,Itaqui,3.539820
2023-12-25,2023-12-29,Suape,3.510420
2023-12-25,2023-12-29,Aratu,3.544773
2023-12-25,2023-12-29,Santos,3.560078
2023-12-25,2023-12-29,Paranagua,3.557270
2023-12-25,2023-12-29,Tramandai,3.571268
2023-12-25,2023-12-29,Guamaré,3.655050
2023-12-25,2023-12-29,Duque de Caxias,3.728953
2023-12-25,2023-12-29,Betim,3.748398
2023-12-25,2023-12-29,Cubatão,3.592325
2023-12-25,2023-12-29,Mauá,3.608580
2023-12-25,2023-12-29,Paulínia,3.648348
2023-12-25,2023-12-29,São José dos Campos,3.635620
2023-12-25,2023-12-29,Araucária,3.612998
2023-12-25,2023-12-29,Canoas,3.626795
2024-01-01,2024-01-05,Manaus,3.483988
2024-01-01,2024-01-05,Itaqui,3.495220
2024-01-01,2024-01-05,Suape,3.483943
2024-01-01,2024-01-05,Aratu,3.499088
2024-01-01,2024-01-05,Santos,3.505958
2024-01-01,2024-01-05,Paranagua,3.507450
2024-01-01,2024-01-05,Tramandai,3.513333
2024-01-01,2024-01-05,Guamaré,3.630403
2024-01-01,2024-01-05,Duque de Caxias,3.676968
2024-01-01,2024-01-05,Betim,3.696655
2024-01-01,2024-01-05,Cubatão,3.538613
2024-01-01,2024-01-05,Mauá,3.555073
2024-01-01,2024-01-05,Paulínia,3.595338
2024-01-01,2024-01-05,São José dos Campos,3.582455
2024-01-01,2024-01-05,Araucária,3.563880
2024-01-01,2024-01-05,Canoas,3.569563
2024-01-08,2024-01-12,Manaus,3.661166
2024-01-08,2024-01-12,Itaqui,3.680714
2024-01-08,2024-01-12,Suape,3.646670
2024-01-08,2024-01-12,Aratu,3.684622
2024-01-08,2024-01-12,Santos,3.684090
2024-01-08,2024-01-12,Paranagua,3.704448
2024-01-08,2024-01-12,Tramandai,3.691524
2024-01-08,2024-01-12,Guamaré,3.792486
2024-01-08,2024-01-12,Duque de Caxias,3.854348
2024-01-08,2024-01-12,Betim,3.873950
2024-01-08,2024-01-12,Cubatão,3.716602
2024-01-08,2024-01-12,Mauá,3.732988
2024-01-08,2024-01-12,Paulínia,3.773080
2024-01-08,2024-01-12,São José dos Campos,3.760252
2024-01-08,2024-01-12,Araucária,3.760632
2024-01-08,2024-01-12,Canoas,3.747506
2024-01-15,2024-01-19,Manaus,3.755593
2024-01-15,2024-01-19,Itaqui,3.774143
2024-01-15,2024-01-19,Suape,3.740325
2024-01-15,2024-01-19,Aratu,3.778000
2024-01-15,2024-01-19,Santos,3.777355
2024-01-15,2024-01-19,Paranagua,3.797620
2024-01-15,2024-01-19,Tramandai,3.784675
2024-01-15,2024-01-19,Guamaré,3.887630
2024-01-15,2024-01-19,Duque de Caxias,3.949348
2024-01-15,2024-01-19,Betim,3.969148
2024-01-15,2024-01-19,Cubatão,3.810200
2024-01-15,2024-01-19,Mauá,3.826753
2024-01-15,2024-01-19,Paulínia,3.867250
2024-01-15,2024-01-19,São José dos Campos,3.854290
2024-01-15,2024-01-19,Araucária,3.854375
2024-01-15,2024-01-19,Canoas,3.841228
2024-01-22,2024-01-26,Manaus,3.787394
2024-01-22,2024-01-26,Itaqui,3.804588
2024-01-22,2024-01-26,Suape,3.771212
2024-01-22,2024-01-26,Aratu,3.808676
2024-01-22,2024-01-26,Santos,3.808458
2024-01-22,2024-01-26,Paranagua,3.828460
2024-01-22,2024-01-26,Tramandai,3.816910
2024-01-22,2024-01-26,Guamaré,3.918888
2024-01-22,2024-01-26,Duque de Caxias,3.980886
2024-01-22,2024-01-26,Betim,4.000738
2024-01-22,2024-01-26,Cubatão,3.841382
2024-01-22,2024-01-26,Mauá,3.857982
2024-01-22,2024-01-26,Paulínia,3.898582
2024-01-22,2024-01-26,São José dos Campos,3.885590
2024-01-22,2024-01-26,Araucária,3.885358
2024-01-22,2024-01-26,Canoas,3.873608
2024-01-29,2024-02-02,Manaus,3.924962
2024-01-29,2024-02-02,Itaqui,3.943182
2024-01-29,2024-02-02,Suape,3.909410
2024-01-29,2024-02-02,Aratu,3.947136
2024-01-29,2024-02-02,Santos,3.946684
2024-01-29,2024-02-02,Paranagua,3.966906
2024-01-29,2024-02-02,Tramandai,3.954440
2024-01-29,2024-02-02,Guamaré,4.057160
2024-01-29,2024-02-02,Duque de Caxias,4.119198
2024-01-29,2024-02-02,Betim,4.139062
2024-01-29,2024-02-02,Cubatão,3.979630
2024-01-29,2024-02-02,Mauá,3.996232
2024-01-29,2024-02-02,Paulínia,4.036858
2024-01-29,2024-02-02,São José dos Campos,4.023858
2024-01-29,2024-02-02,Araucária,4.023832
2024-01-29,2024-02-02,Canoas,4.011166
2024-02-05,2024-02-09,Manaus,3.950536
2024-02-05,2024-02-09,Itaqui,3.970222
2024-02-05,2024-02-09,Suape,3.935746
2024-02-05,2024-02-09,Aratu,3.974146
2024-02-05,2024-02-09,Santos,3.973688
2024-02-05,2024-02-09,Paranagua,3.994244
2024-02-05,2024-02-09,Tramandai,3.981056
2024-02-05,2024-02-09,Guamaré,4.084304
2024-02-05,2024-02-09,Duque de Caxias,4.147146
2024-02-05,2024-02-09,Betim,4.167118
2024-02-05,2024-02-09,Cubatão,4.006810
2024-02-05,2024-02-09,Mauá,4.023508
2024-02-05,2024-02-09,Paulínia,4.064352
2024-02-05,2024-02-09,São José dos Campos,4.051284
2024-02-05,2024-02-09,Araucária,4.051482
2024-02-05,2024-02-09,Canoas,4.038092
2024-02-12,2024-02-16,Manaus,4.061672
2024-02-12,2024-02-16,Itaqui,4.086596
2024-02-12,2024-02-16,Suape,4.049932
2024-02-12,2024-02-16,Aratu,4.090782
2024-02-12,2024-02-16,Santos,4.091008
2024-02-12,2024-02-16,Paranagua,4.112528
2024-02-12,2024-02-16,Tramandai,4.098666
2024-02-12,2024-02-16,Guamaré,4.198204
2024-02-12,2024-02-16,Duque de Caxias,4.264134
2024-02-12,2024-02-16,Betim,4.284062
2024-02-12,2024-02-16,Cubatão,4.124068
2024-02-12,2024-02-16,Mauá,4.140726
2024-02-12,2024-02-16,Paulínia,4.181496
2024-02-12,2024-02-16,São José dos Campos,4.168452
2024-02-12,2024-02-16,Araucária,4.169654
2024-02-12,2024-02-16,Canoas,4.155592
2024-02-19,2024-02-23,Manaus,3.881583
2024-02-19,2024-02-23,Itaqui,3.909045
2024-02-19,2024-02-23,Suape,3.871340
2024-02-19,2024-02-23,Aratu,3.913388
2024-02-19,2024-02-23,Santos,3.913985
2024-02-19,2024-02-23,Paranagua,3.935958
2024-02-19,2024-02-23,Tramandai,3.921895
2024-02-19,2024-02-23,Guamaré,4.019293
2024-02-19,2024-02-23,Duque de Caxias,4.086738
2024-02-19,2024-02-23,Betim,4.106625
2024-02-19,2024-02-23,Cubatão,3.946973
2024-02-19,2024-02-23,Mauá,3.963603
2024-02-19,2024-02-23,Paulínia,4.004280
2024-02-19,2024-02-23,São José dos Campos,3.991260
2024-02-19,2024-02-23,Araucária,3.992968
2024-02-19,2024-02-23,Canoas,3.978698
2024-02-26,2024-03-01,Manaus,3.804174
2024-02-26,2024-03-01,Itaqui,3.828052
2024-02-26,2024-03-01,Suape,3.791866
2024-02-26,2024-03-01,Aratu,3.832096
2024-02-26,2024-03-01,Santos,3.831992
2024-02-26,2024-03-01,Paranagua,3.853324
2024-02-26,2024-03-01,Tramandai,3.839218
2024-02-26,2024-03-01,Guamaré,3.940118
2024-02-26,2024-03-01,Duque de Caxias,4.005096
2024-02-26,2024-03-01,Betim,4.025026
2024-02-26,2024-03-01,Cubatão,3.865046
2024-02-26,2024-03-01,Mauá,3.881712
2024-02-26,2024-03-01,Paulínia,3.922470
2024-02-26,2024-03-01,São José dos Campos,3.909430
2024-02-26,2024-03-01,Araucária,3.910446
2024-02-26,2024-03-01,Canoas,3.896134
2024-03-04,2024-03-08,Manaus,3.813988
2024-03-04,2024-03-08,Itaqui,3.851284
2024-03-04,2024-03-08,Suape,3.809396
2024-03-04,2024-03-08,Aratu,3.856050
2024-03-04,2024-03-08,Santos,3.857788
2024-03-04,2024-03-08,Paranagua,3.881624
2024-03-04,2024-03-08,Tramandai,3.865920
2024-03-04,2024-03-08,Guamaré,3.957380
2024-03-04,2024-03-08,Duque de Caxias,4.030574
2024-03-04,2024-03-08,Betim,4.050464
2024-03-04,2024-03-08,Cubatão,3.890784
2024-03-04,2024-03-08,Mauá,3.907412
2024-03-04,2024-03-08,Paulínia,3.948100
2024-03-04,2024-03-08,São José dos Campos,3.935082
2024-03-04,2024-03-08,Araucária,3.938638
2024-03-04,2024-03-08,Canoas,3.922732
2024-03-11,2024-03-15,Manaus,3.891730
2024-03-11,2024-03-15,Itaqui,3.930604
2024-03-11,2024-03-15,Suape,3.887964
2024-03-11,2024-03-15,Aratu,3.935360
2024-03-11,2024-03-15,Santos,3.937134
2024-03-11,2024-03-15,Paranagua,3.961328
2024-03-11,2024-03-15,Tramandai,3.944936
2024-03-11,2024-03-15,Guamaré,4.036780
2024-03-11,2024-03-15,Duque de Caxias,4.110896
2024-03-11,2024-03-15,Betim,4.130898
2024-03-11,2024-03-15,Cubatão,3.970314
2024-03-11,2024-03-15,Mauá,3.987042
2024-03-11,2024-03-15,Paulínia,4.027954
2024-03-11,2024-03-15,São José dos Campos,4.014862
2024-03-11,2024-03-15,Araucária,4.018668
2024-03-11,2024-03-15,Canoas,4.002074
2024-03-18,2024-03-22,Manaus,3.934878
2024-03-18,2024-03-22,Itaqui,3.967128
2024-03-18,2024-03-22,Suape,3.927222
2024-03-18,2024-03-22,Aratu,3.971602
2024-03-18,2024-03-22,Santos,3.972622
2024-03-18,2024-03-22,Paranagua,3.995598
2024-03-18,2024-03-22,Tramandai,3.980266
2024-03-18,2024-03-22,Guamaré,4.076606
2024-03-18,2024-03-22,Duque de Caxias,4.147048
2024-03-18,2024-03-22,Betim,4.167132
2024-03-18,2024-03-22,Cubatão,4.005930
2024-03-18,2024-03-22,Mauá,4.022718
2024-03-18,2024-03-22,Paulínia,4.063792
2024-03-18,2024-03-22,São José dos Campos,4.050650
2024-03-18,2024-03-22,Araucária,4.053156
2024-03-18,2024-03-22,Canoas,4.037620
2024-03-25,2024-03-29,Manaus,3.832700
2024-03-25,2024-03-29,Itaqui,3.875023
2024-03-25,2024-03-29,Suape,3.830628
2024-03-25,2024-03-29,Aratu,3.880850
2024-03-25,2024-03-29,Santos,3.884860
2024-03-25,2024-03-29,Paranagua,3.909623
2024-03-25,2024-03-29,Tramandai,3.896500
2024-03-25,2024-03-29,Guamaré,3.979595
2024-03-25,2024-03-29,Duque de Caxias,4.058795
2024-03-25,2024-03-29,Betim,4.078820
2024-03-25,2024-03-29,Cubatão,3.918073
2024-03-25,2024-03-29,Mauá,3.934815
2024-03-25,2024-03-29,Paulínia,3.975770
2024-03-25,2024-03-29,São José dos Campos,3.962668
2024-03-25,2024-03-29,Araucária,3.967020
2024-03-25,2024-03-29,Canoas,3.953693
2024-04-01,2024-04-05,Manaus,4.018822
2024-04-01,2024-04-05,Itaqui,4.058544
2024-04-01,2024-04-05,Suape,4.015012
2024-04-01,2024-04-05,Aratu,4.064228
2024-04-01,2024-04-05,Santos,4.067900
2024-04-01,2024-04-05,Paranagua,4.092292
2024-04-01,2024-04-05,Tramandai,4.079272
2024-04-01,2024-04-05,Guamaré,4.165888
2024-04-01,2024-04-05,Duque de Caxias,4.244066
2024-04-01,2024-04-05,Betim,4.264346
2024-04-01,2024-04-05,Cubatão,4.101540
2024-04-01,2024-04-05,Mauá,4.118496
2024-04-01,2024-04-05,Paulínia,4.159976
2024-04-01,2024-04-05,São José dos Campos,4.146704
2024-04-01,2024-04-05,Araucária,4.150422
2024-04-01,2024-04-05,Canoas,4.137196
2024-04-08,2024-04-12,Manaus,4.053244
2024-04-08,2024-04-12,Itaqui,4.087762
2024-04-08,2024-04-12,Suape,4.046488
2024-04-08,2024-04-12,Aratu,4.092848
2024-04-08,2024-04-12,Santos,4.095166
2024-04-08,2024-04-12,Paranagua,4.118640
2024-04-08,2024-04-12,Tramandai,4.104856
2024-04-08,2024-04-12,Guamaré,4.197806
2024-04-08,2024-04-12,Duque de Caxias,4.271848
2024-04-08,2024-04-12,Betim,4.292188
2024-04-08,2024-04-12,Cubatão,4.128906
2024-04-08,2024-04-12,Mauá,4.145910
2024-04-08,2024-04-12,Paulínia,4.187514
2024-04-08,2024-04-12,São José dos Campos,4.174200
2024-04-08,2024-04-12,Araucária,4.176944
2024-04-08,2024-04-12,Canoas,4.162950
2024-04-15,2024-04-19,Manaus,4.022630
2024-04-15,2024-04-19,Itaqui,4.047840
2024-04-15,2024-04-19,Suape,4.010038
2024-04-15,2024-04-19,Aratu,4.052056
2024-04-15,2024-04-19,Santos,4.052408
2024-04-15,2024-04-19,Paranagua,4.074460
2024-04-15,2024-04-19,Tramandai,4.059740
2024-04-15,2024-04-19,Guamaré,4.166112
2024-04-15,2024-04-19,Duque de Caxias,4.234644
2024-04-15,2024-04-19,Betim,4.255622
2024-04-15,2024-04-19,Cubatão,4.087206
2024-04-15,2024-04-19,Mauá,4.104748
2024-04-15,2024-04-19,Paulínia,4.147658
2024-04-15,2024-04-19,São José dos Campos,4.133926
2024-04-15,2024-04-19,Araucária,4.134596
2024-04-15,2024-04-19,Canoas,4.119660
2024-04-22,2024-04-26,Manaus,3.808284
2024-04-22,2024-04-26,Itaqui,3.826056
2024-04-22,2024-04-26,Suape,3.791802
2024-04-22,2024-04-26,Aratu,3.829620
2024-04-22,2024-04-26,Santos,3.828438
2024-04-22,2024-04-26,Paranagua,3.848976
2024-04-22,2024-04-26,Tramandai,3.834380
2024-04-22,2024-04-26,Guamaré,3.945530
2024-04-22,2024-04-26,Duque de Caxias,4.007932
2024-04-22,2024-04-26,Betim,4.028600
2024-04-22,2024-04-26,Cubatão,3.862712
2024-04-22,2024-04-26,Mauá,3.879990
2024-04-22,2024-04-26,Paulínia,3.922256
2024-04-22,2024-04-26,São José dos Campos,3.908732
2024-04-22,2024-04-26,Araucária,3.908206
2024-04-22,2024-04-26,Canoas,3.893400
2024-04-29,2024-05-03,Manaus,3.716926
2024-04-29,2024-05-03,Itaqui,3.734382
2024-04-29,2024-05-03,Suape,3.700336
2024-04-29,2024-05-03,Aratu,3.737854
2024-04-29,2024-05-03,Santos,3.736472
2024-04-29,2024-05-03,Paranagua,3.756936
2024-04-29,2024-05-03,Tramandai,3.742092
2024-04-29,2024-05-03,Guamaré,3.853720
2024-04-29,2024-05-03,Duque de Caxias,3.915566
2024-04-29,2024-05-03,Betim,3.936186
2024-04-29,2024-05-03,Cubatão,3.770668
2024-04-29,2024-05-03,Mauá,3.787910
2024-04-29,2024-05-03,Paulínia,3.830080
2024-04-29,2024-05-03,São José dos Campos,3.816586
2024-04-29,2024-05-03,Araucária,3.816034
2024-04-29,2024-05-03,Canoas,3.800982
2024-05-06,2024-05-10,Manaus,3.672174
2024-05-06,2024-05-10,Itaqui,3.697532
2024-05-06,2024-05-10,Suape,3.660112
2024-05-06,2024-05-10,Aratu,3.701806
2024-05-06,2024-05-10,Santos,3.702242
2024-05-06,2024-05-10,Paranagua,3.724100
2024-05-06,2024-05-10,Tramandai,3.709960
2024-05-06,2024-05-10,Guamaré,3.812684
2024-05-06,2024-05-10,Duque de Caxias,3.880388
2024-05-06,2024-05-10,Betim,3.900896
2024-05-06,2024-05-10,Cubatão,3.736260
2024-05-06,2024-05-10,Mauá,3.753408
2024-05-06,2024-05-10,Paulínia,3.795354
2024-05-06,2024-05-10,São José dos Campos,3.781932
2024-05-06,2024-05-10,Araucária,3.782886
2024-05-06,2024-05-10,Canoas,3.768536
2024-05-13,2024-05-17,Manaus,3.613696
2024-05-13,2024-05-17,Itaqui,3.631708
2024-05-13,2024-05-17,Suape,3.597402
2024-05-13,2024-05-17,Aratu,3.635284
2024-05-13,2024-05-17,Santos,3.634132
2024-05-13,2024-05-17,Paranagua,3.654690
2024-05-13,2024-05-17,Tramandai,3.640106
2024-05-13,2024-05-17,Guamaré,3.750734
2024-05-13,2024-05-17,Duque de Caxias,3.813162
2024-05-13,2024-05-17,Betim,3.833776
2024-05-13,2024-05-17,Cubatão,3.668320
2024-05-13,2024-05-17,Mauá,3.685550
2024-05-13,2024-05-17,Paulínia,3.727708
2024-05-13,2024-05-17,São José dos Campos,3.714218
2024-05-13,2024-05-17,Araucária,3.713768
2024-05-13,2024-05-17,Canoas,3.698972
2024-05-20,2024-05-24,Manaus,3.657032
2024-05-20,2024-05-24,Itaqui,3.674082
2024-05-20,2024-05-24,Suape,3.640118
2024-05-20,2024-05-24,Aratu,3.677744
2024-05-20,2024-05-24,Santos,3.676724
2024-05-20,2024-05-24,Paranagua,3.697104
2024-05-20,2024-05-24,Tramandai,3.683160
2024-05-20,2024-05-24,Guamaré,3.793712
2024-05-20,2024-05-24,Duque de Caxias,3.856060
2024-05-20,2024-05-24,Betim,3.876710
2024-05-20,2024-05-24,Cubatão,3.710968
2024-05-20,2024-05-24,Mauá,3.728230
2024-05-20,2024-05-24,Paulínia,3.770460
2024-05-20,2024-05-24,São José dos Campos,3.756948
2024-05-20,2024-05-24,Araucária,3.756282
2024-05-20,2024-05-24,Canoas,3.742132
2024-05-27,2024-05-31,Manaus,3.720803
2024-05-27,2024-05-31,Itaqui,3.760715
2024-05-27,2024-05-31,Suape,3.716255
2024-05-27,2024-05-31,Aratu,3.767290
2024-05-27,2024-05-31,Santos,3.772778
2024-05-27,2024-05-31,Paranagua,3.797395
2024-05-27,2024-05-31,Tramandai,3.787533
2024-05-27,2024-05-31,Guamaré,3.871705
2024-05-27,2024-05-31,Duque de Caxias,3.954288
2024-05-27,2024-05-31,Betim,3.975185
2024-05-27,2024-05-31,Cubatão,3.807435
2024-05-27,2024-05-31,Mauá,3.824910
2024-05-27,2024-05-31,Paulínia,3.867650
2024-05-27,2024-05-31,São José dos Campos,3.853973
2024-05-27,2024-05-31,Araucária,3.857290
2024-05-27,2024-05-31,Canoas,3.847215
2024-06-03,2024-06-07,Manaus,3.634604
2024-06-03,2024-06-07,Itaqui,3.677364
2024-06-03,2024-06-07,Suape,3.631382
2024-06-03,2024-06-07,Aratu,3.684224
2024-06-03,2024-06-07,Santos,3.690390
2024-06-03,2024-06-07,Paranagua,3.715656
2024-06-03,2024-06-07,Tramandai,3.705782
2024-06-03,2024-06-07,Guamaré,3.788854
2024-06-03,2024-06-07,Duque de Caxias,3.874258
2024-06-03,2024-06-07,Betim,3.895426
2024-06-03,2024-06-07,Cubatão,3.725500
2024-06-03,2024-06-07,Mauá,3.743198
2024-06-03,2024-06-07,Paulínia,3.786492
2024-06-03,2024-06-07,São José dos Campos,3.772640
2024-06-03,2024-06-07,Araucária,3.776330
2024-06-03,2024-06-07,Canoas,3.766240
2024-06-10,2024-06-14,Manaus,3.778922
2024-06-10,2024-06-14,Itaqui,3.798732
2024-06-10,2024-06-14,Suape,3.762508
2024-06-10,2024-06-14,Aratu,3.803218
2024-06-10,2024-06-14,Santos,3.803992
2024-06-10,2024-06-14,Paranagua,3.825236
2024-06-10,2024-06-14,Tramandai,3.813054
2024-06-10,2024-06-14,Guamaré,3.922896
2024-06-10,2024-06-14,Duque de Caxias,3.991262
2024-06-10,2024-06-14,Betim,4.012822
2024-06-10,2024-06-14,Cubatão,3.839750
2024-06-10,2024-06-14,Mauá,3.857778
2024-06-10,2024-06-14,Paulínia,3.901872
2024-06-10,2024-06-14,São José dos Campos,3.887760
2024-06-10,2024-06-14,Araucária,3.887032
2024-06-10,2024-06-14,Canoas,3.874634
2024-06-17,2024-06-21,Manaus,4.020378
2024-06-17,2024-06-21,Itaqui,4.060520
2024-06-17,2024-06-21,Suape,4.015175
2024-06-17,2024-06-21,Aratu,4.066720
2024-06-17,2024-06-21,Santos,4.071545
2024-06-17,2024-06-21,Paranagua,4.096665
2024-06-17,2024-06-21,Tramandai,4.084410
2024-06-17,2024-06-21,Guamaré,4.177443
2024-06-17,2024-06-21,Duque de Caxias,4.261005
2024-06-17,2024-06-21,Betim,4.282818
2024-06-17,2024-06-21,Cubatão,4.107723
2024-06-17,2024-06-21,Mauá,4.125958
2024-06-17,2024-06-21,Paulínia,4.170570
2024-06-17,2024-06-21,São José dos Campos,4.156295
2024-06-17,2024-06-21,Araucária,4.159183
2024-06-17,2024-06-21,Canoas,4.146708
2024-06-24,2024-06-28,Manaus,4.098840
2024-06-24,2024-06-28,Itaqui,4.147432
2024-06-24,2024-06-28,Suape,4.098204
2024-06-24,2024-06-28,Aratu,4.154264
2024-06-24,2024-06-28,Santos,4.160606
2024-06-24,2024-06-28,Paranagua,4.187400
2024-06-24,2024-06-28,Tramandai,4.174658
2024-06-24,2024-06-28,Guamaré,4.262274
2024-06-24,2024-06-28,Duque de Caxias,4.352180
2024-06-24,2024-06-28,Betim,4.374238
2024-06-24,2024-06-28,Cubatão,4.197188
2024-06-24,2024-06-28,Mauá,4.215628
2024-06-24,2024-06-28,Paulínia,4.260738
2024-06-24,2024-06-28,São José dos Campos,4.246306
2024-06-24,2024-06-28,Araucária,4.250618
2024-06-24,2024-06-28,Canoas,4.237650
2024-07-01,2024-07-05,Manaus,4.274207
2024-07-01,2024-07-05,Itaqui,4.315730
2024-07-01,2024-07-05,Suape,4.269110
2024-07-01,2024-07-05,Aratu,4.321723
2024-07-01,2024-07-05,Santos,4.326230
2024-07-01,2024-07-05,Paranagua,4.352000
2024-07-01,2024-07-05,Tramandai,4.337750
2024-07-01,2024-07-05,Guamaré,4.437363
2024-07-01,2024-07-05,Duque de Caxias,4.522690
2024-07-01,2024-07-05,Betim,4.545307
2024-07-01,2024-07-05,Cubatão,4.363747
2024-07-01,2024-07-05,Mauá,4.382653
2024-07-01,2024-07-05,Paulínia,4.428917
2024-07-01,2024-07-05,São José dos Campos,4.414113
2024-07-01,2024-07-05,Araucária,4.416827
2024-07-01,2024-07-05,Canoas,4.402347
2024-07-08,2024-07-12,Manaus,4.022034
2024-07-08,2024-07-12,Itaqui,4.046362
2024-07-08,2024-07-12,Suape,4.007916
2024-07-08,2024-07-12,Aratu,4.051204
2024-07-08,2024-07-12,Santos,4.052834
2024-07-08,2024-07-12,Paranagua,4.075044
2024-07-08,2024-07-12,Tramandai,4.062552
2024-07-08,2024-07-12,Guamaré,4.170294
2024-07-08,2024-07-12,Duque de Caxias,4.242432
2024-07-08,2024-07-12,Betim,4.264260
2024-07-08,2024-07-12,Cubatão,4.089038
2024-07-08,2024-07-12,Mauá,4.107288
2024-07-08,2024-07-12,Paulínia,4.151932
2024-07-08,2024-07-12,São José dos Campos,4.137648
2024-07-08,2024-07-12,Araucária,4.137606
2024-07-08,2024-07-12,Canoas,4.124894
2024-07-15,2024-07-19,Manaus,4.009088
2024-07-15,2024-07-19,Itaqui,4.044996
2024-07-15,2024-07-19,Suape,4.001244
2024-07-15,2024-07-19,Aratu,4.050798
2024-07-15,2024-07-19,Santos,4.054708
2024-07-15,2024-07-19,Paranagua,4.079178
2024-07-15,2024-07-19,Tramandai,4.066474
2024-07-15,2024-07-19,Guamaré,4.165640
2024-07-15,2024-07-19,Duque de Caxias,4.246662
2024-07-15,2024-07-19,Betim,4.268762
2024-07-15,2024-07-19,Cubatão,4.091360
2024-07-15,2024-07-19,Mauá,4.109836
2024-07-15,2024-07-19,Paulínia,4.155038
2024-07-15,2024-07-19,São José dos Campos,4.140576
2024-07-15,2024-07-19,Araucária,4.142516
2024-07-15,2024-07-19,Canoas,4.129594
2024-07-22,2024-07-26,Manaus,3.975986
2024-07-22,2024-07-26,Itaqui,4.002084
2024-07-22,2024-07-26,Suape,3.962190
2024-07-22,2024-07-26,Aratu,4.006878
2024-07-22,2024-07-26,Santos,4.008526
2024-07-22,2024-07-26,Paranagua,4.031420
2024-07-22,2024-07-26,Tramandai,4.017512
2024-07-22,2024-07-26,Guamaré,4.130236
2024-07-22,2024-07-26,Duque de Caxias,4.204734
2024-07-22,2024-07-26,Betim,4.227324
2024-07-22,2024-07-26,Cubatão,4.045992
2024-07-22,2024-07-26,Mauá,4.064878
2024-07-22,2024-07-26,Paulínia,4.111082
2024-07-22,2024-07-26,São José dos Campos,4.096298
2024-07-22,2024-07-26,Araucária,4.096164
2024-07-22,2024-07-26,Canoas,4.082028
2024-07-29,2024-08-02,Manaus,3.849426
2024-07-29,2024-08-02,Itaqui,3.871458
2024-07-29,2024-08-02,Suape,3.833234
2024-07-29,2024-08-02,Aratu,3.875624
2024-07-29,2024-08-02,Santos,3.875924
2024-07-29,2024-08-02,Paranagua,3.898180
2024-07-29,2024-08-02,Tramandai,3.882916
2024-07-29,2024-08-02,Guamaré,4.002692
2024-07-29,2024-08-02,Duque de Caxias,4.073786
2024-07-29,2024-08-02,Betim,4.096564
2024-07-29,2024-08-02,Cubatão,3.913706
2024-07-29,2024-08-02,Mauá,3.932750
2024-07-29,2024-08-02,Paulínia,3.979340
2024-07-29,2024-08-02,São José dos Campos,3.964436
2024-07-29,2024-08-02,Araucária,3.963470
2024-07-29,2024-08-02,Canoas,3.947976
2024-08-05,2024-08-09,Manaus,3.680906
2024-08-05,2024-08-09,Itaqui,3.700124
2024-08-05,2024-08-09,Suape,3.663420
2024-08-05,2024-08-09,Aratu,3.703806
2024-08-05,2024-08-09,Santos,3.703032
2024-08-05,2024-08-09,Paranagua,3.724690
2024-08-05,2024-08-09,Tramandai,3.708544
2024-08-05,2024-08-09,Guamaré,3.831218
2024-08-05,2024-08-09,Duque de Caxias,3.898954
2024-08-05,2024-08-09,Betim,3.921514
2024-08-05,2024-08-09,Cubatão,3.740446
2024-08-05,2024-08-09,Mauá,3.759304
2024-08-05,2024-08-09,Paulínia,3.805436
2024-08-05,2024-08-09,São José dos Campos,3.790674
2024-08-05,2024-08-09,Araucária,3.789342
2024-08-05,2024-08-09,Canoas,3.772970
2024-08-12,2024-08-16,Manaus,3.611242
2024-08-12,2024-08-16,Itaqui,3.626538
2024-08-12,2024-08-16,Suape,3.592020
2024-08-12,2024-08-16,Aratu,3.630012
2024-08-12,2024-08-16,Santos,3.628678
2024-08-12,2024-08-16,Paranagua,3.649358
2024-08-12,2024-08-16,Tramandai,3.634144
2024-08-12,2024-08-16,Guamaré,3.755802
2024-08-12,2024-08-16,Duque de Caxias,3.819908
2024-08-12,2024-08-16,Betim,3.841926
2024-08-12,2024-08-16,Cubatão,3.665192
2024-08-12,2024-08-16,Mauá,3.683600
2024-08-12,2024-08-16,Paulínia,3.728630
2024-08-12,2024-08-16,São José dos Campos,3.714220
2024-08-12,2024-08-16,Araucária,3.712460
2024-08-12,2024-08-16,Canoas,3.697026
2024-08-19,2024-08-23,Manaus,3.509758
2024-08-19,2024-08-23,Itaqui,3.531060
2024-08-19,2024-08-23,Suape,3.493786
2024-08-19,2024-08-23,Aratu,3.535464
2024-08-19,2024-08-23,Santos,3.536154
2024-08-19,2024-08-23,Paranagua,3.557910
2024-08-19,2024-08-23,Tramandai,3.544482
2024-08-19,2024-08-23,Guamaré,3.657712
2024-08-19,2024-08-23,Duque de Caxias,3.727556
2024-08-19,2024-08-23,Betim,3.749592
2024-08-19,2024-08-23,Cubatão,3.572700
2024-08-19,2024-08-23,Mauá,3.591124
2024-08-19,2024-08-23,Paulínia,3.636192
2024-08-19,2024-08-23,São José dos Campos,3.621776
2024-08-19,2024-08-23,Araucária,3.621070
2024-08-19,2024-08-23,Canoas,3.607420
2024-08-26,2024-08-30,Manaus,3.533194
2024-08-26,2024-08-30,Itaqui,3.548092
2024-08-26,2024-08-30,Suape,3.513300
2024-08-26,2024-08-30,Aratu,3.552018
2024-08-26,2024-08-30,Santos,3.551580
2024-08-26,2024-08-30,Paranagua,3.572286
2024-08-26,2024-08-30,Tramandai,3.558820
2024-08-26,2024-08-30,Guamaré,3.679460
2024-08-26,2024-08-30,Duque de Caxias,3.745590
2024-08-26,2024-08-30,Betim,3.767926
2024-08-26,2024-08-30,Cubatão,3.588626
2024-08-26,2024-08-30,Mauá,3.607300
2024-08-26,2024-08-30,Paulínia,3.652984
2024-08-26,2024-08-30,São José dos Campos,3.638366
2024-08-26,2024-08-30,Araucária,3.636304
2024-08-26,2024-08-30,Canoas,3.622616
2024-09-02,2024-09-06,Manaus,3.427080
2024-09-02,2024-09-06,Itaqui,3.442038
2024-09-02,2024-09-06,Suape,3.406960
2024-09-02,2024-09-06,Aratu,3.446160
2024-09-02,2024-09-06,Santos,3.446138
2024-09-02,2024-09-06,Paranagua,3.466930
2024-09-02,2024-09-06,Tramandai,3.454115
2024-09-02,2024-09-06,Guamaré,3.574650
2024-09-02,2024-09-06,Duque de Caxias,3.641928
2024-09-02,2024-09-06,Betim,3.664473
2024-09-02,2024-09-06,Cubatão,3.483528
2024-09-02,2024-09-06,Mauá,3.502370
2024-09-02,2024-09-06,Paulínia,3.548475
2024-09-02,2024-09-06,São José dos Campos,3.533723
2024-09-02,2024-09-06,Araucária,3.531535
2024-09-02,2024-09-06,Canoas,3.518495
2024-09-09,2024-09-13,Manaus,3.272416
2024-09-09,2024-09-13,Itaqui,3.283968
2024-09-09,2024-09-13,Suape,3.250386
2024-09-09,2024-09-13,Aratu,3.287724
2024-09-09,2024-09-13,Santos,3.286856
2024-09-09,2024-09-13,Paranagua,3.307036
2024-09-09,2024-09-13,Tramandai,3.293820
2024-09-09,2024-09-13,Guamaré,3.418262
2024-09-09,2024-09-13,Duque de Caxias,3.482866
2024-09-09,2024-09-13,Betim,3.505434
2024-09-09,2024-09-13,Cubatão,3.324282
2024-09-09,2024-09-13,Mauá,3.343148
2024-09-09,2024-09-13,Paulínia,3.389306
2024-09-09,2024-09-13,São José dos Campos,3.374534
2024-09-09,2024-09-13,Araucária,3.371716
2024-09-09,2024-09-13,Canoas,3.358270
2024-09-16,2024-09-20,Manaus,3.202174
2024-09-16,2024-09-20,Itaqui,3.213454
2024-09-16,2024-09-20,Suape,3.180570
2024-09-16,2024-09-20,Aratu,3.217154
2024-09-16,2024-09-20,Santos,3.216134
2024-09-16,2024-09-20,Paranagua,3.235996
2024-09-16,2024-09-20,Tramandai,3.223144
2024-09-16,2024-09-20,Guamaré,3.344074
2024-09-16,2024-09-20,Duque de Caxias,3.407038
2024-09-16,2024-09-20,Betim,3.429018
2024-09-16,2024-09-20,Cubatão,3.252586
2024-09-16,2024-09-20,Mauá,3.270962
2024-09-16,2024-09-20,Paulínia,3.315914
2024-09-16,2024-09-20,São José dos Campos,3.301532
2024-09-16,2024-09-20,Araucária,3.298990
2024-09-16,2024-09-20,Canoas,3.285920
2024-09-23,2024-09-27,Manaus,3.300096
2024-09-23,2024-09-27,Itaqui,3.306316
2024-09-23,2024-09-27,Suape,3.275662
2024-09-23,2024-09-27,Aratu,3.309530
2024-09-23,2024-09-27,Santos,3.307394
2024-09-23,2024-09-27,Paranagua,3.326322
2024-09-23,2024-09-27,Tramandai,3.313206
2024-09-23,2024-09-27,Guamaré,3.439068
2024-09-23,2024-09-27,Duque de Caxias,3.498188
2024-09-23,2024-09-27,Betim,3.520152
2024-09-23,2024-09-27,Cubatão,3.343824
2024-09-23,2024-09-27,Mauá,3.362192
2024-09-23,2024-09-27,Paulínia,3.407116
2024-09-23,2024-09-27,São José dos Campos,3.392740
2024-09-23,2024-09-27,Araucária,3.389280
2024-09-23,2024-09-27,Canoas,3.375944
2024-09-30,2024-10-04,Manaus,3.335596
2024-09-30,2024-10-04,Itaqui,3.356104
2024-09-30,2024-10-04,Suape,3.319228
2024-09-30,2024-10-04,Aratu,3.360622
2024-09-30,2024-10-04,Santos,3.361506
2024-09-30,2024-10-04,Paranagua,3.383052
2024-09-30,2024-10-04,Tramandai,3.370464
2024-09-30,2024-10-04,Guamaré,3.482388
2024-09-30,2024-10-04,Duque de Caxias,3.552012
2024-09-30,2024-10-04,Betim,3.573948
2024-09-30,2024-10-04,Cubatão,3.397884
2024-09-30,2024-10-04,Mauá,3.416222
2024-09-30,2024-10-04,Paulínia,3.461082
2024-09-30,2024-10-04,São José dos Campos,3.446728
2024-09-30,2024-10-04,Araucária,3.445914
2024-09-30,2024-10-04,Canoas,3.433108
2024-10-07,2024-10-11,Manaus,3.632858
2024-10-07,2024-10-11,Itaqui,3.666212
2024-10-07,2024-10-11,Suape,3.623354
2024-10-07,2024-10-11,Aratu,3.671702
2024-10-07,2024-10-11,Santos,3.674942
2024-10-07,2024-10-11,Paranagua,3.699062
2024-10-07,2024-10-11,Tramandai,3.685750
2024-10-07,2024-10-11,Guamaré,3.789610
2024-10-07,2024-10-11,Duque de Caxias,3.869066
2024-10-07,2024-10-11,Betim,3.891416
2024-10-07,2024-10-11,Cubatão,3.712012
2024-10-07,2024-10-11,Mauá,3.730698
2024-10-07,2024-10-11,Paulínia,3.776404
2024-10-07,2024-10-11,São José dos Campos,3.761782
2024-10-07,2024-10-11,Araucária,3.763120
2024-10-07,2024-10-11,Canoas,3.749582
2024-10-14,2024-10-18,Manaus,3.495360
2024-10-14,2024-10-18,Itaqui,3.506224
2024-10-14,2024-10-18,Suape,3.472698
2024-10-14,2024-10-18,Aratu,3.510284
2024-10-14,2024-10-18,Santos,3.510014
2024-10-14,2024-10-18,Paranagua,3.530096
2024-10-14,2024-10-18,Tramandai,3.518294
2024-10-14,2024-10-18,Guamaré,3.641594
2024-10-14,2024-10-18,Duque de Caxias,3.707218
2024-10-14,2024-10-18,Betim,3.729924
2024-10-14,2024-10-18,Cubatão,3.547672
2024-10-14,2024-10-18,Mauá,3.566652
2024-10-14,2024-10-18,Paulínia,3.613088
2024-10-14,2024-10-18,São José dos Campos,3.598230
2024-10-14,2024-10-18,Araucária,3.595168
2024-10-14,2024-10-18,Canoas,3.583134
2024-10-21,2024-10-25,Manaus,3.441184
2024-10-21,2024-10-25,Itaqui,3.449076
2024-10-21,2024-10-25,Suape,3.416692
2024-10-21,2024-10-25,Aratu,3.452738
2024-10-21,2024-10-25,Santos,3.451612
2024-10-21,2024-10-25,Paranagua,3.471250
2024-10-21,2024-10-25,Tramandai,3.458666
2024-10-21,2024-10-25,Guamaré,3.587126
2024-10-21,2024-10-25,Duque de Caxias,3.650614
2024-10-21,2024-10-25,Betim,3.673520
2024-10-21,2024-10-25,Cubatão,3.489614
2024-10-21,2024-10-25,Mauá,3.508766
2024-10-21,2024-10-25,Paulínia,3.555626
2024-10-21,2024-10-25,São José dos Campos,3.540632
2024-10-21,2024-10-25,Araucária,3.536914
2024-10-21,2024-10-25,Canoas,3.524100
2024-10-28,2024-11-01,Manaus,3.478834
2024-10-28,2024-11-01,Itaqui,3.495378
2024-10-28,2024-11-01,Suape,3.458958
2024-10-28,2024-11-01,Aratu,3.499742
2024-10-28,2024-11-01,Santos,3.500290
2024-10-28,2024-11-01,Paranagua,3.521654
2024-10-28,2024-11-01,Tramandai,3.508778
2024-10-28,2024-11-01,Guamaré,3.631436
2024-10-28,2024-11-01,Duque de Caxias,3.701672
2024-10-28,2024-11-01,Betim,3.724860
2024-10-28,2024-11-01,Cubatão,3.538746
2024-10-28,2024-11-01,Mauá,3.558130
2024-10-28,2024-11-01,Paulínia,3.605548
2024-10-28,2024-11-01,São José dos Campos,3.590376
2024-10-28,2024-11-01,Araucária,3.588106
2024-10-28,2024-11-01,Canoas,3.574996
2024-11-04,2024-11-08,Manaus,3.594828
2024-11-04,2024-11-08,Itaqui,3.616466
2024-11-04,2024-11-08,Suape,3.578128
2024-11-04,2024-11-08,Aratu,3.620800
2024-11-04,2024-11-08,Santos,3.621426
2024-11-04,2024-11-08,Paranagua,3.643698
2024-11-04,2024-11-08,Tramandai,3.629062
2024-11-04,2024-11-08,Guamaré,3.749300
2024-11-04,2024-11-08,Duque de Caxias,3.821286
2024-11-04,2024-11-08,Betim,3.844298
2024-11-04,2024-11-08,Cubatão,3.659592
2024-11-04,2024-11-08,Mauá,3.678826
2024-11-04,2024-11-08,Paulínia,3.725892
2024-11-04,2024-11-08,São José dos Campos,3.710830
2024-11-04,2024-11-08,Araucária,3.709650
2024-11-04,2024-11-08,Canoas,3.694782
2024-11-11,2024-11-15,Manaus,3.507192
2024-11-11,2024-11-15,Itaqui,3.518974
2024-11-11,2024-11-15,Suape,3.484684
2024-11-11,2024-11-15,Aratu,3.522644
2024-11-11,2024-11-15,Santos,3.521662
2024-11-11,2024-11-15,Paranagua,3.542192
2024-11-11,2024-11-15,Tramandai,3.528016
2024-11-11,2024-11-15,Guamaré,3.657448
2024-11-11,2024-11-15,Duque de Caxias,3.723386
2024-11-11,2024-11-15,Betim,3.746610
2024-11-11,2024-11-15,Cubatão,3.560182
2024-11-11,2024-11-15,Mauá,3.579598
2024-11-11,2024-11-15,Paulínia,3.627100
2024-11-11,2024-11-15,São José dos Campos,3.611902
2024-11-11,2024-11-15,Araucária,3.608758
2024-11-11,2024-11-15,Canoas,3.594346
2024-11-18,2024-11-22,Manaus,3.563656
2024-11-18,2024-11-22,Itaqui,3.582026
2024-11-18,2024-11-22,Suape,3.544876
2024-11-18,2024-11-22,Aratu,3.586156
2024-11-18,2024-11-22,Santos,3.586300
2024-11-18,2024-11-22,Paranagua,3.608060
2024-11-18,2024-11-22,Tramandai,3.593526
2024-11-18,2024-11-22,Guamaré,3.717708
2024-11-18,2024-11-22,Duque de Caxias,3.788094
2024-11-18,2024-11-22,Betim,3.811326
2024-11-18,2024-11-22,Cubatão,3.624830
2024-11-18,2024-11-22,Mauá,3.644254
2024-11-18,2024-11-22,Paulínia,3.691772
2024-11-18,2024-11-22,São José dos Campos,3.676568
2024-11-18,2024-11-22,Araucária,3.674648
2024-11-18,2024-11-22,Canoas,3.659880
2024-11-25,2024-11-29,Manaus,3.645380
2024-11-25,2024-11-29,Itaqui,3.662480
2024-11-25,2024-11-29,Suape,3.625740
2024-11-25,2024-11-29,Aratu,3.666163
2024-11-25,2024-11-29,Santos,3.665397
2024-11-25,2024-11-29,Paranagua,3.687077
2024-11-25,2024-11-29,Tramandai,3.670907
2024-11-25,2024-11-29,Guamaré,3.800393
2024-11-25,2024-11-29,Duque de Caxias,3.869323
2024-11-25,2024-11-29,Betim,3.892803
2024-11-25,2024-11-29,Cubatão,3.704337
2024-11-25,2024-11-29,Mauá,3.723967
2024-11-25,2024-11-29,Paulínia,3.771983
2024-11-25,2024-11-29,São José dos Campos,3.756620
2024-11-25,2024-11-29,Araucária,3.754367
2024-11-25,2024-11-29,Canoas,3.737960
2024-12-02,2024-12-06,Manaus,3.695842
2024-12-02,2024-12-06,Itaqui,3.714844
2024-12-02,2024-12-06,Suape,3.676378
2024-12-02,2024-12-06,Aratu,3.719066
2024-12-02,2024-12-06,Santos,3.719478
2024-12-02,2024-12-06,Paranagua,3.741840
2024-12-02,2024-12-06,Tramandai,3.726586
2024-12-02,2024-12-06,Guamaré,3.857158
2024-12-02,2024-12-06,Duque de Caxias,3.930556
2024-12-02,2024-12-06,Betim,3.954858
2024-12-02,2024-12-06,Cubatão,3.759786
2024-12-02,2024-12-06,Mauá,3.780100
2024-12-02,2024-12-06,Paulínia,3.829806
2024-12-02,2024-12-06,São José dos Campos,3.813902
2024-12-02,2024-12-06,Araucária,3.811492
2024-12-02,2024-12-06,Canoas,3.795992
2024-12-09,2024-12-13,Manaus,3.799232
2024-12-09,2024-12-13,Itaqui,3.831542
2024-12-09,2024-12-13,Suape,3.787202
2024-12-09,2024-12-13,Aratu,3.837178
2024-12-09,2024-12-13,Santos,3.840818
2024-12-09,2024-12-13,Paranagua,3.865598
2024-12-09,2024-12-13,Tramandai,3.851696
2024-12-09,2024-12-13,Guamaré,3.967900
2024-12-09,2024-12-13,Duque de Caxias,4.051804
2024-12-09,2024-12-13,Betim,4.076094
2024-12-09,2024-12-13,Cubatão,3.881106
2024-12-09,2024-12-13,Mauá,3.901414
2024-12-09,2024-12-13,Paulínia,3.951094
2024-12-09,2024-12-13,São José dos Campos,3.935198
2024-12-09,2024-12-13,Araucária,3.935220
2024-12-09,2024-12-13,Canoas,3.921070
2024-12-16,2024-12-20,Manaus,3.938054
2024-12-16,2024-12-20,Itaqui,3.974042
2024-12-16,2024-12-20,Suape,3.927836
2024-12-16,2024-12-20,Aratu,3.979958
2024-12-16,2024-12-20,Santos,3.984276
2024-12-16,2024-12-20,Paranagua,4.009868
2024-12-16,2024-12-20,Tramandai,3.995618
2024-12-16,2024-12-20,Guamaré,4.110644
2024-12-16,2024-12-20,Duque de Caxias,4.197728
2024-12-16,2024-12-20,Betim,4.222302
2024-12-16,2024-12-20,Cubatão,4.025038
2024-12-16,2024-12-20,Mauá,4.045582
2024-12-16,2024-12-20,Paulínia,4.095844
2024-12-16,2024-12-20,São José dos Campos,4.079762
2024-12-16,2024-12-20,Araucária,4.080306
2024-12-16,2024-12-20,Canoas,4.065804
2024-12-23,2024-12-27,Manaus,3.928888
2024-12-23,2024-12-27,Itaqui,3.955243
2024-12-23,2024-12-27,Suape,3.912953
2024-12-23,2024-12-27,Aratu,3.960368
2024-12-23,2024-12-27,Santos,3.962830
2024-12-23,2024-12-27,Paranagua,3.986773
2024-12-23,2024-12-27,Tramandai,3.972288
2024-12-23,2024-12-27,Guamaré,4.097875
2024-12-23,2024-12-27,Duque de Caxias,4.178748
2024-12-23,2024-12-27,Betim,4.203608
2024-12-23,2024-12-27,Cubatão,4.004063
2024-12-23,2024-12-27,Mauá,4.024845
2024-12-23,2024-12-27,Paulínia,4.075688
2024-12-23,2024-12-27,São José dos Campos,4.059415
2024-12-23,2024-12-27,Araucária,4.058023
2024-12-23,2024-12-27,Canoas,4.043283
2024-12-30,2025-01-03,Manaus,4.053495
2024-12-30,2025-01-03,Itaqui,4.068638
2024-12-30,2025-01-03,Suape,4.031293
2024-12-30,2025-01-03,Aratu,4.072755
2024-12-30,2025-01-03,Santos,4.072890
2024-12-30,2025-01-03,Paranagua,4.094745
2024-12-30,2025-01-03,Tramandai,4.080003
2024-12-30,2025-01-03,Guamaré,4.215873
2024-12-30,2025-01-03,Duque de Caxias,4.288400
2024-12-30,2025-01-03,Betim,4.313213
2024-12-30,2025-01-03,Cubatão,4.114045
2024-12-30,2025-01-03,Mauá,4.134788
2024-12-30,2025-01-03,Paulínia,4.185535
2024-12-30,2025-01-03,São José dos Campos,4.169298
2024-12-30,2025-01-03,Araucária,4.165863
2024-12-30,2025-01-03,Canoas,4.150870
2025-01-06,2025-01-10,Manaus,4.065272
2025-01-06,2025-01-10,Itaqui,4.067150
2025-01-06,2025-01-10,Suape,4.035820
2025-01-06,2025-01-10,Aratu,4.070428
2025-01-06,2025-01-10,Santos,4.068462
2025-01-06,2025-01-10,Paranagua,4.087700
2025-01-06,2025-01-10,Tramandai,4.074280
2025-01-06,2025-01-10,Guamaré,4.217988
2025-01-06,2025-01-10,Duque de Caxias,4.281164
2025-01-06,2025-01-10,Betim,4.305654
2025-01-06,2025-01-10,Cubatão,4.109080
2025-01-06,2025-01-10,Mauá,4.129554
2025-01-06,2025-01-10,Paulínia,4.179636
2025-01-06,2025-01-10,São José dos Campos,4.163610
2025-01-06,2025-01-10,Araucária,4.157884
2025-01-06,2025-01-10,Canoas,4.144220
2025-01-13,2025-01-17,Manaus,4.209658
2025-01-13,2025-01-17,Itaqui,4.220438
2025-01-13,2025-01-17,Suape,4.185378
2025-01-13,2025-01-17,Aratu,4.224494
2025-01-13,2025-01-17,Santos,4.224340
2025-01-13,2025-01-17,Paranagua,4.245142
2025-01-13,2025-01-17,Tramandai,4.232036
2025-01-13,2025-01-17,Guamaré,4.366380
2025-01-13,2025-01-17,Duque de Caxias,4.435678
2025-01-13,2025-01-17,Betim,4.460010
2025-01-13,2025-01-17,Cubatão,4.264696
2025-01-13,2025-01-17,Mauá,4.285038
2025-01-13,2025-01-17,Paulínia,4.334802
2025-01-13,2025-01-17,São José dos Campos,4.318876
2025-01-13,2025-01-17,Araucária,4.314876
2025-01-13,2025-01-17,Canoas,4.301528
2025-01-20,2025-01-24,Manaus,4.109185
2025-01-20,2025-01-24,Itaqui,4.122040
2025-01-20,2025-01-24,Suape,4.082305
2025-01-20,2025-01-24,Aratu,4.118013
2025-01-20,2025-01-24,Santos,4.127730
2025-01-20,2025-01-24,Paranagua,4.132343
2025-01-20,2025-01-24,Tramandai,4.122758
2025-01-20,2025-01-24,Guamaré,4.260523
2025-01-20,2025-01-24,Duque de Caxias,4.334880
2025-01-20,2025-01-24,Betim,4.359638
2025-01-20,2025-01-24,Cubatão,4.167363
2025-01-20,2025-01-24,Mauá,4.187623
2025-01-20,2025-01-24,Paulínia,4.239498
2025-01-20,2025-01-24,São José dos Campos,4.221373
2025-01-20,2025-01-24,Araucária,4.201408
2025-01-20,2025-01-24,Canoas,4.192633
2025-01-27,2025-01-31,Manaus,3.901336
2025-01-27,2025-01-31,Itaqui,3.915060
2025-01-27,2025-01-31,Suape,3.873814
2025-01-27,2025-01-31,Aratu,3.908420
2025-01-27,2025-01-31,Santos,3.921598
2025-01-27,2025-01-31,Paranagua,3.920774
2025-01-27,2025-01-31,Tramandai,3.912776
2025-01-27,2025-01-31,Guamaré,4.049956
2025-01-27,2025-01-31,Duque de Caxias,4.126026
2025-01-27,2025-01-31,Betim,4.150762
2025-01-27,2025-01-31,Cubatão,3.960734
2025-01-27,2025-01-31,Mauá,3.980836
2025-01-27,2025-01-31,Paulínia,4.033072
2025-01-27,2025-01-31,São José dos Campos,4.014336
2025-01-27,2025-01-31,Araucária,3.989164
2025-01-27,2025-01-31,Canoas,3.982324
2025-02-03,2025-02-07,Manaus,3.884362
2025-02-03,2025-02-07,Itaqui,3.897334
2025-02-03,2025-02-07,Suape,3.856756
2025-02-03,2025-02-07,Aratu,3.890640
2025-02-03,2025-02-07,Santos,3.903672
2025-02-03,2025-02-07,Paranagua,3.902546
2025-02-03,2025-02-07,Tramandai,3.894884
2025-02-03,2025-02-07,Guamaré,4.030262
2025-02-03,2025-02-07,Duque de Caxias,4.105042
2025-02-03,2025-02-07,Betim,4.129408
2025-02-03,2025-02-07,Cubatão,3.942222
2025-02-03,2025-02-07,Mauá,3.962026
2025-02-03,2025-02-07,Paulínia,4.013472
2025-02-03,2025-02-07,São José dos Campos,3.995022
2025-02-03,2025-02-07,Araucária,3.969916
2025-02-03,2025-02-07,Canoas,3.963396
2025-02-10,2025-02-14,Manaus,3.833458
2025-02-10,2025-02-14,Itaqui,3.840918
2025-02-10,2025-02-14,Suape,3.802438
2025-02-10,2025-02-14,Aratu,3.833916
2025-02-10,2025-02-14,Santos,3.846188
2025-02-10,2025-02-14,Paranagua,3.844148
2025-02-10,2025-02-14,Tramandai,3.836898
2025-02-10,2025-02-14,Guamaré,3.975100
2025-02-10,2025-02-14,Duque de Caxias,4.046580
2025-02-10,2025-02-14,Betim,4.070826
2025-02-10,2025-02-14,Cubatão,3.884556
2025-02-10,2025-02-14,Mauá,3.904258
2025-02-10,2025-02-14,Paulínia,3.955460
2025-02-10,2025-02-14,São José dos Campos,3.937094
2025-02-10,2025-02-14,Araucária,3.911192
2025-02-10,2025-02-14,Canoas,3.905076
2025-02-17,2025-02-21,Manaus,3.757080
2025-02-17,2025-02-21,Itaqui,3.766758
2025-02-17,2025-02-21,Suape,3.727088
2025-02-17,2025-02-21,Aratu,3.760175
2025-02-17,2025-02-21,Santos,3.773363
2025-02-17,2025-02-21,Paranagua,3.771783
2025-02-17,2025-02-21,Tramandai,3.765385
2025-02-17,2025-02-21,Guamaré,3.898333
2025-02-17,2025-02-21,Duque de Caxias,3.972108
2025-02-17,2025-02-21,Betim,3.996155
2025-02-17,2025-02-21,Cubatão,3.811410
2025-02-17,2025-02-21,Mauá,3.830955
2025-02-17,2025-02-21,Paulínia,3.881738
2025-02-17,2025-02-21,São José dos Campos,3.863523
2025-02-17,2025-02-21,Araucária,3.838278
2025-02-17,2025-02-21,Canoas,3.833003
2025-02-24,2025-02-28,Manaus,3.688622
2025-02-24,2025-02-28,Itaqui,3.696338
2025-02-24,2025-02-28,Suape,3.657104
2025-02-24,2025-02-28,Aratu,3.689754
2025-02-24,2025-02-28,Santos,3.702896
2025-02-24,2025-02-28,Paranagua,3.701118
2025-02-24,2025-02-28,Tramandai,3.695062
2025-02-24,2025-02-28,Guamaré,3.831246
2025-02-24,2025-02-28,Duque de Caxias,3.905004
2025-02-24,2025-02-28,Betim,3.929458
2025-02-24,2025-02-28,Cubatão,3.741590
2025-02-24,2025-02-28,Mauá,3.761464
2025-02-24,2025-02-28,Paulínia,3.813104
2025-02-24,2025-02-28,São José dos Campos,3.794584
2025-02-24,2025-02-28,Araucária,3.768734
2025-02-24,2025-02-28,Canoas,3.763822
2025-03-03,2025-03-07,Manaus,3.643206
2025-03-03,2025-03-07,Itaqui,3.648298
2025-03-03,2025-03-07,Suape,3.609852
2025-03-03,2025-03-07,Aratu,3.641568
2025-03-03,2025-03-07,Santos,3.654380
2025-03-03,2025-03-07,Paranagua,3.652262
2025-03-03,2025-03-07,Tramandai,3.646252
2025-03-03,2025-03-07,Guamaré,3.786780
2025-03-03,2025-03-07,Duque de Caxias,3.859724
2025-03-03,2025-03-07,Betim,3.884572
2025-03-03,2025-03-07,Cubatão,3.693694
2025-03-03,2025-03-07,Mauá,3.713882
2025-03-03,2025-03-07,Paulínia,3.766354
2025-03-03,2025-03-07,São José dos Campos,3.747534
2025-03-03,2025-03-07,Araucária,3.720962
2025-03-03,2025-03-07,Canoas,3.716116
2025-03-10,2025-03-14,Manaus,3.465104
2025-03-10,2025-03-14,Itaqui,3.468708
2025-03-10,2025-03-14,Suape,3.431360
2025-03-10,2025-03-14,Aratu,3.461756
2025-03-10,2025-03-14,Santos,3.474036
2025-03-10,2025-03-14,Paranagua,3.471458
2025-03-10,2025-03-14,Tramandai,3.465366
2025-03-10,2025-03-14,Guamaré,3.605378
2025-03-10,2025-03-14,Duque de Caxias,3.676004
2025-03-10,2025-03-14,Betim,3.700440
2025-03-10,2025-03-14,Cubatão,3.512702
2025-03-10,2025-03-14,Mauá,3.532562
2025-03-10,2025-03-14,Paulínia,3.584170
2025-03-10,2025-03-14,São José dos Campos,3.565658
2025-03-10,2025-03-14,Araucária,3.539026
2025-03-10,2025-03-14,Canoas,3.534078
2025-03-17,2025-03-21,Manaus,3.464742
2025-03-17,2025-03-21,Itaqui,3.477900
2025-03-17,2025-03-21,Suape,3.436758
2025-03-17,2025-03-21,Aratu,3.471692
2025-03-17,2025-03-21,Santos,3.485716
2025-03-17,2025-03-21,Paranagua,3.484740
2025-03-17,2025-03-21,Tramandai,3.478750
2025-03-17,2025-03-21,Guamaré,3.606942
2025-03-17,2025-03-21,Duque de Caxias,3.683232
2025-03-17,2025-03-21,Betim,3.707128
2025-03-17,2025-03-21,Cubatão,3.523528
2025-03-17,2025-03-21,Mauá,3.542952
2025-03-17,2025-03-21,Paulínia,3.593420
2025-03-17,2025-03-21,São José dos Campos,3.575316
2025-03-17,2025-03-21,Araucária,3.550820
2025-03-17,2025-03-21,Canoas,3.545950
2025-03-24,2025-03-28,Manaus,3.642998
2025-03-24,2025-03-28,Itaqui,3.662954
2025-03-24,2025-03-28,Suape,3.618546
2025-03-24,2025-03-28,Aratu,3.657196
2025-03-24,2025-03-28,Santos,3.672352
2025-03-24,2025-03-28,Paranagua,3.672806
2025-03-24,2025-03-28,Tramandai,3.666064
2025-03-24,2025-03-28,Guamaré,3.790566
2025-03-24,2025-03-28,Duque de Caxias,3.871996
2025-03-24,2025-03-28,Betim,3.896158
2025-03-24,2025-03-28,Cubatão,3.710574
2025-03-24,2025-03-28,Mauá,3.730206
2025-03-24,2025-03-28,Paulínia,3.781218
2025-03-24,2025-03-28,São José dos Campos,3.762920
2025-03-24,2025-03-28,Araucária,3.739596
2025-03-24,2025-03-28,Canoas,3.733990
2025-03-31,2025-04-04,Manaus,3.704900
2025-03-31,2025-04-04,Itaqui,3.728170
2025-03-31,2025-04-04,Suape,3.682366
2025-03-31,2025-04-04,Aratu,3.722702
2025-03-31,2025-04-04,Santos,3.738526
2025-03-31,2025-04-04,Paranagua,3.739564
2025-03-31,2025-04-04,Tramandai,3.732928
2025-03-31,2025-04-04,Guamaré,3.853448
2025-03-31,2025-04-04,Duque de Caxias,3.937084
2025-03-31,2025-04-04,Betim,3.961110
2025-03-31,2025-04-04,Cubatão,3.776538
2025-03-31,2025-04-04,Mauá,3.796062
2025-03-31,2025-04-04,Paulínia,3.846798
2025-03-31,2025-04-04,São José dos Campos,3.828602
2025-03-31,2025-04-04,Araucária,3.805994
2025-03-31,2025-04-04,Canoas,3.800480
2025-04-07,2025-04-11,Manaus,3.478130
2025-04-07,2025-04-11,Itaqui,3.490570
2025-04-07,2025-04-11,Suape,3.448936
2025-04-07,2025-04-11,Aratu,3.484106
2025-04-07,2025-04-11,Santos,3.497670
2025-04-07,2025-04-11,Paranagua,3.496984
2025-04-07,2025-04-11,Tramandai,3.489464
2025-04-07,2025-04-11,Guamaré,3.626106
2025-04-07,2025-04-11,Duque de Caxias,3.703290
2025-04-07,2025-04-11,Betim,3.728174
2025-04-07,2025-04-11,Cubatão,3.537038
2025-04-07,2025-04-11,Mauá,3.557254
2025-04-07,2025-04-11,Paulínia,3.609794
2025-04-07,2025-04-11,São José dos Campos,3.590950
2025-04-07,2025-04-11,Araucária,3.565776
2025-04-07,2025-04-11,Canoas,3.559420
2025-04-14,2025-04-18,Manaus,3.438438
2025-04-14,2025-04-18,Itaqui,3.452505
2025-04-14,2025-04-18,Suape,3.410490
2025-04-14,2025-04-18,Aratu,3.445888
2025-04-14,2025-04-18,Santos,3.459173
2025-04-14,2025-04-18,Paranagua,3.458703
2025-04-14,2025-04-18,Tramandai,3.450170
2025-04-14,2025-04-18,Guamaré,3.586070
2025-04-14,2025-04-18,Duque de Caxias,3.662948
2025-04-14,2025-04-18,Betim,3.687608
2025-04-14,2025-04-18,Cubatão,3.498185
2025-04-14,2025-04-18,Mauá,3.518225
2025-04-14,2025-04-18,Paulínia,3.570290
2025-04-14,2025-04-18,São José dos Campos,3.551615
2025-04-14,2025-04-18,Araucária,3.526875
2025-04-14,2025-04-18,Canoas,3.519500
2025-04-21,2025-04-25,Manaus,3.366502
2025-04-21,2025-04-25,Itaqui,3.377092
2025-04-21,2025-04-25,Suape,3.337058
2025-04-21,2025-04-25,Aratu,3.370418
2025-04-21,2025-04-25,Santos,3.383452
2025-04-21,2025-04-25,Paranagua,3.382064
2025-04-21,2025-04-25,Tramandai,3.374960
2025-04-21,2025-04-25,Guamaré,3.508592
2025-04-21,2025-04-25,Duque de Caxias,3.582530
2025-04-21,2025-04-25,Betim,3.606620
2025-04-21,2025-04-25,Cubatão,3.421564
2025-04-21,2025-04-25,Mauá,3.441142
2025-04-21,2025-04-25,Paulínia,3.492010
2025-04-21,2025-04-25,São José dos Campos,3.473764
2025-04-21,2025-04-25,Araucária,3.448668
2025-04-21,2025-04-25,Canoas,3.442694
2025-04-28,2025-05-02,Manaus,3.271884
2025-04-28,2025-05-02,Itaqui,3.283520
2025-04-28,2025-05-02,Suape,3.243246
2025-04-28,2025-05-02,Aratu,3.276954
2025-04-28,2025-05-02,Santos,3.290210
2025-04-28,2025-05-02,Paranagua,3.288916
2025-04-28,2025-05-02,Tramandai,3.282072
2025-04-28,2025-05-02,Guamaré,3.412856
2025-04-28,2025-05-02,Duque de Caxias,3.487064
2025-04-28,2025-05-02,Betim,3.510884
2025-04-28,2025-05-02,Cubatão,3.327900
2025-04-28,2025-05-02,Mauá,3.347258
2025-04-28,2025-05-02,Paulínia,3.397554
2025-04-28,2025-05-02,São José dos Campos,3.379514
2025-04-28,2025-05-02,Araucária,3.354770
2025-04-28,2025-05-02,Canoas,3.349046
2025-05-05,2025-05-09,Manaus,3.164480
2025-05-05,2025-05-09,Itaqui,3.174680
2025-05-05,2025-05-09,Suape,3.134940
2025-05-05,2025-05-09,Aratu,3.167978
2025-05-05,2025-05-09,Santos,3.180930
2025-05-05,2025-05-09,Paranagua,3.179416
2025-05-05,2025-05-09,Tramandai,3.172422
2025-05-05,2025-05-09,Guamaré,3.305540
2025-05-05,2025-05-09,Duque de Caxias,3.378928
2025-05-05,2025-05-09,Betim,3.402886
2025-05-05,2025-05-09,Cubatão,3.218836
2025-05-05,2025-05-09,Mauá,3.238304
2025-05-05,2025-05-09,Paulínia,3.288898
2025-05-05,2025-05-09,São José dos Campos,3.270752
2025-05-05,2025-05-09,Araucária,3.245652
2025-05-05,2025-05-09,Canoas,3.239786
2025-05-12,2025-05-16,Manaus,3.307628
2025-05-12,2025-05-16,Itaqui,3.313440
2025-05-12,2025-05-16,Suape,3.275740
2025-05-12,2025-05-16,Aratu,3.306506
2025-05-12,2025-05-16,Santos,3.318848
2025-05-12,2025-05-16,Paranagua,3.316430
2025-05-12,2025-05-16,Tramandai,3.310124
2025-05-12,2025-05-16,Guamaré,3.445378
2025-05-12,2025-05-16,Duque de Caxias,3.515730
2025-05-12,2025-05-16,Betim,3.539554
2025-05-12,2025-05-16,Cubatão,3.356540
2025-05-12,2025-05-16,Mauá,3.375902
2025-05-12,2025-05-16,Paulínia,3.426208
2025-05-12,2025-05-16,São José dos Campos,3.408166
2025-05-12,2025-05-16,Araucária,3.382296
2025-05-12,2025-05-16,Canoas,3.377106
2025-05-19,2025-05-23,Manaus,3.266474
2025-05-19,2025-05-23,Itaqui,3.271764
2025-05-19,2025-05-23,Suape,3.234326
2025-05-19,2025-05-23,Aratu,3.264804
2025-05-19,2025-05-23,Santos,3.277068
2025-05-19,2025-05-23,Paranagua,3.274532
2025-05-19,2025-05-23,Tramandai,3.268322
2025-05-19,2025-05-23,Guamaré,3.403726
2025-05-19,2025-05-23,Duque de Caxias,3.473668
2025-05-19,2025-05-23,Betim,3.497458
2025-05-19,2025-05-23,Cubatão,3.314708
2025-05-19,2025-05-23,Mauá,3.334040
2025-05-19,2025-05-23,Paulínia,3.384274
2025-05-19,2025-05-23,São José dos Campos,3.366256
2025-05-19,2025-05-23,Araucária,3.340306
2025-05-19,2025-05-23,Canoas,3.335212
2025-05-26,2025-05-30,Manaus,3.231953
2025-05-26,2025-05-30,Itaqui,3.246573
2025-05-26,2025-05-30,Suape,3.204785
2025-05-26,2025-05-30,Aratu,3.240445
2025-05-26,2025-05-30,Santos,3.254685
2025-05-26,2025-05-30,Paranagua,3.253993
2025-05-26,2025-05-30,Tramandai,3.247830
2025-05-26,2025-05-30,Guamaré,3.374980
2025-05-26,2025-05-30,Duque de Caxias,3.452213
2025-05-26,2025-05-30,Betim,3.476110
2025-05-26,2025-05-30,Cubatão,3.292500
2025-05-26,2025-05-30,Mauá,3.311923
2025-05-26,2025-05-30,Paulínia,3.362395
2025-05-26,2025-05-30,São José dos Campos,3.344293
2025-05-26,2025-05-30,Araucária,3.320075
2025-05-26,2025-05-30,Canoas,3.315033
2025-06-02,2025-06-06,Manaus,3.180180
2025-06-02,2025-06-06,Itaqui,3.191876
2025-06-02,2025-06-06,Suape,3.151662
2025-06-02,2025-06-06,Aratu,3.185398
2025-06-02,2025-06-06,Santos,3.198826
2025-06-02,2025-06-06,Paranagua,3.197482
2025-06-02,2025-06-06,Tramandai,3.191078
2025-06-02,2025-06-06,Guamaré,3.320320
2025-06-02,2025-06-06,Duque de Caxias,3.394566
2025-06-02,2025-06-06,Betim,3.418254
2025-06-02,2025-06-06,Cubatão,3.236300
2025-06-02,2025-06-06,Mauá,3.255546
2025-06-02,2025-06-06,Paulínia,3.305560
2025-06-02,2025-06-06,São José dos Campos,3.287624
2025-06-02,2025-06-06,Araucária,3.262964
2025-06-02,2025-06-06,Canoas,3.257672
2025-06-09,2025-06-13,Manaus,3.270816
2025-06-09,2025-06-13,Itaqui,3.284254
2025-06-09,2025-06-13,Suape,3.243612
2025-06-09,2025-06-13,Aratu,3.277776
2025-06-09,2025-06-13,Santos,3.291236
2025-06-09,2025-06-13,Paranagua,3.290090
2025-06-09,2025-06-13,Tramandai,3.283330
2025-06-09,2025-06-13,Guamaré,3.410074
2025-06-09,2025-06-13,Duque de Caxias,3.484430
2025-06-09,2025-06-13,Betim,3.507810
2025-06-09,2025-06-13,Cubatão,3.328224
2025-06-09,2025-06-13,Mauá,3.347218
2025-06-09,2025-06-13,Paulínia,3.396586
2025-06-09,2025-06-13,São José dos Campos,3.378876
2025-06-09,2025-06-13,Araucária,3.354726
2025-06-09,2025-06-13,Canoas,3.349058
2025-06-16,2025-06-20,Manaus,3.622258
2025-06-16,2025-06-20,Itaqui,3.643928
2025-06-16,2025-06-20,Suape,3.599878
2025-06-16,2025-06-20,Aratu,3.637858
2025-06-16,2025-06-20,Santos,3.652375
2025-06-16,2025-06-20,Paranagua,3.652733
2025-06-16,2025-06-20,Tramandai,3.644918
2025-06-16,2025-06-20,Guamaré,3.764883
2025-06-16,2025-06-20,Duque de Caxias,3.843880
2025-06-16,2025-06-20,Betim,3.867053
2025-06-16,2025-06-20,Cubatão,3.689038
2025-06-16,2025-06-20,Mauá,3.707870
2025-06-16,2025-06-20,Paulínia,3.756800
2025-06-16,2025-06-20,São José dos Campos,3.739253
2025-06-16,2025-06-20,Araucária,3.716800
2025-06-16,2025-06-20,Canoas,3.710073
2025-06-23,2025-06-27,Manaus,3.561228
2025-06-23,2025-06-27,Itaqui,3.623988
2025-06-23,2025-06-27,Suape,3.574274
2025-06-23,2025-06-27,Aratu,3.613988
2025-06-23,2025-06-27,Santos,3.621216
2025-06-23,2025-06-27,Paranagua,3.625150
2025-06-23,2025-06-27,Tramandai,3.612156
2025-06-23,2025-06-27,Guamaré,3.739442
2025-06-23,2025-06-27,Duque de Caxias,3.812910
2025-06-23,2025-06-27,Betim,3.836106
2025-06-23,2025-06-27,Cubatão,3.657914
2025-06-23,2025-06-27,Mauá,3.676766
2025-06-23,2025-06-27,Paulínia,3.725748
2025-06-23,2025-06-27,São José dos Campos,3.708180
2025-06-23,2025-06-27,Araucária,3.689284
2025-06-23,2025-06-27,Canoas,3.677372
2025-06-30,2025-07-04,Manaus,3.430353
2025-06-30,2025-07-04,Itaqui,3.490548
2025-06-30,2025-07-04,Suape,3.442368
2025-06-30,2025-07-04,Aratu,3.480548
2025-06-30,2025-07-04,Santos,3.487660
2025-06-30,2025-07-04,Paranagua,3.490875
2025-06-30,2025-07-04,Tramandai,3.479528
2025-06-30,2025-07-04,Guamaré,3.605398
2025-06-30,2025-07-04,Duque de Caxias,3.676868
2025-06-30,2025-07-04,Betim,3.699763
2025-06-30,2025-07-04,Cubatão,3.523880
2025-06-30,2025-07-04,Mauá,3.542488
2025-06-30,2025-07-04,Paulínia,3.590835
2025-06-30,2025-07-04,São José dos Campos,3.573495
2025-06-30,2025-07-04,Araucária,3.554173
2025-06-30,2025-07-04,Canoas,3.543898
2025-07-07,2025-07-11,Manaus,3.491394
2025-07-07,2025-07-11,Itaqui,3.525308
2025-07-07,2025-07-11,Suape,3.484512
2025-07-07,2025-07-11,Aratu,3.515308
2025-07-07,2025-07-11,Santos,3.521864
2025-07-07,2025-07-11,Paranagua,3.521620
2025-07-07,2025-07-11,Tramandai,3.510662
2025-07-07,2025-07-11,Guamaré,3.649422
2025-07-07,2025-07-11,Duque de Caxias,3.713258
2025-07-07,2025-07-11,Betim,3.736418
2025-07-07,2025-07-11,Cubatão,3.558506
2025-07-07,2025-07-11,Mauá,3.577328
2025-07-07,2025-07-11,Paulínia,3.626232
2025-07-07,2025-07-11,São José dos Campos,3.608690
2025-07-07,2025-07-11,Araucária,3.585650
2025-07-07,2025-07-11,Canoas,3.575778
2025-07-14,2025-07-18,Manaus,3.553388
2025-07-14,2025-07-18,Itaqui,3.578836
2025-07-14,2025-07-18,Suape,3.540334
2025-07-14,2025-07-18,Aratu,3.568836
2025-07-14,2025-07-18,Santos,3.575218
2025-07-14,2025-07-18,Paranagua,3.573894
2025-07-14,2025-07-18,Tramandai,3.563196
2025-07-14,2025-07-18,Guamaré,3.707364
2025-07-14,2025-07-18,Duque de Caxias,3.769072
2025-07-14,2025-07-18,Betim,3.792530
2025-07-14,2025-07-18,Cubatão,3.612330
2025-07-14,2025-07-18,Mauá,3.631394
2025-07-14,2025-07-18,Paulínia,3.680928
2025-07-14,2025-07-18,São José dos Campos,3.663160
2025-07-14,2025-07-18,Araucária,3.638748
2025-07-14,2025-07-18,Canoas,3.629150
2025-07-21,2025-07-25,Manaus,3.549434
2025-07-21,2025-07-25,Itaqui,3.582890
2025-07-21,2025-07-25,Suape,3.542072
2025-07-21,2025-07-25,Aratu,3.572890
2025-07-21,2025-07-25,Santos,3.579448
2025-07-21,2025-07-25,Paranagua,3.579214
2025-07-21,2025-07-25,Tramandai,3.568200
2025-07-21,2025-07-25,Guamaré,3.708418
2025-07-21,2025-07-25,Duque de Caxias,3.772514
2025-07-21,2025-07-25,Betim,3.795872
2025-07-21,2025-07-25,Cubatão,3.616412
2025-07-21,2025-07-25,Mauá,3.635396
2025-07-21,2025-07-25,Paulínia,3.684724
2025-07-21,2025-07-25,São José dos Campos,3.667032
2025-07-21,2025-07-25,Araucária,3.643804
2025-07-21,2025-07-25,Canoas,3.633886
2025-07-28,2025-08-01,Manaus,3.534142
2025-07-28,2025-08-01,Itaqui,3.573900
2025-07-28,2025-08-01,Suape,3.531306
2025-07-28,2025-08-01,Aratu,3.563900
2025-07-28,2025-08-01,Santos,3.570594
2025-07-28,2025-08-01,Paranagua,3.571188
2025-07-28,2025-08-01,Tramandai,3.560458
2025-07-28,2025-08-01,Guamaré,3.698782
2025-07-28,2025-08-01,Duque de Caxias,3.764966
2025-07-28,2025-08-01,Betim,3.788484
2025-07-28,2025-08-01,Cubatão,3.607804
2025-07-28,2025-08-01,Mauá,3.626918
2025-07-28,2025-08-01,Paulínia,3.676584
2025-07-28,2025-08-01,São José dos Campos,3.658770
2025-07-28,2025-08-01,Araucária,3.636214
2025-07-28,2025-08-01,Canoas,3.626586
2025-08-04,2025-08-08,Manaus,3.333980
2025-08-04,2025-08-08,Itaqui,3.384962
2025-08-04,2025-08-08,Suape,3.339636
2025-08-04,2025-08-08,Aratu,3.374962
2025-08-04,2025-08-08,Santos,3.381858
2025-08-04,2025-08-08,Paranagua,3.383738
2025-08-04,2025-08-08,Tramandai,3.373338
2025-08-04,2025-08-08,Guamaré,3.503732
2025-08-04,2025-08-08,Duque de Caxias,3.572310
2025-08-04,2025-08-08,Betim,3.595356
2025-08-04,2025-08-08,Cubatão,3.418320
2025-08-04,2025-08-08,Mauá,3.437048
2025-08-04,2025-08-08,Paulínia,3.485714
2025-08-04,2025-08-08,São José dos Campos,3.468258
2025-08-04,2025-08-08,Araucária,3.447454
2025-08-04,2025-08-08,Canoas,3.438130
2025-08-11,2025-08-15,Manaus,3.225788
2025-08-11,2025-08-15,Itaqui,3.257814
2025-08-11,2025-08-15,Suape,3.217672
2025-08-11,2025-08-15,Aratu,3.247814
2025-08-11,2025-08-15,Santos,3.254324
2025-08-11,2025-08-15,Paranagua,3.253768
2025-08-11,2025-08-15,Tramandai,3.242502
2025-08-11,2025-08-15,Guamaré,3.379838
2025-08-11,2025-08-15,Duque de Caxias,3.442526
2025-08-11,2025-08-15,Betim,3.465302
2025-08-11,2025-08-15,Cubatão,3.290354
2025-08-11,2025-08-15,Mauá,3.308862
2025-08-11,2025-08-15,Paulínia,3.356952
2025-08-11,2025-08-15,São José dos Campos,3.339700
2025-08-11,2025-08-15,Araucária,3.316730
2025-08-11,2025-08-15,Canoas,3.306534
2025-08-18,2025-08-22,Manaus,3.305828
2025-08-18,2025-08-22,Itaqui,3.356316
2025-08-18,2025-08-22,Suape,3.311162
2025-08-18,2025-08-22,Aratu,3.346316
2025-08-18,2025-08-22,Santos,3.353200
2025-08-18,2025-08-22,Paranagua,3.354998
2025-08-18,2025-08-22,Tramandai,3.344568
2025-08-18,2025-08-22,Guamaré,3.474810
2025-08-18,2025-08-22,Duque de Caxias,3.543132
2025-08-18,2025-08-22,Betim,3.566114
2025-08-18,2025-08-22,Cubatão,3.389564
2025-08-18,2025-08-22,Mauá,3.408240
2025-08-18,2025-08-22,Paulínia,3.456768
2025-08-18,2025-08-22,São José dos Campos,3.439364
2025-08-18,2025-08-22,Araucária,3.418538
2025-08-18,2025-08-22,Canoas,3.409188
2025-08-25,2025-08-29,Manaus,3.389454
2025-08-25,2025-08-29,Itaqui,3.458798
2025-08-25,2025-08-29,Suape,3.408252
2025-08-25,2025-08-29,Aratu,3.448798
2025-08-25,2025-08-29,Santos,3.456084
2025-08-25,2025-08-29,Paranagua,3.460408
2025-08-25,2025-08-29,Tramandai,3.449514
2025-08-25,2025-08-29,Guamaré,3.570770
2025-08-25,2025-08-29,Duque de Caxias,3.644704
2025-08-25,2025-08-29,Betim,3.667526
2025-08-25,2025-08-29,Cubatão,3.492194
2025-08-25,2025-08-29,Mauá,3.510744
2025-08-25,2025-08-29,Paulínia,3.558938
2025-08-25,2025-08-29,São José dos Campos,3.541648
2025-08-25,2025-08-29,Araucária,3.523510
2025-08-25,2025-08-29,Canoas,3.513686
2025-09-01,2025-09-05,Manaus,3.397608
2025-09-01,2025-09-05,Itaqui,3.444123
2025-09-01,2025-09-05,Suape,3.399603
2025-09-01,2025-09-05,Aratu,3.434123
2025-09-01,2025-09-05,Santos,3.440963
2025-09-01,2025-09-05,Paranagua,3.442463
2025-09-01,2025-09-05,Tramandai,3.430645
2025-09-01,2025-09-05,Guamaré,3.562820
2025-09-01,2025-09-05,Duque de Caxias,3.630390
2025-09-01,2025-09-05,Betim,3.653310
2025-09-01,2025-09-05,Cubatão,3.477225
2025-09-01,2025-09-05,Mauá,3.495853
2025-09-01,2025-09-05,Paulínia,3.544255
2025-09-01,2025-09-05,São José dos Campos,3.526895
2025-09-01,2025-09-05,Araucária,3.505835
2025-09-01,2025-09-05,Canoas,3.495093
2025-09-08,2025-09-12,Manaus,3.355390
2025-09-08,2025-09-12,Itaqui,3.396060
2025-09-08,2025-09-12,Suape,3.353782
2025-09-08,2025-09-12,Aratu,3.386060
2025-09-08,2025-09-12,Santos,3.392728
2025-09-08,2025-09-12,Paranagua,3.393180
2025-09-08,2025-09-12,Tramandai,3.382646
2025-09-08,2025-09-12,Guamaré,3.515696
2025-09-08,2025-09-12,Duque de Caxias,3.580648
2025-09-08,2025-09-12,Betim,3.603386
2025-09-08,2025-09-12,Cubatão,3.428704
2025-09-08,2025-09-12,Mauá,3.447188
2025-09-08,2025-09-12,Paulínia,3.495202
2025-09-08,2025-09-12,São José dos Campos,3.477980
2025-09-08,2025-09-12,Araucária,3.456046
2025-09-08,2025-09-12,Canoas,3.446580
2025-09-15,2025-09-19,Manaus,3.340954
2025-09-15,2025-09-19,Itaqui,3.373780
2025-09-15,2025-09-19,Suape,3.333596
2025-09-15,2025-09-19,Aratu,3.363780
2025-09-15,2025-09-19,Santos,3.370294
2025-09-15,2025-09-19,Paranagua,3.369760
2025-09-15,2025-09-19,Tramandai,3.358248
2025-09-15,2025-09-19,Guamaré,3.492712
2025-09-15,2025-09-19,Duque de Caxias,3.554966
2025-09-15,2025-09-19,Betim,3.577308
2025-09-15,2025-09-19,Cubatão,3.405648
2025-09-15,2025-09-19,Mauá,3.423806
2025-09-15,2025-09-19,Paulínia,3.470990
2025-09-15,2025-09-19,São José dos Campos,3.454066
2025-09-15,2025-09-19,Araucária,3.431538
2025-09-15,2025-09-19,Canoas,3.421080
2025-09-22,2025-09-26,Manaus,3.393816
2025-09-22,2025-09-26,Itaqui,3.435456
2025-09-22,2025-09-26,Suape,3.393142
2025-09-22,2025-09-26,Aratu,3.425456
2025-09-22,2025-09-26,Santos,3.432126
2025-09-22,2025-09-26,Paranagua,3.432590
2025-09-22,2025-09-26,Tramandai,3.422196
2025-09-22,2025-09-26,Guamaré,3.552946
2025-09-22,2025-09-26,Duque de Caxias,3.617592
2025-09-22,2025-09-26,Betim,3.640036
2025-09-22,2025-09-26,Cubatão,3.467632
2025-09-22,2025-09-26,Mauá,3.485870
2025-09-22,2025-09-26,Paulínia,3.533260
2025-09-22,2025-09-26,São José dos Campos,3.516266
2025-09-22,2025-09-26,Araucária,3.494636
2025-09-22,2025-09-26,Canoas,3.485294
2025-09-29,2025-10-03,Manaus,3.463580
2025-09-29,2025-10-03,Itaqui,3.522298
2025-09-29,2025-10-03,Suape,3.474622
2025-09-29,2025-10-03,Aratu,3.512298
2025-09-29,2025-10-03,Santos,3.519374
2025-09-29,2025-10-03,Paranagua,3.522348
2025-09-29,2025-10-03,Tramandai,3.510476
2025-09-29,2025-10-03,Guamaré,3.634422
2025-09-29,2025-10-03,Duque de Caxias,3.704828
2025-09-29,2025-10-03,Betim,3.727268
2025-09-29,2025-10-03,Cubatão,3.554878
2025-09-29,2025-10-03,Mauá,3.573112
2025-09-29,2025-10-03,Paulínia,3.620502
2025-09-29,2025-10-03,São José dos Campos,3.603502
2025-09-29,2025-10-03,Araucária,3.584392
2025-09-29,2025-10-03,Canoas,3.573574
2025-10-06,2025-10-10,Manaus,3.411232
2025-10-06,2025-10-10,Itaqui,3.458184
2025-10-06,2025-10-10,Suape,3.413732
2025-10-06,2025-10-10,Aratu,3.448184
2025-10-06,2025-10-10,Santos,3.455018
2025-10-06,2025-10-10,Paranagua,3.456486
2025-10-06,2025-10-10,Tramandai,3.444712
2025-10-06,2025-10-10,Guamaré,3.574954
2025-10-06,2025-10-10,Duque de Caxias,3.642132
2025-10-06,2025-10-10,Betim,3.664772
2025-10-06,2025-10-10,Cubatão,3.490842
2025-10-06,2025-10-10,Mauá,3.509240
2025-10-06,2025-10-10,Paulínia,3.557050
2025-10-06,2025-10-10,São José dos Campos,3.539902
2025-10-06,2025-10-10,Araucária,3.519084
2025-10-06,2025-10-10,Canoas,3.508372
2025-10-13,2025-10-17,Manaus,3.414124
2025-10-13,2025-10-17,Itaqui,3.478450
2025-10-13,2025-10-17,Suape,3.428754
2025-10-13,2025-10-17,Aratu,3.468450
2025-10-13,2025-10-17,Santos,3.475676
2025-10-13,2025-10-17,Paranagua,3.479596
2025-10-13,2025-10-17,Tramandai,3.467378
2025-10-13,2025-10-17,Guamaré,3.592018
2025-10-13,2025-10-17,Duque de Caxias,3.665156
2025-10-13,2025-10-17,Betim,3.688084
2025-10-13,2025-10-17,Cubatão,3.511950
2025-10-13,2025-10-17,Mauá,3.530580
2025-10-13,2025-10-17,Paulínia,3.579000
2025-10-13,2025-10-17,São José dos Campos,3.561632
2025-10-13,2025-10-17,Araucária,3.542990
2025-10-13,2025-10-17,Canoas,3.531844
2025-10-20,2025-10-24,Manaus,3.354840
2025-10-20,2025-10-24,Itaqui,3.402728
2025-10-20,2025-10-24,Suape,3.357682
2025-10-20,2025-10-24,Aratu,3.392728
2025-10-20,2025-10-24,Santos,3.399602
2025-10-20,2025-10-24,Paranagua,3.401348
2025-10-20,2025-10-24,Tramandai,3.388768
2025-10-20,2025-10-24,Guamaré,3.519210
2025-10-20,2025-10-24,Duque de Caxias,3.587070
2025-10-20,2025-10-24,Betim,3.609752
2025-10-20,2025-10-24,Cubatão,3.435494
2025-10-20,2025-10-24,Mauá,3.453930
2025-10-20,2025-10-24,Paulínia,3.501828
2025-10-20,2025-10-24,São José dos Campos,3.484646
2025-10-20,2025-10-24,Araucária,3.464066
2025-10-20,2025-10-24,Canoas,3.452550
2025-10-27,2025-10-31,Manaus,3.563412
2025-10-27,2025-10-31,Itaqui,3.606866
2025-10-27,2025-10-31,Suape,3.562996
2025-10-27,2025-10-31,Aratu,3.596866
2025-10-27,2025-10-31,Santos,3.603654
2025-10-27,2025-10-31,Paranagua,3.604850
2025-10-27,2025-10-31,Tramandai,3.591918
2025-10-27,2025-10-31,Guamaré,3.723924
2025-10-27,2025-10-31,Duque de Caxias,3.790430
2025-10-27,2025-10-31,Betim,3.813030
2025-10-27,2025-10-31,Cubatão,3.639414
2025-10-27,2025-10-31,Mauá,3.657778
2025-10-27,2025-10-31,Paulínia,3.705500
2025-10-27,2025-10-31,São José dos Campos,3.688382
2025-10-27,2025-10-31,Araucária,3.667334
2025-10-27,2025-10-31,Canoas,3.655462
2025-11-03,2025-11-07,Manaus,3.523780
2025-11-03,2025-11-07,Itaqui,3.553926
2025-11-03,2025-11-07,Suape,3.514568
2025-11-03,2025-11-07,Aratu,3.543926
2025-11-03,2025-11-07,Santos,3.550380
2025-11-03,2025-11-07,Paranagua,3.549458
2025-11-03,2025-11-07,Tramandai,3.538508
2025-11-03,2025-11-07,Guamaré,3.675294
2025-11-03,2025-11-07,Duque de Caxias,3.736912
2025-11-03,2025-11-07,Betim,3.759486
2025-11-03,2025-11-07,Cubatão,3.586090
2025-11-03,2025-11-07,Mauá,3.604432
2025-11-03,2025-11-07,Paulínia,3.652094
2025-11-03,2025-11-07,São José dos Campos,3.635000
2025-11-03,2025-11-07,Araucária,3.611862
2025-11-03,2025-11-07,Canoas,3.601970
2025-11-10,2025-11-14,Manaus,3.528640
2025-11-10,2025-11-14,Itaqui,3.576622
2025-11-10,2025-11-14,Suape,3.531428
2025-11-10,2025-11-14,Aratu,3.566622
2025-11-10,2025-11-14,Santos,3.573510
2025-11-10,2025-11-14,Paranagua,3.575326
2025-11-10,2025-11-14,Tramandai,3.561754
2025-11-10,2025-11-14,Guamaré,3.690150
2025-11-10,2025-11-14,Duque de Caxias,3.757722
2025-11-10,2025-11-14,Betim,3.780014
2025-11-10,2025-11-14,Cubatão,3.608776
2025-11-10,2025-11-14,Mauá,3.626890
2025-11-10,2025-11-14,Paulínia,3.673962
2025-11-10,2025-11-14,São José dos Campos,3.657078
2025-11-10,2025-11-14,Araucária,3.636954
2025-11-10,2025-11-14,Canoas,3.624424
2025-11-17,2025-11-21,Manaus,3.581368
2025-11-17,2025-11-21,Itaqui,3.627890
2025-11-17,2025-11-21,Suape,3.583264
2025-11-17,2025-11-21,Aratu,3.617890
2025-11-17,2025-11-21,Santos,3.624734
2025-11-17,2025-11-21,Paranagua,3.626282
2025-11-17,2025-11-21,Tramandai,3.613480
2025-11-17,2025-11-21,Guamaré,3.743456
2025-11-17,2025-11-21,Duque de Caxias,3.810652
2025-11-17,2025-11-21,Betim,3.833152
2025-11-17,2025-11-21,Cubatão,3.660328
2025-11-17,2025-11-21,Mauá,3.678610
2025-11-17,2025-11-21,Paulínia,3.726116
2025-11-17,2025-11-21,São José dos Campos,3.709074
2025-11-17,2025-11-21,Araucária,3.688482
2025-11-17,2025-11-21,Canoas,3.676732
2025-11-24,2025-11-28,Manaus,3.453530
2025-11-24,2025-11-28,Itaqui,3.501143
2025-11-24,2025-11-28,Suape,3.456647
2025-11-24,2025-11-28,Aratu,3.491143
2025-11-24,2025-11-28,Santos,3.497977
2025-11-24,2025-11-28,Paranagua,3.499467
2025-11-24,2025-11-28,Tramandai,3.488003
2025-11-24,2025-11-28,Guamaré,3.617633
2025-11-24,2025-11-28,Duque de Caxias,3.684817
2025-11-24,2025-11-28,Betim,3.707423
2025-11-24,2025-11-28,Cubatão,3.533750
2025-11-24,2025-11-28,Mauá,3.552120
2025-11-24,2025-11-28,Paulínia,3.599860
2025-11-24,2025-11-28,São José dos Campos,3.582740
2025-11-24,2025-11-28,Araucária,3.561973
2025-11-24,2025-11-28,Canoas,3.551570
2025-12-01,2025-12-05,Manaus,3.282604
2025-12-01,2025-12-05,Itaqui,3.327794
2025-12-01,2025-12-05,Suape,3.283874
2025-12-01,2025-12-05,Aratu,3.317794
2025-12-01,2025-12-05,Santos,3.324588
2025-12-01,2025-12-05,Paranagua,3.325806
2025-12-01,2025-12-05,Tramandai,3.313950
2025-12-01,2025-12-05,Guamaré,3.444394
2025-12-01,2025-12-05,Duque de Caxias,3.510888
2025-12-01,2025-12-05,Betim,3.533432
2025-12-01,2025-12-05,Cubatão,3.360254
2025-12-01,2025-12-05,Mauá,3.378572
2025-12-01,2025-12-05,Paulínia,3.426176
2025-12-01,2025-12-05,São José dos Campos,3.409102
2025-12-01,2025-12-05,Araucária,3.388136
2025-12-01,2025-12-05,Canoas,3.377336
2025-12-08,2025-12-12,Manaus,3.244588
2025-12-08,2025-12-12,Itaqui,3.285720
2025-12-08,2025-12-12,Suape,3.242550
2025-12-08,2025-12-12,Aratu,3.275720
2025-12-08,2025-12-12,Santos,3.282462
2025-12-08,2025-12-12,Paranagua,3.283330
2025-12-08,2025-12-12,Tramandai,3.270990
2025-12-08,2025-12-12,Guamaré,3.405424
2025-12-08,2025-12-12,Duque de Caxias,3.471490
2025-12-08,2025-12-12,Betim,3.494364
2025-12-08,2025-12-12,Cubatão,3.318650
2025-12-08,2025-12-12,Mauá,3.337238
2025-12-08,2025-12-12,Paulínia,3.385538
2025-12-08,2025-12-12,São José dos Campos,3.368212
2025-12-08,2025-12-12,Araucária,3.346568
2025-12-08,2025-12-12,Canoas,3.335304
2025-12-15,2025-12-19,Manaus,3.124150
2025-12-15,2025-12-19,Itaqui,3.163382
2025-12-15,2025-12-19,Suape,3.120682
2025-12-15,2025-12-19,Aratu,3.153382
2025-12-15,2025-12-19,Santos,3.160084
2025-12-15,2025-12-19,Paranagua,3.160730
2025-12-15,2025-12-19,Tramandai,3.148650
2025-12-15,2025-12-19,Guamaré,3.285348
2025-12-15,2025-12-19,Duque de Caxias,3.351196
2025-12-15,2025-12-19,Betim,3.374322
2025-12-15,2025-12-19,Cubatão,3.196672
2025-12-15,2025-12-19,Mauá,3.215464
2025-12-15,2025-12-19,Paulínia,3.264298
2025-12-15,2025-12-19,São José dos Campos,3.246780
2025-12-15,2025-12-19,Araucária,3.224664
2025-12-15,2025-12-19,Canoas,3.213668
2025-12-22,2025-12-26,Manaus,3.191123
2025-12-22,2025-12-26,Itaqui,3.223543
2025-12-22,2025-12-26,Suape,3.183080
2025-12-22,2025-12-26,Aratu,3.213543
2025-12-22,2025-12-26,Santos,3.220080
2025-12-22,2025-12-26,Paranagua,3.219677
2025-12-22,2025-12-26,Tramandai,3.208800
2025-12-22,2025-12-26,Guamaré,3.349383
2025-12-22,2025-12-26,Duque de Caxias,3.413090
2025-12-22,2025-12-26,Betim,3.436443
2025-12-22,2025-12-26,Cubatão,3.257033
2025-12-22,2025-12-26,Mauá,3.276010
2025-12-22,2025-12-26,Paulínia,3.325330
2025-12-22,2025-12-26,São José dos Campos,3.307640
2025-12-22,2025-12-26,Araucária,3.284250
2025-12-22,2025-12-26,Canoas,3.274467
2025-12-29,2026-01-02,Manaus,3.163005
2025-12-29,2026-01-02,Itaqui,3.194115
2025-12-29,2026-01-02,Suape,3.154050
2025-12-29,2026-01-02,Aratu,3.184115
2025-12-29,2026-01-02,Santos,3.190615
2025-12-29,2026-01-02,Paranagua,3.190023
2025-12-29,2026-01-02,Tramandai,3.178935
2025-12-29,2026-01-02,Guamaré,3.319020
2025-12-29,2026-01-02,Duque de Caxias,3.382078
2025-12-29,2026-01-02,Betim,3.405243
2025-12-29,2026-01-02,Cubatão,3.227270
2025-12-29,2026-01-02,Mauá,3.246098
2025-12-29,2026-01-02,Paulínia,3.295018
2025-12-29,2026-01-02,São José dos Campos,3.277473
2025-12-29,2026-01-02,Araucária,3.254078
2025-12-29,2026-01-02,Canoas,3.244070
2026-01-05,2026-01-09,Manaus,3.069780
2026-01-05,2026-01-09,Itaqui,3.112676
2026-01-05,2026-01-09,Suape,3.069538
2026-01-05,2026-01-09,Aratu,3.102676
2026-01-05,2026-01-09,Santos,3.109410
2026-01-05,2026-01-09,Paranagua,3.110260
2026-01-05,2026-01-09,Tramandai,3.099002
2026-01-05,2026-01-09,Guamaré,3.231010
2026-01-05,2026-01-09,Duque de Caxias,3.296816
2026-01-05,2026-01-09,Betim,3.319492
2026-01-05,2026-01-09,Cubatão,3.145288
2026-01-05,2026-01-09,Mauá,3.163716
2026-01-05,2026-01-09,Paulínia,3.211602
2026-01-05,2026-01-09,São José dos Campos,3.194426
2026-01-05,2026-01-09,Araucária,3.172956
2026-01-05,2026-01-09,Canoas,3.162766
2026-01-12,2026-01-16,Manaus,3.265570
2026-01-12,2026-01-16,Itaqui,3.310526
2026-01-12,2026-01-16,Suape,3.266510
2026-01-12,2026-01-16,Aratu,3.300526
2026-01-12,2026-01-16,Santos,3.307326
2026-01-12,2026-01-16,Paranagua,3.308590
2026-01-12,2026-01-16,Tramandai,3.296472
2026-01-12,2026-01-16,Guamaré,3.427696
2026-01-12,2026-01-16,Duque de Caxias,3.494398
2026-01-12,2026-01-16,Betim,3.517036
2026-01-12,2026-01-16,Cubatão,3.343138
2026-01-12,2026-01-16,Mauá,3.361536
2026-01-12,2026-01-16,Paulínia,3.409336
2026-01-12,2026-01-16,São José dos Campos,3.392190
2026-01-12,2026-01-16,Araucária,3.371172
2026-01-12,2026-01-16,Canoas,3.360116
2026-01-19,2026-01-23,Manaus,3.313360
2026-01-19,2026-01-23,Itaqui,3.348670
2026-01-19,2026-01-23,Suape,3.307995
2026-01-19,2026-01-23,Aratu,3.338670
2026-01-19,2026-01-23,Santos,3.345218
2026-01-19,2026-01-23,Paranagua,3.344913
2026-01-19,2026-01-23,Tramandai,3.334040
2026-01-19,2026-01-23,Guamaré,3.467423
2026-01-19,2026-01-23,Duque de Caxias,3.530248
2026-01-19,2026-01-23,Betim,3.552638
2026-01-19,2026-01-23,Cubatão,3.380640
2026-01-19,2026-01-23,Mauá,3.398833
2026-01-19,2026-01-23,Paulínia,3.446115
2026-01-19,2026-01-23,São José dos Campos,3.429158
2026-01-19,2026-01-23,Araucária,3.406815
2026-01-19,2026-01-23,Canoas,3.396993
2026-01-26,2026-01-30,Manaus,3.464238
2026-01-26,2026-01-30,Itaqui,3.510620
2026-01-26,2026-01-30,Suape,3.466850
2026-01-26,2026-01-30,Aratu,3.500620
2026-01-26,2026-01-30,Santos,3.507402
2026-01-26,2026-01-30,Paranagua,3.508550
2026-01-26,2026-01-30,Tramandai,3.497102
2026-01-26,2026-01-30,Guamaré,3.623602
2026-01-26,2026-01-30,Duque de Caxias,3.689328
2026-01-26,2026-01-30,Betim,3.711340
2026-01-26,2026-01-30,Cubatão,3.542234
2026-01-26,2026-01-30,Mauá,3.560122
2026-01-26,2026-01-30,Paulínia,3.606606
2026-01-26,2026-01-30,São José dos Campos,3.589930
2026-01-26,2026-01-30,Araucária,3.569412
2026-01-26,2026-01-30,Canoas,3.558994
2026-02-02,2026-02-06,Manaus,3.575566
2026-02-02,2026-02-06,Itaqui,3.653390
2026-02-02,2026-02-06,Suape,3.600556
2026-02-02,2026-02-06,Aratu,3.643390
2026-02-02,2026-02-06,Santos,3.650852
2026-02-02,2026-02-06,Paranagua,3.656250
2026-02-02,2026-02-06,Tramandai,3.644378
2026-02-02,2026-02-06,Guamaré,3.757874
2026-02-02,2026-02-06,Duque de Caxias,3.833434
2026-02-02,2026-02-06,Betim,3.855528
2026-02-02,2026-02-06,Cubatão,3.685810
2026-02-02,2026-02-06,Mauá,3.703760
2026-02-02,2026-02-06,Paulínia,3.750412
2026-02-02,2026-02-06,São José dos Campos,3.733680
2026-02-02,2026-02-06,Araucária,3.717332
2026-02-02,2026-02-06,Canoas,3.706498
2026-02-09,2026-02-13,Manaus,3.477726
2026-02-09,2026-02-13,Itaqui,3.547496
2026-02-09,2026-02-13,Suape,3.497132
2026-02-09,2026-02-13,Aratu,3.537496
2026-02-09,2026-02-13,Santos,3.544770
2026-02-09,2026-02-13,Paranagua,3.549010
2026-02-09,2026-02-13,Tramandai,3.537372
2026-02-09,2026-02-13,Guamaré,3.653150
2026-02-09,2026-02-13,Duque de Caxias,3.725846
2026-02-09,2026-02-13,Betim,3.747756
2026-02-09,2026-02-13,Cubatão,3.579436
2026-02-09,2026-02-13,Mauá,3.597242
2026-02-09,2026-02-13,Paulínia,3.643508
2026-02-09,2026-02-13,São José dos Campos,3.626912
2026-02-09,2026-02-13,Araucária,3.609588
2026-02-09,2026-02-13,Canoas,3.598978
2026-02-16,2026-02-20,Manaus,3.532010
2026-02-16,2026-02-20,Itaqui,3.595443
2026-02-16,2026-02-20,Suape,3.546573
2026-02-16,2026-02-20,Aratu,3.585443
2026-02-16,2026-02-20,Santos,3.592608
2026-02-16,2026-02-20,Paranagua,3.596143
2026-02-16,2026-02-20,Tramandai,3.583838
2026-02-16,2026-02-20,Guamaré,3.703028
2026-02-16,2026-02-20,Duque de Caxias,3.774183
2026-02-16,2026-02-20,Betim,3.796155
2026-02-16,2026-02-20,Cubatão,3.627368
2026-02-16,2026-02-20,Mauá,3.645220
2026-02-16,2026-02-20,Paulínia,3.691618
2026-02-16,2026-02-20,São José dos Campos,3.674978
2026-02-16,2026-02-20,Araucária,3.656890
2026-02-16,2026-02-20,Canoas,3.645615
2026-02-23,2026-02-27,Manaus,3.553654
2026-02-23,2026-02-27,Itaqui,3.624274
2026-02-23,2026-02-27,Suape,3.573314
2026-02-23,2026-02-27,Aratu,3.614274
2026-02-23,2026-02-27,Santos,3.621596
2026-02-23,2026-02-27,Paranagua,3.626116
2026-02-23,2026-02-27,Tramandai,3.613120
2026-02-23,2026-02-27,Guamaré,3.727592
2026-02-23,2026-02-27,Duque de Caxias,3.800648
2026-02-23,2026-02-27,Betim,3.822318
2026-02-23,2026-02-27,Cubatão,3.655878
2026-02-23,2026-02-27,Mauá,3.673482
2026-02-23,2026-02-27,Paulínia,3.719232
2026-02-23,2026-02-27,São José dos Campos,3.702824
2026-02-23,2026-02-27,Araucária,3.686020
2026-02-23,2026-02-27,Canoas,3.674040
2026-03-02,2026-03-06,Manaus,4.928006
2026-03-02,2026-03-06,Itaqui,5.053382
2026-03-02,2026-03-06,Suape,4.988148
2026-03-02,2026-03-06,Aratu,5.043382
2026-03-02,2026-03-06,Santos,5.051774
2026-03-02,2026-03-06,Paranagua,5.062984
2026-03-02,2026-03-06,Tramandai,5.053704
2026-03-02,2026-03-06,Guamaré,5.145188
2026-03-02,2026-03-06,Duque de Caxias,5.234032
2026-03-02,2026-03-06,Betim,5.256086
2026-03-02,2026-03-06,Cubatão,5.086664
2026-03-02,2026-03-06,Mauá,5.104588
2026-03-02,2026-03-06,Paulínia,5.151158
2026-03-02,2026-03-06,São José dos Campos,5.134454
2026-03-02,2026-03-06,Araucária,5.123958
2026-03-02,2026-03-06,Canoas,5.115712
2026-03-09,2026-03-13,Manaus,5.874038
2026-03-09,2026-03-13,Itaqui,6.009558
2026-03-09,2026-03-13,Suape,5.940330
2026-03-09,2026-03-13,Aratu,5.999558
2026-03-09,2026-03-13,Santos,6.008248
2026-03-09,2026-03-13,Paranagua,6.021334
2026-03-09,2026-03-13,Tramandai,6.008948
2026-03-09,2026-03-13,Guamaré,6.097044
2026-03-09,2026-03-13,Duque de Caxias,6.190124
2026-03-09,2026-03-13,Betim,6.212134
2026-03-09,2026-03-13,Cubatão,6.043068
2026-03-09,2026-03-13,Mauá,6.060954
2026-03-09,2026-03-13,Paulínia,6.107426
2026-03-09,2026-03-13,São José dos Campos,6.090758
2026-03-09,2026-03-13,Araucária,6.082180
2026-03-09,2026-03-13,Canoas,6.070824
2026-03-16,2026-03-20,Manaus,6.416654
2026-03-16,2026-03-20,Itaqui,6.572678
2026-03-16,2026-03-20,Suape,6.498464
2026-03-16,2026-03-20,Aratu,6.562678
2026-03-16,2026-03-20,Santos,6.571746
2026-03-16,2026-03-20,Paranagua,6.587166
2026-03-16,2026-03-20,Tramandai,6.576958
2026-03-16,2026-03-20,Guamaré,6.655526
2026-03-16,2026-03-20,Duque de Caxias,6.754026
2026-03-16,2026-03-20,Betim,6.776082
2026-03-16,2026-03-20,Cubatão,6.606640
2026-03-16,2026-03-20,Mauá,6.624562
2026-03-16,2026-03-20,Paulínia,6.671138
2026-03-16,2026-03-20,São José dos Campos,6.654434
2026-03-16,2026-03-20,Araucária,6.648150
2026-03-16,2026-03-20,Canoas,6.638976
2026-03-23,2026-03-27,Manaus,6.794038
2026-03-23,2026-03-27,Itaqui,6.974332
2026-03-23,2026-03-27,Suape,6.891398
2026-03-23,2026-03-27,Aratu,6.964332
2026-03-23,2026-03-27,Santos,6.974050
2026-03-23,2026-03-27,Paranagua,6.993560
2026-03-23,2026-03-27,Tramandai,6.978430
2026-03-23,2026-03-27,Guamaré,7.048858
2026-03-23,2026-03-27,Duque de Caxias,7.156796
2026-03-23,2026-03-27,Betim,7.178912
2026-03-23,2026-03-27,Cubatão,7.009036
2026-03-23,2026-03-27,Mauá,7.027004
2026-03-23,2026-03-27,Paulínia,7.073702
2026-03-23,2026-03-27,São José dos Campos,7.056952
2026-03-23,2026-03-27,Araucária,7.054700
2026-03-23,2026-03-27,Canoas,7.040606
2026-03-30,2026-04-03,Manaus,7.016663
2026-03-30,2026-04-03,Itaqui,7.172713
2026-03-30,2026-04-03,Suape,7.096525
2026-03-30,2026-04-03,Aratu,7.162713
2026-03-30,2026-04-03,Santos,7.171925
2026-03-30,2026-04-03,Paranagua,7.188273
2026-03-30,2026-04-03,Tramandai,7.172523
2026-03-30,2026-04-03,Guamaré,7.252305
2026-03-30,2026-04-03,Duque de Caxias,7.352720
2026-03-30,2026-04-03,Betim,7.374598
2026-03-30,2026-04-03,Cubatão,7.206540
2026-03-30,2026-04-03,Mauá,7.224315
2026-03-30,2026-04-03,Paulínia,7.270513
2026-03-30,2026-04-03,São José dos Campos,7.253943
2026-03-30,2026-04-03,Araucária,7.248758
2026-03-30,2026-04-03,Canoas,7.234033
2026-04-06,2026-04-10,Manaus,6.974426
2026-04-06,2026-04-10,Itaqui,7.073208
2026-04-06,2026-04-10,Suape,6.987444
2026-04-06,2026-04-10,Aratu,7.063208
2026-04-06,2026-04-10,Santos,7.073138
2026-04-06,2026-04-10,Paranagua,7.093978
2026-04-06,2026-04-10,Tramandai,7.079754
2026-04-06,2026-04-10,Guamaré,7.140580
2026-04-06,2026-04-10,Duque de Caxias,7.250864
2026-04-06,2026-04-10,Betim,7.272370
2026-04-06,2026-04-10,Cubatão,7.107160
2026-04-06,2026-04-10,Mauá,7.124640
2026-04-06,2026-04-10,Paulínia,7.170052
2026-04-06,2026-04-10,São José dos Campos,7.153764
2026-04-06,2026-04-10,Araucária,7.153436
2026-04-06,2026-04-10,Canoas,7.140222
2026-04-13,2026-04-17,Manaus,6.329908
2026-04-13,2026-04-17,Itaqui,6.252312
2026-04-13,2026-04-17,Suape,6.165828
2026-04-13,2026-04-17,Aratu,6.242312
2026-04-13,2026-04-17,Santos,6.252294
2026-04-13,2026-04-17,Paranagua,6.273472
2026-04-13,2026-04-17,Tramandai,6.262902
2026-04-13,2026-04-17,Guamaré,6.315678
2026-04-13,2026-04-17,Duque de Caxias,6.426212
2026-04-13,2026-04-17,Betim,6.447256
2026-04-13,2026-04-17,Cubatão,6.285592
2026-04-13,2026-04-17,Mauá,6.302690
2026-04-13,2026-04-17,Paulínia,6.347132
2026-04-13,2026-04-17,São José dos Campos,6.331192
2026-04-13,2026-04-17,Araucária,6.331656
2026-04-13,2026-04-17,Canoas,6.322072
2026-04-20,2026-04-24,Manaus,6.026962
2026-04-20,2026-04-24,Itaqui,5.964140
2026-04-20,2026-04-24,Suape,5.890816
2026-04-20,2026-04-24,Aratu,5.954140
2026-04-20,2026-04-24,Santos,5.963134
2026-04-20,2026-04-24,Paranagua,5.978142
2026-04-20,2026-04-24,Tramandai,5.961554
2026-04-20,2026-04-24,Guamaré,6.040458
2026-04-20,2026-04-24,Duque de Caxias,6.136812
2026-04-20,2026-04-24,Betim,6.157828
2026-04-20,2026-04-24,Cubatão,5.996384
2026-04-20,2026-04-24,Mauá,6.013464
2026-04-20,2026-04-24,Paulínia,6.057842
2026-04-20,2026-04-24,São José dos Campos,6.041924
2026-04-20,2026-04-24,Araucária,6.036244
2026-04-20,2026-04-24,Canoas,6.020644
2026-04-27,2026-05-01,Manaus,6.230656
2026-04-27,2026-05-01,Itaqui,6.169106
2026-04-27,2026-05-01,Suape,6.098104
2026-04-27,2026-05-01,Aratu,6.159106
2026-04-27,2026-05-01,Santos,6.167928
2026-04-27,2026-05-01,Paranagua,6.181850
2026-04-27,2026-05-01,Tramandai,6.166136
2026-04-27,2026-05-01,Guamaré,6.247832
2026-04-27,2026-05-01,Duque de Caxias,6.341698
2026-04-27,2026-05-01,Betim,6.362724
2026-04-27,2026-05-01,Cubatão,6.201196
2026-04-27,2026-05-01,Mauá,6.218286
2026-04-27,2026-05-01,Paulínia,6.262684
2026-04-27,2026-05-01,São José dos Campos,6.246760
2026-04-27,2026-05-01,Araucária,6.239982
2026-04-27,2026-05-01,Canoas,6.225258
2026-05-04,2026-05-08,Manaus,5.597342
2026-05-04,2026-05-08,Itaqui,5.549658
2026-05-04,2026-05-08,Suape,5.494128
2026-05-04,2026-05-08,Aratu,5.539658
2026-05-04,2026-05-08,Santos,5.547320
2026-05-04,2026-05-08,Paranagua,5.553982
2026-05-04,2026-05-08,Tramandai,5.537080
2026-05-04,2026-05-08,Guamaré,5.642280
2026-05-04,2026-05-08,Duque de Caxias,5.719264
2026-05-04,2026-05-08,Betim,5.740072
2026-05-04,2026-05-08,Cubatão,5.580238
2026-05-04,2026-05-08,Mauá,5.597144
2026-05-04,2026-05-08,Paulínia,5.641080
2026-05-04,2026-05-08,São José dos Campos,5.625322
2026-05-04,2026-05-08,Araucária,5.611506
2026-05-04,2026-05-08,Canoas,5.595576
2026-05-11,2026-05-15,Manaus,5.498074
2026-05-11,2026-05-15,Itaqui,5.458744
2026-05-11,2026-05-15,Suape,5.417392
2026-05-11,2026-05-15,Aratu,5.448744
2026-05-11,2026-05-15,Santos,5.455346
2026-05-11,2026-05-15,Paranagua,5.455358
2026-05-11,2026-05-15,Tramandai,5.442604
2026-05-11,2026-05-15,Guamaré,5.566834
2026-05-11,2026-05-15,Duque de Caxias,5.628788
2026-05-11,2026-05-15,Betim,5.649778
2026-05-11,2026-05-15,Cubatão,5.488550
2026-05-11,2026-05-15,Mauá,5.505606
2026-05-11,2026-05-15,Paulínia,5.549924
2026-05-11,2026-05-15,São José dos Campos,5.534030
2026-05-11,2026-05-15,Araucária,5.513388
2026-05-11,2026-05-15,Canoas,5.501614
2026-05-18,2026-05-22,Manaus,5.460730
2026-05-18,2026-05-22,Itaqui,5.421502
2026-05-18,2026-05-22,Suape,5.381062
2026-05-18,2026-05-22,Aratu,5.411502
2026-05-18,2026-05-22,Santos,5.418032
2026-05-18,2026-05-22,Paranagua,5.417620
2026-05-18,2026-05-22,Tramandai,5.405220
2026-05-18,2026-05-22,Guamaré,5.531806
2026-05-18,2026-05-22,Duque de Caxias,5.592982
2026-05-18,2026-05-22,Betim,5.614152
2026-05-18,2026-05-22,Cubatão,5.451524
2026-05-18,2026-05-22,Mauá,5.468732
2026-05-18,2026-05-22,Paulínia,5.513434
2026-05-18,2026-05-22,São José dos Campos,5.497398
2026-05-18,2026-05-22,Araucária,5.476148
2026-05-18,2026-05-22,Canoas,5.464742
2026-05-25,2026-05-29,Manaus,4.999623
2026-05-25,2026-05-29,Itaqui,4.957158
2026-05-25,2026-05-29,Suape,4.912238
2026-05-25,2026-05-29,Aratu,4.947158
2026-05-25,2026-05-29,Santos,4.954028
2026-05-25,2026-05-29,Paranagua,4.955713
2026-05-25,2026-05-29,Tramandai,4.942333
2026-05-25,2026-05-29,Guamaré,5.063768
2026-05-25,2026-05-29,Duque de Caxias,5.129893
2026-05-25,2026-05-29,Betim,5.151170
2026-05-25,2026-05-29,Cubatão,4.987695
2026-05-25,2026-05-29,Mauá,5.004985
2026-05-25,2026-05-29,Paulínia,5.049925
2026-05-25,2026-05-29,São José dos Campos,5.033808
2026-05-25,2026-05-29,Araucária,5.014548
2026-05-25,2026-05-29,Canoas,5.002168
2026-06-01,2026-06-05,Manaus,5.229574
2026-06-01,2026-06-05,Itaqui,5.182094
2026-06-01,2026-06-05,Suape,5.129392
2026-06-01,2026-06-05,Aratu,5.172094
2026-06-01,2026-06-05,Santos,5.179548
2026-06-01,2026-06-05,Paranagua,5.184886
2026-06-01,2026-06-05,Tramandai,5.169212
2026-06-01,2026-06-05,Guamaré,5.281608
2026-06-01,2026-06-05,Duque de Caxias,5.356210
2026-06-01,2026-06-05,Betim,5.377586
2026-06-01,2026-06-05,Cubatão,5.213366
2026-06-01,2026-06-05,Mauá,5.230740
2026-06-01,2026-06-05,Paulínia,5.275880
2026-06-01,2026-06-05,São José dos Campos,5.259690
2026-06-01,2026-06-05,Araucária,5.243986
2026-06-01,2026-06-05,Canoas,5.229316
2026-06-08,2026-06-12,Manaus,5.126980
2026-06-08,2026-06-12,Itaqui,5.077382
2026-06-08,2026-06-12,Suape,5.022608
2026-06-08,2026-06-12,Aratu,5.067382
2026-06-08,2026-06-12,Santos,5.074990
2026-06-08,2026-06-12,Paranagua,5.081300
2026-06-08,2026-06-12,Tramandai,5.065152
2026-06-08,2026-06-12,Guamaré,5.177220
2026-06-08,2026-06-12,Duque de Caxias,5.254430
2026-06-08,2026-06-12,Betim,5.276142
2026-06-08,2026-06-12,Cubatão,5.109344
2026-06-08,2026-06-12,Mauá,5.126988
2026-06-08,2026-06-12,Paulínia,5.172838
2026-06-08,2026-06-12,São José dos Campos,5.156394
2026-06-08,2026-06-12,Araucária,5.141330
2026-06-08,2026-06-12,Canoas,5.126202
2026-06-15,2026-06-19,Manaus,4.444918
2026-06-15,2026-06-19,Itaqui,4.402588
2026-06-15,2026-06-19,Suape,4.357760
2026-06-15,2026-06-19,Aratu,4.392588
2026-06-15,2026-06-19,Santos,4.399448
2026-06-15,2026-06-19,Paranagua,4.401090
2026-06-15,2026-06-19,Tramandai,4.386728
2026-06-15,2026-06-19,Guamaré,4.511213
2026-06-15,2026-06-19,Duque de Caxias,4.577543
2026-06-15,2026-06-19,Betim,4.599095
2026-06-15,2026-06-19,Cubatão,4.433545
2026-06-15,2026-06-19,Mauá,4.451058
2026-06-15,2026-06-19,Paulínia,4.496560
2026-06-15,2026-06-19,São José dos Campos,4.480240
2026-06-15,2026-06-19,Araucária,4.460673
2026-06-15,2026-06-19,Canoas,4.447318
2026-06-22,2026-06-26,Manaus,4.291342
2026-06-22,2026-06-26,Itaqui,4.250300
2026-06-22,2026-06-26,Suape,4.209718
2026-06-22,2026-06-26,Aratu,4.240300
2026-06-22,2026-06-26,Santos,4.246842
2026-06-22,2026-06-26,Paranagua,4.246492
2026-06-22,2026-06-26,Tramandai,4.234358
2026-06-22,2026-06-26,Guamaré,4.365382
2026-06-22,2026-06-26,Duque de Caxias,4.427504
2026-06-22,2026-06-26,Betim,4.449368
2026-06-22,2026-06-26,Cubatão,4.281430
2026-06-22,2026-06-26,Mauá,4.299194
2026-06-22,2026-06-26,Paulínia,4.345358
2026-06-22,2026-06-26,São José dos Campos,4.328800
2026-06-22,2026-06-26,Araucária,4.306936
2026-06-22,2026-06-26,Canoas,4.295826
2026-06-29,2026-07-03,Manaus,4.428823
2026-06-29,2026-07-03,Itaqui,4.381863
2026-06-29,2026-07-03,Suape,4.333318
2026-06-29,2026-07-03,Aratu,4.371863
2026-06-29,2026-07-03,Santos,4.379005
2026-06-29,2026-07-03,Paranagua,4.382390
2026-06-29,2026-07-03,Tramandai,4.369215
2026-06-29,2026-07-03,Guamaré,4.489323
2026-06-29,2026-07-03,Duque de Caxias,4.560063
2026-06-29,2026-07-03,Betim,4.581968
2026-06-29,2026-07-03,Cubatão,4.413668
2026-06-29,2026-07-03,Mauá,4.431468
2026-06-29,2026-07-03,Paulínia,4.477733
2026-06-29,2026-07-03,São José dos Campos,4.461138
2026-06-29,2026-07-03,Araucária,4.442965
2026-06-29,2026-07-03,Canoas,4.430815
2026-07-06,2026-07-10,Manaus,4.617740
2026-07-06,2026-07-10,Itaqui,4.568526
2026-07-06,2026-07-10,Suape,4.515272
2026-07-06,2026-07-10,Aratu,4.558526
2026-07-06,2026-07-10,Santos,4.566020
2026-07-06,2026-07-10,Paranagua,4.571610
2026-07-06,2026-07-10,Tramandai,4.556896
2026-07-06,2026-07-10,Guamaré,4.669616
2026-07-06,2026-07-10,Duque de Caxias,4.745150
2026-07-06,2026-07-10,Betim,4.766824
2026-07-06,2026-07-10,Cubatão,4.600312
2026-07-06,2026-07-10,Mauá,4.617928
2026-07-06,2026-07-10,Paulínia,4.663700
2026-07-06,2026-07-10,São José dos Campos,4.647282
2026-07-06,2026-07-10,Araucária,4.631538
2026-07-06,2026-07-10,Canoas,4.617842
2026-07-13,2026-07-17,Manaus,5.265370
2026-07-13,2026-07-17,Itaqui,5.219066
2026-07-13,2026-07-17,Suape,5.167982
2026-07-13,2026-07-17,Aratu,5.209066
2026-07-13,2026-07-17,Santos,5.216396
2026-07-13,2026-07-17,Paranagua,5.220974
2026-07-13,2026-07-17,Tramandai,5.205000
2026-07-13,2026-07-17,Guamaré,5.321326
2026-07-13,2026-07-17,Duque de Caxias,5.394368
2026-07-13,2026-07-17,Betim,5.415904
2026-07-13,2026-07-17,Cubatão,5.250466
2026-07-13,2026-07-17,Mauá,5.267970
2026-07-13,2026-07-17,Paulínia,5.313444
2026-07-13,2026-07-17,São José dos Campos,5.297132
2026-07-13,2026-07-17,Araucária,5.280514
2026-07-13,2026-07-17,Canoas,5.265548
2026-07-20,2026-07-24,Manaus,5.555260
2026-07-20,2026-07-24,Itaqui,5.507556
2026-07-20,2026-07-24,Suape,5.456768
2026-07-20,2026-07-24,Aratu,5.497556
2026-07-20,2026-07-24,Santos,5.504864
2026-07-20,2026-07-24,Paranagua,5.509302
2026-07-20,2026-07-24,Tramandai,5.496104
2026-07-20,2026-07-24,Guamaré,5.609408
2026-07-20,2026-07-24,Duque de Caxias,5.682016
2026-07-20,2026-07-24,Betim,5.703454
2026-07-20,2026-07-24,Cubatão,5.538780
2026-07-20,2026-07-24,Mauá,5.556198
2026-07-20,2026-07-24,Paulínia,5.601462
2026-07-20,2026-07-24,São José dos Campos,5.585228
2026-07-20,2026-07-24,Araucária,5.568570
2026-07-20,2026-07-24,Canoas,5.556372
2026-07-27,2026-07-31,Manaus,5.689268
2026-07-27,2026-07-31,Itaqui,5.639640
2026-07-27,2026-07-31,Suape,5.585574
2026-07-27,2026-07-31,Aratu,5.629640
2026-07-27,2026-07-31,Santos,5.637194
2026-07-27,2026-07-31,Paranagua,5.643164
2026-07-27,2026-07-31,Tramandai,5.628552
2026-07-27,2026-07-31,Guamaré,5.738908
2026-07-27,2026-07-31,Duque de Caxias,5.815148
2026-07-27,2026-07-31,Betim,5.836680
2026-07-27,2026-07-31,Cubatão,5.671260
2026-07-27,2026-07-31,Mauá,5.688760
2026-07-27,2026-07-31,Paulínia,5.734230
2026-07-27,2026-07-31,São José dos Campos,5.717920
2026-07-27,2026-07-31,Araucária,5.702702
2026-07-27,2026-07-31,Canoas,5.689098
