semana_inicio,semana_fim,terminal,preco
2018-11-05,2018-11-09,Itaqui,2.249686
2018-11-05,2018-11-09,Suape,2.250400
2018-11-05,2018-11-09,Aratu,2.264426
2018-11-05,2018-11-09,Santos,2.299988
2018-11-05,2018-11-09,Paranagua,2.281410
2018-11-12,2018-11-16,Itaqui,2.159192
2018-11-12,2018-11-16,Suape,2.160458
2018-11-12,2018-11-16,Aratu,2.174492
2018-11-12,2018-11-16,Santos,2.210074
2018-11-12,2018-11-16,Paranagua,2.191472
2018-11-17,2018-11-21,Itaqui,2.103863
2018-11-17,2018-11-21,Suape,2.102917
2018-11-17,2018-11-21,Aratu,2.119167
2018-11-17,2018-11-21,Santos,2.158400
2018-11-17,2018-11-21,Paranagua,2.140837
2018-11-26,2018-11-30,Itaqui,1.990058
2018-11-26,2018-11-30,Suape,1.988348
2018-11-26,2018-11-30,Aratu,2.005388
2018-11-26,2018-11-30,Santos,2.045942
2018-11-26,2018-11-30,Paranagua,2.028652
2018-12-03,2018-12-07,Itaqui,1.993900
2018-12-03,2018-12-07,Suape,1.988500
2018-12-03,2018-12-07,Aratu,2.009200
2018-12-03,2018-12-07,Santos,2.055900
2018-12-03,2018-12-07,Paranagua,2.040400
2018-12-10,2018-12-14,Itaqui,1.981700
2018-12-10,2018-12-14,Suape,1.975900
2018-12-10,2018-12-14,Aratu,1.997000
2018-12-10,2018-12-14,Santos,2.044300
2018-12-10,2018-12-14,Paranagua,2.028900
2018-12-17,2018-12-21,Itaqui,1.874776
2018-12-17,2018-12-21,Suape,1.873470
2018-12-17,2018-12-21,Aratu,1.890108
2018-12-17,2018-12-21,Santos,1.929994
2018-12-17,2018-12-21,Paranagua,1.912502
2018-12-24,2018-12-28,Itaqui,1.746813
2018-12-24,2018-12-28,Suape,1.769660
2018-12-24,2018-12-28,Aratu,1.777288
2018-12-24,2018-12-28,Santos,1.797946
2018-12-24,2018-12-28,Paranagua,1.778232
2018-12-31,2019-01-04,Itaqui,1.719510
2018-12-31,2019-01-04,Suape,1.721637
2018-12-31,2019-01-04,Aratu,1.734710
2018-12-31,2019-01-04,Santos,1.770437
2018-12-31,2019-01-04,Paranagua,1.752157
2019-01-07,2019-01-11,Itaqui,1.811598
2019-01-07,2019-01-11,Suape,1.814008
2019-01-07,2019-01-11,Aratu,1.826780
2019-01-07,2019-01-11,Santos,1.860204
2019-01-07,2019-01-11,Paranagua,1.841488
2019-01-14,2019-01-18,Itaqui,1.883856
2019-01-14,2019-01-18,Suape,1.887634
2019-01-14,2019-01-18,Aratu,1.899030
2019-01-14,2019-01-18,Santos,1.930178
2019-01-14,2019-01-18,Paranagua,1.910842
2019-01-21,2019-01-25,Itaqui,1.935590
2019-01-21,2019-01-25,Suape,1.939797
2019-01-21,2019-01-25,Aratu,1.950767
2019-01-21,2019-01-25,Santos,1.981210
2019-01-21,2019-01-25,Paranagua,1.961673
2019-01-28,2019-02-01,Itaqui,1.891414
2019-01-28,2019-02-01,Suape,1.895774
2019-01-28,2019-02-01,Aratu,1.906568
2019-01-28,2019-02-01,Santos,1.936704
2019-01-28,2019-02-01,Paranagua,1.917180
2019-02-04,2019-02-08,Itaqui,1.892024
2019-02-04,2019-02-08,Suape,1.897364
2019-02-04,2019-02-08,Aratu,1.907164
2019-02-04,2019-02-08,Santos,1.935652
2019-02-04,2019-02-08,Paranagua,1.915712
2019-02-11,2019-02-15,Itaqui,1.954706
2019-02-11,2019-02-15,Suape,1.956934
2019-02-11,2019-02-15,Aratu,1.969888
2019-02-11,2019-02-15,Santos,2.003598
2019-02-11,2019-02-15,Paranagua,1.984972
2019-02-18,2019-02-22,Itaqui,2.047955
2019-02-18,2019-02-22,Suape,2.049952
2019-02-18,2019-02-22,Aratu,2.063185
2019-02-18,2019-02-22,Santos,2.097398
2019-02-18,2019-02-22,Paranagua,2.078710
2019-02-25,2019-03-01,Itaqui,2.050548
2019-02-25,2019-03-01,Suape,2.053478
2019-02-25,2019-03-01,Aratu,2.065766
2019-02-25,2019-03-01,Santos,2.098406
2019-02-25,2019-03-01,Paranagua,2.079326
2019-03-04,2019-03-08,Itaqui,2.081228
2019-03-04,2019-03-08,Suape,2.085672
2019-03-04,2019-03-08,Aratu,2.096394
2019-03-04,2019-03-08,Santos,2.126416
2019-03-04,2019-03-08,Paranagua,2.106802
2019-03-11,2019-03-15,Itaqui,2.057962
2019-03-11,2019-03-15,Suape,2.063016
2019-03-11,2019-03-15,Aratu,2.073092
2019-03-11,2019-03-15,Santos,2.102020
2019-03-11,2019-03-15,Paranagua,2.082248
2019-03-18,2019-03-22,Itaqui,2.070446
2019-03-18,2019-03-22,Suape,2.073480
2019-03-18,2019-03-22,Aratu,2.085650
2019-03-18,2019-03-22,Santos,2.118090
2019-03-18,2019-03-22,Paranagua,2.099008
2019-03-25,2019-03-29,Itaqui,2.122366
2019-03-25,2019-03-29,Suape,2.124728
2019-03-25,2019-03-29,Aratu,2.137594
2019-03-25,2019-03-29,Santos,2.171202
2019-03-25,2019-03-29,Paranagua,2.152344
2019-04-01,2019-04-05,Itaqui,2.117398
2019-04-01,2019-04-05,Suape,2.119816
2019-04-01,2019-04-05,Aratu,2.132618
2019-04-01,2019-04-05,Santos,2.166100
2019-04-01,2019-04-05,Paranagua,2.147260
2019-04-08,2019-04-12,Itaqui,2.159338
2019-04-08,2019-04-12,Suape,2.162688
2019-04-08,2019-04-12,Aratu,2.174548
2019-04-08,2019-04-12,Santos,2.206476
2019-04-08,2019-04-12,Paranagua,2.187232
2019-04-14,2019-04-18,Itaqui,2.185443
2019-04-14,2019-04-18,Suape,2.189757
2019-04-14,2019-04-18,Aratu,2.200665
2019-04-14,2019-04-18,Santos,2.231040
2019-04-14,2019-04-18,Paranagua,2.211292
2019-04-22,2019-04-26,Itaqui,2.242507
2019-04-22,2019-04-26,Suape,2.246855
2019-04-22,2019-04-26,Aratu,2.257723
2019-04-22,2019-04-26,Santos,2.288007
2019-04-22,2019-04-26,Paranagua,2.268283
2019-04-29,2019-05-03,Itaqui,2.207388
2019-04-29,2019-05-03,Suape,2.211970
2019-04-29,2019-05-03,Aratu,2.222570
2019-04-29,2019-05-03,Santos,2.252405
2019-04-29,2019-05-03,Paranagua,2.232678
2019-05-06,2019-05-10,Itaqui,2.222525
2019-05-06,2019-05-10,Suape,2.225805
2019-05-06,2019-05-10,Aratu,2.237713
2019-05-06,2019-05-10,Santos,2.269707
2019-05-06,2019-05-10,Paranagua,2.250570
2019-05-13,2019-05-17,Itaqui,2.243478
2019-05-13,2019-05-17,Suape,2.246445
2019-05-13,2019-05-17,Aratu,2.258707
2019-05-13,2019-05-17,Santos,2.291305
2019-05-13,2019-05-17,Paranagua,2.272172
2019-05-20,2019-05-24,Itaqui,2.292170
2019-05-20,2019-05-24,Suape,2.295218
2019-05-20,2019-05-24,Aratu,2.307410
2019-05-20,2019-05-24,Santos,2.339905
2019-05-20,2019-05-24,Paranagua,2.320700
2019-05-27,2019-05-31,Itaqui,2.125478
2019-05-27,2019-05-31,Suape,2.129122
2019-05-27,2019-05-31,Aratu,2.140690
2019-05-27,2019-05-31,Santos,2.172142
2019-05-27,2019-05-31,Paranagua,2.152745
2019-06-03,2019-06-07,Itaqui,1.919408
2019-06-03,2019-06-07,Suape,1.924288
2019-06-03,2019-06-07,Aratu,1.934562
2019-06-03,2019-06-07,Santos,1.963836
2019-06-03,2019-06-07,Paranagua,1.944068
2019-06-10,2019-06-14,Itaqui,1.896020
2019-06-10,2019-06-14,Suape,1.901162
2019-06-10,2019-06-14,Aratu,1.911160
2019-06-10,2019-06-14,Santos,1.939974
2019-06-10,2019-06-14,Paranagua,1.920130
2019-06-17,2019-06-21,Itaqui,1.933200
2019-06-17,2019-06-21,Suape,1.936800
2019-06-17,2019-06-21,Aratu,1.948400
2019-06-17,2019-06-21,Santos,1.979900
2019-06-17,2019-06-21,Paranagua,1.960600
2019-06-24,2019-06-28,Itaqui,2.026300
2019-06-24,2019-06-28,Suape,2.028800
2019-06-24,2019-06-28,Aratu,2.041500
2019-06-24,2019-06-28,Santos,2.074900
2019-06-24,2019-06-28,Paranagua,2.055900
2019-07-01,2019-07-05,Itaqui,2.020300
2019-07-01,2019-07-05,Suape,2.022700
2019-07-01,2019-07-05,Aratu,2.035500
2019-07-01,2019-07-05,Santos,2.069000
2019-07-01,2019-07-05,Paranagua,2.050100
2019-07-08,2019-07-12,Itaqui,1.979100
2019-07-08,2019-07-12,Suape,1.983600
2019-07-08,2019-07-12,Aratu,1.994300
2019-07-08,2019-07-12,Santos,2.024200
2019-07-08,2019-07-12,Paranagua,2.004600
2019-07-15,2019-07-19,Itaqui,1.948800
2019-07-15,2019-07-19,Suape,1.953000
2019-07-15,2019-07-19,Aratu,1.963900
2019-07-15,2019-07-19,Santos,1.992200
2019-07-15,2019-07-19,Paranagua,1.971700
2019-07-22,2019-07-26,Itaqui,1.961800
2019-07-22,2019-07-26,Suape,1.963700
2019-07-22,2019-07-26,Aratu,1.977000
2019-07-22,2019-07-26,Santos,2.007000
2019-07-22,2019-07-26,Paranagua,1.986400
2019-07-29,2019-08-02,Itaqui,2.001500
2019-07-29,2019-08-02,Suape,2.003500
2019-07-29,2019-08-02,Aratu,2.016700
2019-07-29,2019-08-02,Santos,2.046700
2019-07-29,2019-08-02,Paranagua,2.026100
2019-08-05,2019-08-09,Itaqui,1.965800
2019-08-05,2019-08-09,Suape,1.966800
2019-08-05,2019-08-09,Aratu,1.981100
2019-08-05,2019-08-09,Santos,2.012500
2019-08-05,2019-08-09,Paranagua,1.992000
2019-08-12,2019-08-16,Itaqui,2.013300
2019-08-12,2019-08-16,Suape,2.014600
2019-08-12,2019-08-16,Aratu,2.028500
2019-08-12,2019-08-16,Santos,2.059600
2019-08-12,2019-08-16,Paranagua,2.039000
2019-08-19,2019-08-23,Itaqui,2.049300
2019-08-19,2019-08-23,Suape,2.050600
2019-08-19,2019-08-23,Aratu,2.064500
2019-08-19,2019-08-23,Santos,2.095400
2019-08-19,2019-08-23,Paranagua,2.074800
2019-08-26,2019-08-30,Itaqui,2.101700
2019-08-26,2019-08-30,Suape,2.101900
2019-08-26,2019-08-30,Aratu,2.117000
2019-08-26,2019-08-30,Santos,2.149600
2019-08-26,2019-08-30,Paranagua,2.129200
2019-09-02,2019-09-06,Manaus,2.121583
2019-09-02,2019-09-06,Itaqui,2.150355
2019-09-02,2019-09-06,Suape,2.124083
2019-09-02,2019-09-06,Aratu,2.138208
2019-09-02,2019-09-06,Santos,2.177770
2019-09-02,2019-09-06,Paranagua,2.168710
2019-09-02,2019-09-06,Tramandai,2.158145
2019-09-02,2019-09-06,Guamaré,2.180343
2019-09-02,2019-09-06,Duque de Caxias,2.243228
2019-09-02,2019-09-06,Betim,2.250268
2019-09-02,2019-09-06,Cubatão,2.186418
2019-09-02,2019-09-06,Mauá,2.203838
2019-09-02,2019-09-06,Paulínia,2.211238
2019-09-02,2019-09-06,São José dos Campos,2.208998
2019-09-02,2019-09-06,Araucária,2.187280
2019-09-02,2019-09-06,Canoas,2.177495
2019-09-09,2019-09-13,Manaus,2.148970
2019-09-09,2019-09-13,Itaqui,2.175732
2019-09-09,2019-09-13,Suape,2.150292
2019-09-09,2019-09-13,Aratu,2.163554
2019-09-09,2019-09-13,Santos,2.201950
2019-09-09,2019-09-13,Paranagua,2.192758
2019-09-09,2019-09-13,Tramandai,2.182396
2019-09-09,2019-09-13,Guamaré,2.206552
2019-09-09,2019-09-13,Duque de Caxias,2.267410
2019-09-09,2019-09-13,Betim,2.274444
2019-09-09,2019-09-13,Cubatão,2.210600
2019-09-09,2019-09-13,Mauá,2.228014
2019-09-09,2019-09-13,Paulínia,2.235414
2019-09-09,2019-09-13,São José dos Campos,2.233174
2019-09-09,2019-09-13,Araucária,2.211326
2019-09-09,2019-09-13,Canoas,2.201746
2019-09-16,2019-09-20,Manaus,2.248426
2019-09-16,2019-09-20,Itaqui,2.274384
2019-09-16,2019-09-20,Suape,2.249206
2019-09-16,2019-09-20,Aratu,2.262160
2019-09-16,2019-09-20,Santos,2.300102
2019-09-16,2019-09-20,Paranagua,2.290974
2019-09-16,2019-09-20,Tramandai,2.280426
2019-09-16,2019-09-20,Guamaré,2.305466
2019-09-16,2019-09-20,Duque de Caxias,2.365556
2019-09-16,2019-09-20,Betim,2.372594
2019-09-16,2019-09-20,Cubatão,2.308746
2019-09-16,2019-09-20,Mauá,2.326164
2019-09-16,2019-09-20,Paulínia,2.333564
2019-09-16,2019-09-20,São José dos Campos,2.331324
2019-09-16,2019-09-20,Araucária,2.309544
2019-09-16,2019-09-20,Canoas,2.299778
2019-09-23,2019-09-27,Manaus,2.261728
2019-09-23,2019-09-27,Itaqui,2.287338
2019-09-23,2019-09-27,Suape,2.262198
2019-09-23,2019-09-27,Aratu,2.275128
2019-09-23,2019-09-27,Santos,2.313048
2019-09-23,2019-09-27,Paranagua,2.303872
2019-09-23,2019-09-27,Tramandai,2.293434
2019-09-23,2019-09-27,Guamaré,2.318458
2019-09-23,2019-09-27,Duque de Caxias,2.378508
2019-09-23,2019-09-27,Betim,2.385540
2019-09-23,2019-09-27,Cubatão,2.321698
2019-09-23,2019-09-27,Mauá,2.339110
2019-09-23,2019-09-27,Paulínia,2.346510
2019-09-23,2019-09-27,São José dos Campos,2.344270
2019-09-23,2019-09-27,Araucária,2.322442
2019-09-23,2019-09-27,Canoas,2.312784
2019-09-30,2019-10-04,Manaus,2.172308
2019-09-30,2019-10-04,Itaqui,2.199202
2019-09-30,2019-10-04,Suape,2.173640
2019-09-30,2019-10-04,Aratu,2.187026
2019-09-30,2019-10-04,Santos,2.225588
2019-09-30,2019-10-04,Paranagua,2.216426
2019-09-30,2019-10-04,Tramandai,2.206008
2019-09-30,2019-10-04,Guamaré,2.229902
2019-09-30,2019-10-04,Duque de Caxias,2.291046
2019-09-30,2019-10-04,Betim,2.298082
2019-09-30,2019-10-04,Cubatão,2.234234
2019-09-30,2019-10-04,Mauá,2.251652
2019-09-30,2019-10-04,Paulínia,2.259052
2019-09-30,2019-10-04,São José dos Campos,2.256812
2019-09-30,2019-10-04,Araucária,2.234992
2019-09-30,2019-10-04,Canoas,2.225358
2019-10-07,2019-10-11,Manaus,2.191178
2019-10-07,2019-10-11,Itaqui,2.225240
2019-10-07,2019-10-11,Suape,2.196996
2019-10-07,2019-10-11,Aratu,2.213122
2019-10-07,2019-10-11,Santos,2.255326
2019-10-07,2019-10-11,Paranagua,2.246730
2019-10-07,2019-10-11,Tramandai,2.235334
2019-10-07,2019-10-11,Guamaré,2.253256
2019-10-07,2019-10-11,Duque de Caxias,2.320784
2019-10-07,2019-10-11,Betim,2.327822
2019-10-07,2019-10-11,Cubatão,2.263974
2019-10-07,2019-10-11,Mauá,2.281392
2019-10-07,2019-10-11,Paulínia,2.288792
2019-10-07,2019-10-11,São José dos Campos,2.286552
2019-10-07,2019-10-11,Araucária,2.265298
2019-10-07,2019-10-11,Canoas,2.254686
2019-10-14,2019-10-18,Manaus,2.226140
2019-10-14,2019-10-18,Itaqui,2.266890
2019-10-14,2019-10-18,Suape,2.235992
2019-10-14,2019-10-18,Aratu,2.254896
2019-10-14,2019-10-18,Santos,2.300884
2019-10-14,2019-10-18,Paranagua,2.292624
2019-10-14,2019-10-18,Tramandai,2.280776
2019-10-14,2019-10-18,Guamaré,2.292254
2019-10-14,2019-10-18,Duque de Caxias,2.366340
2019-10-14,2019-10-18,Betim,2.373378
2019-10-14,2019-10-18,Cubatão,2.309530
2019-10-14,2019-10-18,Mauá,2.326948
2019-10-14,2019-10-18,Paulínia,2.334348
2019-10-14,2019-10-18,São José dos Campos,2.332108
2019-10-14,2019-10-18,Araucária,2.311192
2019-10-14,2019-10-18,Canoas,2.300126
2019-10-21,2019-10-25,Manaus,2.177342
2019-10-21,2019-10-25,Itaqui,2.213266
2019-10-21,2019-10-25,Suape,2.184396
2019-10-21,2019-10-25,Aratu,2.201132
2019-10-21,2019-10-25,Santos,2.244116
2019-10-21,2019-10-25,Paranagua,2.235736
2019-10-21,2019-10-25,Tramandai,2.223916
2019-10-21,2019-10-25,Guamaré,2.240656
2019-10-21,2019-10-25,Duque de Caxias,2.309574
2019-10-21,2019-10-25,Betim,2.316606
2019-10-21,2019-10-25,Cubatão,2.252764
2019-10-21,2019-10-25,Mauá,2.270176
2019-10-21,2019-10-25,Paulínia,2.277576
2019-10-21,2019-10-25,São José dos Campos,2.275336
2019-10-21,2019-10-25,Araucária,2.254302
2019-10-21,2019-10-25,Canoas,2.243268
2019-10-28,2019-11-01,Manaus,2.111622
2019-10-28,2019-11-01,Itaqui,2.146162
2019-10-28,2019-11-01,Suape,2.117916
2019-10-28,2019-11-01,Aratu,2.134010
2019-10-28,2019-11-01,Santos,2.176122
2019-10-28,2019-11-01,Paranagua,2.167636
2019-10-28,2019-11-01,Tramandai,2.155986
2019-10-28,2019-11-01,Guamaré,2.174180
2019-10-28,2019-11-01,Duque de Caxias,2.241582
2019-10-28,2019-11-01,Betim,2.248616
2019-10-28,2019-11-01,Cubatão,2.184772
2019-10-28,2019-11-01,Mauá,2.202184
2019-10-28,2019-11-01,Paulínia,2.209584
2019-10-28,2019-11-01,São José dos Campos,2.207344
2019-10-28,2019-11-01,Araucária,2.186204
2019-10-28,2019-11-01,Canoas,2.175338
2019-11-04,2019-11-08,Manaus,2.147288
2019-11-04,2019-11-08,Itaqui,2.189224
2019-11-04,2019-11-08,Suape,2.158068
2019-11-04,2019-11-08,Aratu,2.177148
2019-11-04,2019-11-08,Santos,2.223252
2019-11-04,2019-11-08,Paranagua,2.215338
2019-11-04,2019-11-08,Tramandai,2.202734
2019-11-04,2019-11-08,Guamaré,2.214330
2019-11-04,2019-11-08,Duque de Caxias,2.288712
2019-11-04,2019-11-08,Betim,2.295748
2019-11-04,2019-11-08,Cubatão,2.231902
2019-11-04,2019-11-08,Mauá,2.249318
2019-11-04,2019-11-08,Paulínia,2.256718
2019-11-04,2019-11-08,São José dos Campos,2.254478
2019-11-04,2019-11-08,Araucária,2.233902
2019-11-04,2019-11-08,Canoas,2.222084
2019-11-11,2019-11-15,Manaus,2.181572
2019-11-11,2019-11-15,Itaqui,2.226402
2019-11-11,2019-11-15,Suape,2.193906
2019-11-11,2019-11-15,Aratu,2.214444
2019-11-11,2019-11-15,Santos,2.262610
2019-11-11,2019-11-15,Paranagua,2.254682
2019-11-11,2019-11-15,Tramandai,2.242258
2019-11-11,2019-11-15,Guamaré,2.250168
2019-11-11,2019-11-15,Duque de Caxias,2.328064
2019-11-11,2019-11-15,Betim,2.335102
2019-11-11,2019-11-15,Cubatão,2.271254
2019-11-11,2019-11-15,Mauá,2.288672
2019-11-11,2019-11-15,Paulínia,2.296072
2019-11-11,2019-11-15,São José dos Campos,2.293832
2019-11-11,2019-11-15,Araucária,2.273248
2019-11-11,2019-11-15,Canoas,2.261608
2019-11-18,2019-11-22,Manaus,2.180880
2019-11-18,2019-11-22,Itaqui,2.224066
2019-11-18,2019-11-22,Suape,2.192146
2019-11-18,2019-11-22,Aratu,2.212112
2019-11-18,2019-11-22,Santos,2.259540
2019-11-18,2019-11-22,Paranagua,2.251436
2019-11-18,2019-11-22,Tramandai,2.239354
2019-11-18,2019-11-22,Guamaré,2.248406
2019-11-18,2019-11-22,Duque de Caxias,2.324998
2019-11-18,2019-11-22,Betim,2.332036
2019-11-18,2019-11-22,Cubatão,2.268188
2019-11-18,2019-11-22,Mauá,2.285606
2019-11-18,2019-11-22,Paulínia,2.293004
2019-11-18,2019-11-22,São José dos Campos,2.290764
2019-11-18,2019-11-22,Araucária,2.270000
2019-11-18,2019-11-22,Canoas,2.258704
2019-11-25,2019-11-29,Manaus,2.255473
2019-11-25,2019-11-29,Itaqui,2.296297
2019-11-25,2019-11-29,Suape,2.265197
2019-11-25,2019-11-29,Aratu,2.284333
2019-11-25,2019-11-29,Santos,2.330677
2019-11-25,2019-11-29,Paranagua,2.322370
2019-11-25,2019-11-29,Tramandai,2.310657
2019-11-25,2019-11-29,Guamaré,2.321457
2019-11-25,2019-11-29,Duque de Caxias,2.396137
2019-11-25,2019-11-29,Betim,2.403170
2019-11-25,2019-11-29,Cubatão,2.339327
2019-11-25,2019-11-29,Mauá,2.356740
2019-11-25,2019-11-29,Paulínia,2.364140
2019-11-25,2019-11-29,São José dos Campos,2.361900
2019-11-25,2019-11-29,Araucária,2.340937
2019-11-25,2019-11-29,Canoas,2.330007
2019-12-02,2019-12-06,Manaus,2.201794
2019-12-02,2019-12-06,Itaqui,2.244926
2019-12-02,2019-12-06,Suape,2.213046
2019-12-02,2019-12-06,Aratu,2.232952
2019-12-02,2019-12-06,Santos,2.280276
2019-12-02,2019-12-06,Paranagua,2.272224
2019-12-02,2019-12-06,Tramandai,2.260014
2019-12-02,2019-12-06,Guamaré,2.269308
2019-12-02,2019-12-06,Duque de Caxias,2.345732
2019-12-02,2019-12-06,Betim,2.352770
2019-12-02,2019-12-06,Cubatão,2.288922
2019-12-02,2019-12-06,Mauá,2.306340
2019-12-02,2019-12-06,Paulínia,2.313740
2019-12-02,2019-12-06,São José dos Campos,2.311500
2019-12-02,2019-12-06,Araucária,2.290792
2019-12-02,2019-12-06,Canoas,2.279364
2019-12-09,2019-12-13,Manaus,2.200232
2019-12-09,2019-12-13,Itaqui,2.247844
2019-12-09,2019-12-13,Suape,2.214382
2019-12-09,2019-12-13,Aratu,2.235910
2019-12-09,2019-12-13,Santos,2.285394
2019-12-09,2019-12-13,Paranagua,2.277664
2019-12-09,2019-12-13,Tramandai,2.264906
2019-12-09,2019-12-13,Guamaré,2.270644
2019-12-09,2019-12-13,Duque de Caxias,2.350854
2019-12-09,2019-12-13,Betim,2.357888
2019-12-09,2019-12-13,Cubatão,2.294042
2019-12-09,2019-12-13,Mauá,2.311458
2019-12-09,2019-12-13,Paulínia,2.318858
2019-12-09,2019-12-13,São José dos Campos,2.316618
2019-12-09,2019-12-13,Araucária,2.296230
2019-12-09,2019-12-13,Canoas,2.284256
2019-12-16,2019-12-20,Manaus,2.245646
2019-12-16,2019-12-20,Itaqui,2.292476
2019-12-16,2019-12-20,Suape,2.259380
2019-12-16,2019-12-20,Aratu,2.280560
2019-12-16,2019-12-20,Santos,2.329628
2019-12-16,2019-12-20,Paranagua,2.321718
2019-12-16,2019-12-20,Tramandai,2.309326
2019-12-16,2019-12-20,Guamaré,2.315640
2019-12-16,2019-12-20,Duque de Caxias,2.395086
2019-12-16,2019-12-20,Betim,2.402118
2019-12-16,2019-12-20,Cubatão,2.338276
2019-12-16,2019-12-20,Mauá,2.355688
2019-12-16,2019-12-20,Paulínia,2.363088
2019-12-16,2019-12-20,São José dos Campos,2.360848
2019-12-16,2019-12-20,Araucária,2.340286
2019-12-16,2019-12-20,Canoas,2.328676
2019-12-23,2019-12-27,Manaus,2.285885
2019-12-23,2019-12-27,Itaqui,2.332360
2019-12-23,2019-12-27,Suape,2.299380
2019-12-23,2019-12-27,Aratu,2.320480
2019-12-23,2019-12-27,Santos,2.369490
2019-12-23,2019-12-27,Paranagua,2.361438
2019-12-23,2019-12-27,Tramandai,2.349360
2019-12-23,2019-12-27,Guamaré,2.355640
2019-12-23,2019-12-27,Duque de Caxias,2.434945
2019-12-23,2019-12-27,Betim,2.441985
2019-12-23,2019-12-27,Cubatão,2.378135
2019-12-23,2019-12-27,Mauá,2.395555
2019-12-23,2019-12-27,Paulínia,2.402955
2019-12-23,2019-12-27,São José dos Campos,2.400715
2019-12-23,2019-12-27,Araucária,2.380008
2019-12-23,2019-12-27,Canoas,2.368710
2019-12-30,2020-01-03,Manaus,2.276323
2019-12-30,2020-01-03,Itaqui,2.323823
2019-12-30,2020-01-03,Suape,2.290355
2019-12-30,2020-01-03,Aratu,2.311978
2019-12-30,2020-01-03,Santos,2.361725
2019-12-30,2020-01-03,Paranagua,2.352688
2019-12-30,2020-01-03,Tramandai,2.343860
2019-12-30,2020-01-03,Guamaré,2.346615
2019-12-30,2020-01-03,Duque de Caxias,2.427183
2019-12-30,2020-01-03,Betim,2.434215
2019-12-30,2020-01-03,Cubatão,2.370373
2019-12-30,2020-01-03,Mauá,2.387785
2019-12-30,2020-01-03,Paulínia,2.395185
2019-12-30,2020-01-03,São José dos Campos,2.392945
2019-12-30,2020-01-03,Araucária,2.371255
2019-12-30,2020-01-03,Canoas,2.363213
2020-01-06,2020-01-10,Manaus,2.264302
2020-01-06,2020-01-10,Itaqui,2.317650
2020-01-06,2020-01-10,Suape,2.281678
2020-01-06,2020-01-10,Aratu,2.305912
2020-01-06,2020-01-10,Santos,2.359228
2020-01-06,2020-01-10,Paranagua,2.349276
2020-01-06,2020-01-10,Tramandai,2.344018
2020-01-06,2020-01-10,Guamaré,2.337938
2020-01-06,2020-01-10,Duque de Caxias,2.424688
2020-01-06,2020-01-10,Betim,2.431722
2020-01-06,2020-01-10,Cubatão,2.367878
2020-01-06,2020-01-10,Mauá,2.385290
2020-01-06,2020-01-10,Paulínia,2.392690
2020-01-06,2020-01-10,São José dos Campos,2.390450
2020-01-06,2020-01-10,Araucária,2.367846
2020-01-06,2020-01-10,Canoas,2.363374
2020-01-13,2020-01-17,Manaus,2.198738
2020-01-13,2020-01-17,Itaqui,2.264620
2020-01-13,2020-01-17,Suape,2.223660
2020-01-13,2020-01-17,Aratu,2.253018
2020-01-13,2020-01-17,Santos,2.313198
2020-01-13,2020-01-17,Paranagua,2.303702
2020-01-13,2020-01-17,Tramandai,2.298470
2020-01-13,2020-01-17,Guamaré,2.279920
2020-01-13,2020-01-17,Duque de Caxias,2.378656
2020-01-13,2020-01-17,Betim,2.385694
2020-01-13,2020-01-17,Cubatão,2.321846
2020-01-13,2020-01-17,Mauá,2.339262
2020-01-13,2020-01-17,Paulínia,2.346662
2020-01-13,2020-01-17,São José dos Campos,2.344422
2020-01-13,2020-01-17,Araucária,2.322270
2020-01-13,2020-01-17,Canoas,2.317820
2020-01-20,2020-01-24,Manaus,2.141738
2020-01-20,2020-01-24,Itaqui,2.209820
2020-01-20,2020-01-24,Suape,2.167930
2020-01-20,2020-01-24,Aratu,2.198313
2020-01-20,2020-01-24,Santos,2.259943
2020-01-20,2020-01-24,Paranagua,2.250323
2020-01-20,2020-01-24,Tramandai,2.245568
2020-01-20,2020-01-24,Guamaré,2.224190
2020-01-20,2020-01-24,Duque de Caxias,2.325403
2020-01-20,2020-01-24,Betim,2.332438
2020-01-20,2020-01-24,Cubatão,2.268593
2020-01-20,2020-01-24,Mauá,2.286008
2020-01-20,2020-01-24,Paulínia,2.293408
2020-01-20,2020-01-24,São José dos Campos,2.291168
2020-01-20,2020-01-24,Araucária,2.268888
2020-01-20,2020-01-24,Canoas,2.264920
2020-01-27,2020-01-31,Manaus,2.020112
2020-01-27,2020-01-31,Itaqui,2.081750
2020-01-27,2020-01-31,Suape,2.042320
2020-01-27,2020-01-31,Aratu,2.070070
2020-01-27,2020-01-31,Santos,2.128032
2020-01-27,2020-01-31,Paranagua,2.118516
2020-01-27,2020-01-31,Tramandai,2.113000
2020-01-27,2020-01-31,Guamaré,2.098582
2020-01-27,2020-01-31,Duque de Caxias,2.193488
2020-01-27,2020-01-31,Betim,2.200526
2020-01-27,2020-01-31,Cubatão,2.136678
2020-01-27,2020-01-31,Mauá,2.154092
2020-01-27,2020-01-31,Paulínia,2.161492
2020-01-27,2020-01-31,São José dos Campos,2.159252
2020-01-27,2020-01-31,Araucária,2.137086
2020-01-27,2020-01-31,Canoas,2.132350
2020-02-03,2020-02-07,Manaus,1.899220
2020-02-03,2020-02-07,Itaqui,1.942668
2020-02-03,2020-02-07,Suape,1.910292
2020-02-03,2020-02-07,Aratu,1.930646
2020-02-03,2020-02-07,Santos,1.978512
2020-02-03,2020-02-07,Paranagua,1.968832
2020-02-03,2020-02-07,Tramandai,1.962202
2020-02-03,2020-02-07,Guamaré,1.966554
2020-02-03,2020-02-07,Duque de Caxias,2.043970
2020-02-03,2020-02-07,Betim,2.051002
2020-02-03,2020-02-07,Cubatão,1.987160
2020-02-03,2020-02-07,Mauá,2.004572
2020-02-03,2020-02-07,Paulínia,2.011972
2020-02-03,2020-02-07,São José dos Campos,2.009732
2020-02-03,2020-02-07,Araucária,1.987396
2020-02-03,2020-02-07,Canoas,1.981552
2020-02-10,2020-02-14,Manaus,1.947292
2020-02-10,2020-02-14,Itaqui,1.982814
2020-02-10,2020-02-14,Suape,1.953384
2020-02-10,2020-02-14,Aratu,1.970730
2020-02-10,2020-02-14,Santos,2.014590
2020-02-10,2020-02-14,Paranagua,2.004588
2020-02-10,2020-02-14,Tramandai,1.998062
2020-02-10,2020-02-14,Guamaré,2.009646
2020-02-10,2020-02-14,Duque de Caxias,2.080046
2020-02-10,2020-02-14,Betim,2.087082
2020-02-10,2020-02-14,Cubatão,2.023236
2020-02-10,2020-02-14,Mauá,2.040652
2020-02-10,2020-02-14,Paulínia,2.048052
2020-02-10,2020-02-14,São José dos Campos,2.045812
2020-02-10,2020-02-14,Araucária,2.023154
2020-02-10,2020-02-14,Canoas,2.017412
2020-02-17,2020-02-21,Manaus,2.020358
2020-02-17,2020-02-21,Itaqui,2.055368
2020-02-17,2020-02-21,Suape,2.026033
2020-02-17,2020-02-21,Aratu,2.043323
2020-02-17,2020-02-21,Santos,2.087153
2020-02-17,2020-02-21,Paranagua,2.077025
2020-02-17,2020-02-21,Tramandai,2.070763
2020-02-17,2020-02-21,Guamaré,2.082293
2020-02-17,2020-02-21,Duque de Caxias,2.152605
2020-02-17,2020-02-21,Betim,2.159643
2020-02-17,2020-02-21,Cubatão,2.095795
2020-02-17,2020-02-21,Mauá,2.113213
2020-02-17,2020-02-21,Paulínia,2.120613
2020-02-17,2020-02-21,São José dos Campos,2.118373
2020-02-17,2020-02-21,Araucária,2.095588
2020-02-17,2020-02-21,Canoas,2.090113
2020-02-24,2020-02-28,Manaus,1.927956
2020-02-24,2020-02-28,Itaqui,1.968084
2020-02-24,2020-02-28,Suape,1.936652
2020-02-24,2020-02-28,Aratu,1.956112
2020-02-24,2020-02-28,Santos,2.002882
2020-02-24,2020-02-28,Paranagua,1.992876
2020-02-24,2020-02-28,Tramandai,1.986778
2020-02-24,2020-02-28,Guamaré,1.992914
2020-02-24,2020-02-28,Duque de Caxias,2.068340
2020-02-24,2020-02-28,Betim,2.075372
2020-02-24,2020-02-28,Cubatão,2.011530
2020-02-24,2020-02-28,Mauá,2.028942
2020-02-24,2020-02-28,Paulínia,2.036342
2020-02-24,2020-02-28,São José dos Campos,2.034102
2020-02-24,2020-02-28,Araucária,2.011442
2020-02-24,2020-02-28,Canoas,2.006130
2020-03-02,2020-03-06,Manaus,1.936256
2020-03-02,2020-03-06,Itaqui,1.987062
2020-03-02,2020-03-06,Suape,1.951244
2020-03-02,2020-03-06,Aratu,1.975276
2020-03-02,2020-03-06,Santos,2.028250
2020-03-02,2020-03-06,Paranagua,2.018436
2020-03-02,2020-03-06,Tramandai,2.012828
2020-03-02,2020-03-06,Guamaré,2.007506
2020-03-02,2020-03-06,Duque de Caxias,2.093706
2020-03-02,2020-03-06,Betim,2.100742
2020-03-02,2020-03-06,Cubatão,2.036896
2020-03-02,2020-03-06,Mauá,2.054312
2020-03-02,2020-03-06,Paulínia,2.061712
2020-03-02,2020-03-06,São José dos Campos,2.059472
2020-03-02,2020-03-06,Araucária,2.037006
2020-03-02,2020-03-06,Canoas,2.032178
2020-03-09,2020-03-13,Manaus,1.685540
2020-03-09,2020-03-13,Itaqui,1.740496
2020-03-09,2020-03-13,Suape,1.702684
2020-03-09,2020-03-13,Aratu,1.728900
2020-03-09,2020-03-13,Santos,1.784996
2020-03-09,2020-03-13,Paranagua,1.774922
2020-03-09,2020-03-13,Tramandai,1.770330
2020-03-09,2020-03-13,Guamaré,1.758946
2020-03-09,2020-03-13,Duque de Caxias,1.850452
2020-03-09,2020-03-13,Betim,1.857488
2020-03-09,2020-03-13,Cubatão,1.793642
2020-03-09,2020-03-13,Mauá,1.811058
2020-03-09,2020-03-13,Paulínia,1.818458
2020-03-09,2020-03-13,São José dos Campos,1.816218
2020-03-09,2020-03-13,Araucária,1.793486
2020-03-09,2020-03-13,Canoas,1.789680
2020-03-16,2020-03-20,Manaus,1.516544
2020-03-16,2020-03-20,Itaqui,1.567302
2020-03-16,2020-03-20,Suape,1.530582
2020-03-16,2020-03-20,Aratu,1.555648
2020-03-16,2020-03-20,Santos,1.610150
2020-03-16,2020-03-20,Paranagua,1.600084
2020-03-16,2020-03-20,Tramandai,1.595244
2020-03-16,2020-03-20,Guamaré,1.586842
2020-03-16,2020-03-20,Duque de Caxias,1.675610
2020-03-16,2020-03-20,Betim,1.682640
2020-03-16,2020-03-20,Cubatão,1.618796
2020-03-16,2020-03-20,Mauá,1.636210
2020-03-16,2020-03-20,Paulínia,1.643610
2020-03-16,2020-03-20,São José dos Campos,1.641370
2020-03-16,2020-03-20,Araucária,1.618650
2020-03-16,2020-03-20,Canoas,1.614594
2020-03-23,2020-03-27,Manaus,1.489566
2020-03-23,2020-03-27,Itaqui,1.529124
2020-03-23,2020-03-27,Suape,1.496796
2020-03-23,2020-03-27,Aratu,1.517262
2020-03-23,2020-03-27,Santos,1.565492
2020-03-23,2020-03-27,Paranagua,1.555298
2020-03-23,2020-03-27,Tramandai,1.549818
2020-03-23,2020-03-27,Guamaré,1.553058
2020-03-23,2020-03-27,Duque de Caxias,1.630952
2020-03-23,2020-03-27,Betim,1.637986
2020-03-23,2020-03-27,Cubatão,1.574142
2020-03-23,2020-03-27,Mauá,1.591556
2020-03-23,2020-03-27,Paulínia,1.598956
2020-03-23,2020-03-27,São José dos Campos,1.596716
2020-03-23,2020-03-27,Araucária,1.573866
2020-03-23,2020-03-27,Canoas,1.569170
2020-03-30,2020-04-03,Manaus,1.461264
2020-03-30,2020-04-03,Itaqui,1.498360
2020-03-30,2020-04-03,Suape,1.466672
2020-03-30,2020-04-03,Aratu,1.486452
2020-03-30,2020-04-03,Santos,1.533728
2020-03-30,2020-04-03,Paranagua,1.523564
2020-03-30,2020-04-03,Tramandai,1.517882
2020-03-30,2020-04-03,Guamaré,1.522932
2020-03-30,2020-04-03,Duque de Caxias,1.599186
2020-03-30,2020-04-03,Betim,1.606222
2020-03-30,2020-04-03,Cubatão,1.542376
2020-03-30,2020-04-03,Mauá,1.559792
2020-03-30,2020-04-03,Paulínia,1.567192
2020-03-30,2020-04-03,São José dos Campos,1.564952
2020-03-30,2020-04-03,Araucária,1.542134
2020-03-30,2020-04-03,Canoas,1.537232
2020-04-06,2020-04-09,Manaus,1.430303
2020-04-06,2020-04-09,Itaqui,1.466935
2020-04-06,2020-04-09,Suape,1.435535
2020-04-06,2020-04-09,Aratu,1.455030
2020-04-06,2020-04-09,Santos,1.501935
2020-04-06,2020-04-09,Paranagua,1.491710
2020-04-06,2020-04-09,Tramandai,1.486108
2020-04-06,2020-04-09,Guamaré,1.491795
2020-04-06,2020-04-09,Duque de Caxias,1.567393
2020-04-06,2020-04-09,Betim,1.574430
2020-04-06,2020-04-09,Cubatão,1.510583
2020-04-06,2020-04-09,Mauá,1.528000
2020-04-06,2020-04-09,Paulínia,1.535400
2020-04-06,2020-04-09,São José dos Campos,1.533160
2020-04-06,2020-04-09,Araucária,1.510278
2020-04-06,2020-04-09,Canoas,1.505458
2020-04-13,2020-04-17,Manaus,1.363000
2020-04-13,2020-04-17,Itaqui,1.406404
2020-04-13,2020-04-17,Suape,1.372242
2020-04-13,2020-04-17,Aratu,1.394686
2020-04-13,2020-04-17,Santos,1.445692
2020-04-13,2020-04-17,Paranagua,1.435366
2020-04-13,2020-04-17,Tramandai,1.430572
2020-04-13,2020-04-17,Guamaré,1.428502
2020-04-13,2020-04-17,Duque de Caxias,1.511150
2020-04-13,2020-04-17,Betim,1.518184
2020-04-13,2020-04-17,Cubatão,1.454340
2020-04-13,2020-04-17,Mauá,1.471754
2020-04-13,2020-04-17,Paulínia,1.479154
2020-04-13,2020-04-17,São José dos Campos,1.476914
2020-04-13,2020-04-17,Araucária,1.453934
2020-04-13,2020-04-17,Canoas,1.449924
2020-04-20,2020-04-24,Manaus,1.305384
2020-04-20,2020-04-24,Itaqui,1.400852
2020-04-20,2020-04-24,Suape,1.346006
2020-04-20,2020-04-24,Aratu,1.390034
2020-04-20,2020-04-24,Santos,1.470404
2020-04-20,2020-04-24,Paranagua,1.460874
2020-04-20,2020-04-24,Tramandai,1.458648
2020-04-20,2020-04-24,Guamaré,1.402266
2020-04-20,2020-04-24,Duque de Caxias,1.535860
2020-04-20,2020-04-24,Betim,1.542894
2020-04-20,2020-04-24,Cubatão,1.479046
2020-04-20,2020-04-24,Mauá,1.496464
2020-04-20,2020-04-24,Paulínia,1.503864
2020-04-20,2020-04-24,São José dos Campos,1.501624
2020-04-20,2020-04-24,Araucária,1.479438
2020-04-20,2020-04-24,Canoas,1.477998
2020-04-27,2020-05-01,Manaus,1.162074
2020-04-27,2020-05-01,Itaqui,1.272148
2020-04-27,2020-05-01,Suape,1.211368
2020-04-27,2020-05-01,Aratu,1.261810
2020-04-27,2020-05-01,Santos,1.351188
2020-04-27,2020-05-01,Paranagua,1.341192
2020-04-27,2020-05-01,Tramandai,1.341272
2020-04-27,2020-05-01,Guamaré,1.289182
2020-04-27,2020-05-01,Duque de Caxias,1.441858
2020-04-27,2020-05-01,Betim,1.451900
2020-04-27,2020-05-01,Cubatão,1.365420
2020-04-27,2020-05-01,Mauá,1.383038
2020-04-27,2020-05-01,Paulínia,1.397978
2020-04-27,2020-05-01,São José dos Campos,1.393300
2020-04-27,2020-05-01,Araucária,1.368686
2020-04-27,2020-05-01,Canoas,1.369350
2020-05-04,2020-05-08,Manaus,1.302630
2020-05-04,2020-05-08,Itaqui,1.367626
2020-05-04,2020-05-08,Suape,1.324240
2020-05-04,2020-05-08,Aratu,1.356334
2020-05-04,2020-05-08,Santos,1.420494
2020-05-04,2020-05-08,Paranagua,1.410452
2020-05-04,2020-05-08,Tramandai,1.406960
2020-05-04,2020-05-08,Guamaré,1.493998
2020-05-04,2020-05-08,Duque de Caxias,1.618702
2020-05-04,2020-05-08,Betim,1.641518
2020-05-04,2020-05-08,Cubatão,1.458342
2020-05-04,2020-05-08,Mauá,1.477420
2020-05-04,2020-05-08,Paulínia,1.524092
2020-05-04,2020-05-08,São José dos Campos,1.509156
2020-05-04,2020-05-08,Araucária,1.475856
2020-05-04,2020-05-08,Canoas,1.472134
2020-05-11,2020-05-15,Manaus,1.371944
2020-05-11,2020-05-15,Itaqui,1.413704
2020-05-11,2020-05-15,Suape,1.379096
2020-05-11,2020-05-15,Aratu,1.401974
2020-05-11,2020-05-15,Santos,1.453530
2020-05-11,2020-05-15,Paranagua,1.443330
2020-05-11,2020-05-15,Tramandai,1.438350
2020-05-11,2020-05-15,Guamaré,1.554402
2020-05-11,2020-05-15,Duque de Caxias,1.658222
2020-05-11,2020-05-15,Betim,1.681786
2020-05-11,2020-05-15,Cubatão,1.492618
2020-05-11,2020-05-15,Mauá,1.512322
2020-05-11,2020-05-15,Paulínia,1.560518
2020-05-11,2020-05-15,São José dos Campos,1.545096
2020-05-11,2020-05-15,Araucária,1.510874
2020-05-11,2020-05-15,Canoas,1.505656
2020-05-18,2020-05-22,Manaus,1.494306
2020-05-18,2020-05-22,Itaqui,1.531154
2020-05-18,2020-05-22,Suape,1.498820
2020-05-18,2020-05-22,Aratu,1.520500
2020-05-18,2020-05-22,Santos,1.571176
2020-05-18,2020-05-22,Paranagua,1.559700
2020-05-18,2020-05-22,Tramandai,1.557982
2020-05-18,2020-05-22,Guamaré,1.667822
2020-05-18,2020-05-22,Duque de Caxias,1.768506
2020-05-18,2020-05-22,Betim,1.791222
2020-05-18,2020-05-22,Cubatão,1.608856
2020-05-18,2020-05-22,Mauá,1.627848
2020-05-18,2020-05-22,Paulínia,1.674314
2020-05-18,2020-05-22,São José dos Campos,1.659446
2020-05-18,2020-05-22,Araucária,1.624816
2020-05-18,2020-05-22,Canoas,1.622868
2020-05-25,2020-05-29,Manaus,1.447460
2020-05-25,2020-05-29,Itaqui,1.485955
2020-05-25,2020-05-29,Suape,1.453543
2020-05-25,2020-05-29,Aratu,1.475288
2020-05-25,2020-05-29,Santos,1.526040
2020-05-25,2020-05-29,Paranagua,1.514608
2020-05-25,2020-05-29,Tramandai,1.512813
2020-05-25,2020-05-29,Guamaré,1.613005
2020-05-25,2020-05-29,Duque de Caxias,1.712238
2020-05-25,2020-05-29,Betim,1.733673
2020-05-25,2020-05-29,Cubatão,1.561600
2020-05-25,2020-05-29,Mauá,1.579520
2020-05-25,2020-05-29,Paulínia,1.623363
2020-05-25,2020-05-29,São José dos Campos,1.609335
2020-05-25,2020-05-29,Araucária,1.576048
2020-05-25,2020-05-29,Canoas,1.574040
2020-06-01,2020-06-05,Manaus,1.449620
2020-06-01,2020-06-05,Itaqui,1.488088
2020-06-01,2020-06-05,Suape,1.456008
2020-06-01,2020-06-05,Aratu,1.477382
2020-06-01,2020-06-05,Santos,1.527608
2020-06-01,2020-06-05,Paranagua,1.516194
2020-06-01,2020-06-05,Tramandai,1.514274
2020-06-01,2020-06-05,Guamaré,1.609950
2020-06-01,2020-06-05,Duque de Caxias,1.707356
2020-06-01,2020-06-05,Betim,1.728048
2020-06-01,2020-06-05,Cubatão,1.561934
2020-06-01,2020-06-05,Mauá,1.579234
2020-06-01,2020-06-05,Paulínia,1.621556
2020-06-01,2020-06-05,São José dos Campos,1.608016
2020-06-01,2020-06-05,Araucária,1.575508
2020-06-01,2020-06-05,Canoas,1.573376
2020-06-08,2020-06-12,Manaus,1.514302
2020-06-08,2020-06-12,Itaqui,1.548838
2020-06-08,2020-06-12,Suape,1.518650
2020-06-08,2020-06-12,Aratu,1.537976
2020-06-08,2020-06-12,Santos,1.585364
2020-06-08,2020-06-12,Paranagua,1.573946
2020-06-08,2020-06-12,Tramandai,1.571574
2020-06-08,2020-06-12,Guamaré,1.666382
2020-06-08,2020-06-12,Duque de Caxias,1.757856
2020-06-08,2020-06-12,Betim,1.777716
2020-06-08,2020-06-12,Cubatão,1.618302
2020-06-08,2020-06-12,Mauá,1.634906
2020-06-08,2020-06-12,Paulínia,1.675524
2020-06-08,2020-06-12,São José dos Campos,1.662524
2020-06-08,2020-06-12,Araucária,1.630866
2020-06-08,2020-06-12,Canoas,1.628290
2020-06-15,2020-06-19,Manaus,1.647518
2020-06-15,2020-06-19,Itaqui,1.674890
2020-06-15,2020-06-19,Suape,1.646934
2020-06-15,2020-06-19,Aratu,1.663988
2020-06-15,2020-06-19,Santos,1.708392
2020-06-15,2020-06-19,Paranagua,1.696654
2020-06-15,2020-06-19,Tramandai,1.694520
2020-06-15,2020-06-19,Guamaré,1.803434
2020-06-15,2020-06-19,Duque de Caxias,1.891124
2020-06-15,2020-06-19,Betim,1.912160
2020-06-15,2020-06-19,Cubatão,1.743286
2020-06-15,2020-06-19,Mauá,1.760874
2020-06-15,2020-06-19,Paulínia,1.803902
2020-06-15,2020-06-19,São José dos Campos,1.790134
2020-06-15,2020-06-19,Araucária,1.756952
2020-06-15,2020-06-19,Canoas,1.754604
2020-06-22,2020-06-26,Manaus,1.711060
2020-06-22,2020-06-26,Itaqui,1.735802
2020-06-22,2020-06-26,Suape,1.708732
2020-06-22,2020-06-26,Aratu,1.724906
2020-06-22,2020-06-26,Santos,1.768158
2020-06-22,2020-06-26,Paranagua,1.756258
2020-06-22,2020-06-26,Tramandai,1.754310
2020-06-22,2020-06-26,Guamaré,1.867176
2020-06-22,2020-06-26,Duque de Caxias,1.953162
2020-06-22,2020-06-26,Betim,1.974462
2020-06-22,2020-06-26,Cubatão,1.803486
2020-06-22,2020-06-26,Mauá,1.821294
2020-06-22,2020-06-26,Paulínia,1.864856
2020-06-22,2020-06-26,São José dos Campos,1.850916
2020-06-22,2020-06-26,Araucária,1.817304
2020-06-22,2020-06-26,Canoas,1.815142
2020-06-29,2020-07-02,Manaus,1.721870
2020-06-29,2020-07-02,Itaqui,1.750290
2020-06-29,2020-07-02,Suape,1.721635
2020-06-29,2020-07-02,Aratu,1.739553
2020-06-29,2020-07-02,Santos,1.785245
2020-06-29,2020-07-02,Paranagua,1.773288
2020-06-29,2020-07-02,Tramandai,1.771855
2020-06-29,2020-07-02,Guamaré,1.882513
2020-06-29,2020-07-02,Duque de Caxias,1.973085
2020-06-29,2020-07-02,Betim,1.994710
2020-06-29,2020-07-02,Cubatão,1.821113
2020-06-29,2020-07-02,Mauá,1.839198
2020-06-29,2020-07-02,Paulínia,1.883423
2020-06-29,2020-07-02,São José dos Campos,1.869270
2020-06-29,2020-07-02,Araucária,1.835273
2020-06-29,2020-07-02,Canoas,1.833620
2020-07-06,2020-07-10,Manaus,1.794870
2020-07-06,2020-07-10,Itaqui,1.825056
2020-07-06,2020-07-10,Suape,1.795812
2020-07-06,2020-07-10,Aratu,1.814262
2020-07-06,2020-07-10,Santos,1.860584
2020-07-06,2020-07-10,Paranagua,1.848858
2020-07-06,2020-07-10,Tramandai,1.847012
2020-07-06,2020-07-10,Guamaré,1.955652
2020-07-06,2020-07-10,Duque de Caxias,2.047220
2020-07-06,2020-07-10,Betim,2.068706
2020-07-06,2020-07-10,Cubatão,1.896222
2020-07-06,2020-07-10,Mauá,1.914186
2020-07-06,2020-07-10,Paulínia,1.958136
2020-07-06,2020-07-10,São José dos Campos,1.944074
2020-07-06,2020-07-10,Araucária,1.910444
2020-07-06,2020-07-10,Canoas,1.908378
2020-07-13,2020-07-17,Manaus,1.822192
2020-07-13,2020-07-17,Itaqui,1.868116
2020-07-13,2020-07-17,Suape,1.832878
2020-07-13,2020-07-17,Aratu,1.857370
2020-07-13,2020-07-17,Santos,1.911618
2020-07-13,2020-07-17,Paranagua,1.900846
2020-07-13,2020-07-17,Tramandai,1.898118
2020-07-13,2020-07-17,Guamaré,1.992872
2020-07-13,2020-07-17,Duque de Caxias,2.098432
2020-07-13,2020-07-17,Betim,2.119940
2020-07-13,2020-07-17,Cubatão,1.947292
2020-07-13,2020-07-17,Mauá,1.965274
2020-07-13,2020-07-17,Paulínia,2.009260
2020-07-13,2020-07-17,São José dos Campos,1.995186
2020-07-13,2020-07-17,Araucária,1.962492
2020-07-13,2020-07-17,Canoas,1.959546
2020-07-20,2020-07-24,Manaus,1.817370
2020-07-20,2020-07-24,Itaqui,1.867952
2020-07-20,2020-07-24,Suape,1.831118
2020-07-20,2020-07-24,Aratu,1.857520
2020-07-20,2020-07-24,Santos,1.914580
2020-07-20,2020-07-24,Paranagua,1.903440
2020-07-20,2020-07-24,Tramandai,1.902002
2020-07-20,2020-07-24,Guamaré,1.986370
2020-07-20,2020-07-24,Duque de Caxias,2.095852
2020-07-20,2020-07-24,Betim,2.116724
2020-07-20,2020-07-24,Cubatão,1.949194
2020-07-20,2020-07-24,Mauá,1.966644
2020-07-20,2020-07-24,Paulínia,2.009326
2020-07-20,2020-07-24,São José dos Campos,1.995670
2020-07-20,2020-07-24,Araucária,1.963258
2020-07-20,2020-07-24,Canoas,1.961608
2020-07-27,2020-07-31,Manaus,1.778934
2020-07-27,2020-07-31,Itaqui,1.821542
2020-07-27,2020-07-31,Suape,1.787834
2020-07-27,2020-07-31,Aratu,1.810938
2020-07-27,2020-07-31,Santos,1.863518
2020-07-27,2020-07-31,Paranagua,1.852184
2020-07-27,2020-07-31,Tramandai,1.850460
2020-07-27,2020-07-31,Guamaré,1.942242
2020-07-27,2020-07-31,Duque de Caxias,2.043808
2020-07-27,2020-07-31,Betim,2.064566
2020-07-27,2020-07-31,Cubatão,1.897946
2020-07-27,2020-07-31,Mauá,1.915300
2020-07-27,2020-07-31,Paulínia,1.957754
2020-07-27,2020-07-31,São José dos Campos,1.944168
2020-07-27,2020-07-31,Araucária,1.911678
2020-07-27,2020-07-31,Canoas,1.909740
2020-08-03,2020-08-07,Manaus,1.818420
2020-08-03,2020-08-07,Itaqui,1.857254
2020-08-03,2020-08-07,Suape,1.824692
2020-08-03,2020-08-07,Aratu,1.846632
2020-08-03,2020-08-07,Santos,1.897688
2020-08-03,2020-08-07,Paranagua,1.886184
2020-08-03,2020-08-07,Tramandai,1.884594
2020-08-03,2020-08-07,Guamaré,1.984218
2020-08-03,2020-08-07,Duque de Caxias,2.083948
2020-08-03,2020-08-07,Betim,2.105392
2020-08-03,2020-08-07,Cubatão,1.933254
2020-08-03,2020-08-07,Mauá,1.951184
2020-08-03,2020-08-07,Paulínia,1.995044
2020-08-03,2020-08-07,São José dos Campos,1.981008
2020-08-03,2020-08-07,Araucária,1.947646
2020-08-03,2020-08-07,Canoas,1.945842
2020-08-10,2020-08-14,Manaus,1.863390
2020-08-10,2020-08-14,Itaqui,1.909728
2020-08-10,2020-08-14,Suape,1.874104
2020-08-10,2020-08-14,Aratu,1.899314
2020-08-10,2020-08-14,Santos,1.954838
2020-08-10,2020-08-14,Paranagua,1.943438
2020-08-10,2020-08-14,Tramandai,1.942332
2020-08-10,2020-08-14,Guamaré,2.036272
2020-08-10,2020-08-14,Duque de Caxias,2.144182
2020-08-10,2020-08-14,Betim,2.165978
2020-08-10,2020-08-14,Cubatão,1.990992
2020-08-10,2020-08-14,Mauá,2.009218
2020-08-10,2020-08-14,Paulínia,2.053804
2020-08-10,2020-08-14,São José dos Campos,2.039538
2020-08-10,2020-08-14,Araucária,2.005920
2020-08-10,2020-08-14,Canoas,2.004592
2020-08-17,2020-08-21,Manaus,1.908372
2020-08-17,2020-08-21,Itaqui,1.957978
2020-08-17,2020-08-21,Suape,1.920818
2020-08-17,2020-08-21,Aratu,1.947912
2020-08-17,2020-08-21,Santos,2.006254
2020-08-17,2020-08-21,Paranagua,1.994400
2020-08-17,2020-08-21,Tramandai,1.994780
2020-08-17,2020-08-21,Guamaré,2.086292
2020-08-17,2020-08-21,Duque de Caxias,2.199464
2020-08-17,2020-08-21,Betim,2.221708
2020-08-17,2020-08-21,Cubatão,2.043148
2020-08-17,2020-08-21,Mauá,2.061744
2020-08-17,2020-08-21,Paulínia,2.107240
2020-08-17,2020-08-21,São José dos Campos,2.092684
2020-08-17,2020-08-21,Araucária,2.058156
2020-08-17,2020-08-21,Canoas,2.058310
2020-08-24,2020-08-28,Manaus,1.896892
2020-08-24,2020-08-28,Itaqui,1.939290
2020-08-24,2020-08-28,Suape,1.904946
2020-08-24,2020-08-28,Aratu,1.928934
2020-08-24,2020-08-28,Santos,1.982934
2020-08-24,2020-08-28,Paranagua,1.971190
2020-08-24,2020-08-28,Tramandai,1.970620
2020-08-24,2020-08-28,Guamaré,2.070642
2020-08-24,2020-08-28,Duque de Caxias,2.176404
2020-08-24,2020-08-28,Betim,2.198678
2020-08-24,2020-08-28,Cubatão,2.019876
2020-08-24,2020-08-28,Mauá,2.038498
2020-08-24,2020-08-28,Paulínia,2.084056
2020-08-24,2020-08-28,São José dos Campos,2.069480
2020-08-24,2020-08-28,Araucária,2.035030
2020-08-24,2020-08-28,Canoas,2.034234
2020-08-31,2020-09-04,Manaus,1.759622
2020-08-31,2020-09-04,Itaqui,1.791240
2020-08-31,2020-09-04,Suape,1.761444
2020-08-31,2020-09-04,Aratu,1.780402
2020-08-31,2020-09-04,Santos,1.827346
2020-08-31,2020-09-04,Paranagua,1.815800
2020-08-31,2020-09-04,Tramandai,1.813640
2020-08-31,2020-09-04,Guamaré,1.921660
2020-08-31,2020-09-04,Duque de Caxias,2.014414
2020-08-31,2020-09-04,Betim,2.035950
2020-08-31,2020-09-04,Cubatão,1.863068
2020-08-31,2020-09-04,Mauá,1.881072
2020-08-31,2020-09-04,Paulínia,1.925120
2020-08-31,2020-09-04,São José dos Campos,1.911026
2020-08-31,2020-09-04,Araucária,1.877532
2020-08-31,2020-09-04,Canoas,1.875152
2020-09-07,2020-09-11,Manaus,1.597950
2020-09-07,2020-09-11,Itaqui,1.623385
2020-09-07,2020-09-11,Suape,1.596050
2020-09-07,2020-09-11,Aratu,1.612398
2020-09-07,2020-09-11,Santos,1.655793
2020-09-07,2020-09-11,Paranagua,1.644120
2020-09-07,2020-09-11,Tramandai,1.641670
2020-09-07,2020-09-11,Guamaré,1.755043
2020-09-07,2020-09-11,Duque de Caxias,1.841433
2020-09-07,2020-09-11,Betim,1.862805
2020-09-07,2020-09-11,Cubatão,1.691240
2020-09-07,2020-09-11,Mauá,1.709108
2020-09-07,2020-09-11,Paulínia,1.752823
2020-09-07,2020-09-11,São José dos Campos,1.738838
2020-09-07,2020-09-11,Araucária,1.705378
2020-09-07,2020-09-11,Canoas,1.702713
2020-09-14,2020-09-18,Manaus,1.576062
2020-09-14,2020-09-18,Itaqui,1.596204
2020-09-14,2020-09-18,Suape,1.570964
2020-09-14,2020-09-18,Aratu,1.585202
2020-09-14,2020-09-18,Santos,1.625828
2020-09-14,2020-09-18,Paranagua,1.613822
2020-09-14,2020-09-18,Tramandai,1.611678
2020-09-14,2020-09-18,Guamaré,1.728520
2020-09-14,2020-09-18,Duque de Caxias,1.809788
2020-09-14,2020-09-18,Betim,1.830968
2020-09-14,2020-09-18,Cubatão,1.660954
2020-09-14,2020-09-18,Mauá,1.678662
2020-09-14,2020-09-18,Paulínia,1.721978
2020-09-14,2020-09-18,São José dos Campos,1.708118
2020-09-14,2020-09-18,Araucária,1.674528
2020-09-14,2020-09-18,Canoas,1.672168
2020-09-21,2020-09-25,Manaus,1.652628
2020-09-21,2020-09-25,Itaqui,1.672888
2020-09-21,2020-09-25,Suape,1.647196
2020-09-21,2020-09-25,Aratu,1.661970
2020-09-21,2020-09-25,Santos,1.703388
2020-09-21,2020-09-25,Paranagua,1.691286
2020-09-21,2020-09-25,Tramandai,1.689492
2020-09-21,2020-09-25,Guamaré,1.811502
2020-09-21,2020-09-25,Duque de Caxias,1.895232
2020-09-21,2020-09-25,Betim,1.917322
2020-09-21,2020-09-25,Cubatão,1.740020
2020-09-21,2020-09-25,Mauá,1.758486
2020-09-21,2020-09-25,Paulínia,1.803660
2020-09-21,2020-09-25,São José dos Campos,1.789206
2020-09-21,2020-09-25,Araucária,1.754592
2020-09-21,2020-09-25,Canoas,1.752574
2020-09-28,2020-10-02,Manaus,1.717246
2020-09-28,2020-10-02,Itaqui,1.746186
2020-09-28,2020-10-02,Suape,1.716892
2020-09-28,2020-10-02,Aratu,1.735522
2020-09-28,2020-10-02,Santos,1.782216
2020-09-28,2020-10-02,Paranagua,1.770224
2020-09-28,2020-10-02,Tramandai,1.769032
2020-09-28,2020-10-02,Guamaré,1.885256
2020-09-28,2020-10-02,Duque de Caxias,1.978802
2020-09-28,2020-10-02,Betim,2.001436
2020-09-28,2020-10-02,Cubatão,1.819756
2020-09-28,2020-10-02,Mauá,1.838676
2020-09-28,2020-10-02,Paulínia,1.884966
2020-09-28,2020-10-02,São José dos Campos,1.870156
2020-09-28,2020-10-02,Araucária,1.835094
2020-09-28,2020-10-02,Canoas,1.833672
2020-10-05,2020-10-09,Manaus,1.738696
2020-10-05,2020-10-09,Itaqui,1.765386
2020-10-05,2020-10-09,Suape,1.737054
2020-10-05,2020-10-09,Aratu,1.754696
2020-10-05,2020-10-09,Santos,1.800082
2020-10-05,2020-10-09,Paranagua,1.787972
2020-10-05,2020-10-09,Tramandai,1.786834
2020-10-05,2020-10-09,Guamaré,1.903618
2020-10-05,2020-10-09,Duque de Caxias,1.994564
2020-10-05,2020-10-09,Betim,2.016952
2020-10-05,2020-10-09,Cubatão,1.837216
2020-10-05,2020-10-09,Mauá,1.855936
2020-10-05,2020-10-09,Paulínia,1.901732
2020-10-05,2020-10-09,São José dos Campos,1.887078
2020-10-05,2020-10-09,Araucária,1.852146
2020-10-05,2020-10-09,Canoas,1.850784
2020-10-12,2020-10-16,Manaus,1.764632
2020-10-12,2020-10-16,Itaqui,1.784632
2020-10-12,2020-10-16,Suape,1.758872
2020-10-12,2020-10-16,Aratu,1.773770
2020-10-12,2020-10-16,Santos,1.815412
2020-10-12,2020-10-16,Paranagua,1.803198
2020-10-12,2020-10-16,Tramandai,1.801686
2020-10-12,2020-10-16,Guamaré,1.925782
2020-10-12,2020-10-16,Duque de Caxias,2.010296
2020-10-12,2020-10-16,Betim,2.032732
2020-10-12,2020-10-16,Cubatão,1.852624
2020-10-12,2020-10-16,Mauá,1.871382
2020-10-12,2020-10-16,Paulínia,1.917272
2020-10-12,2020-10-16,São José dos Campos,1.902590
2020-10-12,2020-10-16,Araucária,1.867510
2020-10-12,2020-10-16,Canoas,1.865766
2020-10-19,2020-10-23,Manaus,1.723172
2020-10-19,2020-10-23,Itaqui,1.740906
2020-10-19,2020-10-23,Suape,1.716004
2020-10-19,2020-10-23,Aratu,1.730024
2020-10-19,2020-10-23,Santos,1.770488
2020-10-19,2020-10-23,Paranagua,1.758174
2020-10-19,2020-10-23,Tramandai,1.756708
2020-10-19,2020-10-23,Guamaré,1.883072
2020-10-19,2020-10-23,Duque de Caxias,1.965562
2020-10-19,2020-10-23,Betim,1.988018
2020-10-19,2020-10-23,Cubatão,1.807742
2020-10-19,2020-10-23,Mauá,1.826516
2020-10-19,2020-10-23,Paulínia,1.872450
2020-10-19,2020-10-23,São José dos Campos,1.857750
2020-10-19,2020-10-23,Araucária,1.822542
2020-10-19,2020-10-23,Canoas,1.820850
2020-10-26,2020-10-30,Manaus,1.709232
2020-10-26,2020-10-30,Itaqui,1.725870
2020-10-26,2020-10-30,Suape,1.701202
2020-10-26,2020-10-30,Aratu,1.714966
2020-10-26,2020-10-30,Santos,1.755082
2020-10-26,2020-10-30,Paranagua,1.742774
2020-10-26,2020-10-30,Tramandai,1.741244
2020-10-26,2020-10-30,Guamaré,1.871636
2020-10-26,2020-10-30,Duque de Caxias,1.954086
2020-10-26,2020-10-30,Betim,1.977000
2020-10-26,2020-10-30,Cubatão,1.793086
2020-10-26,2020-10-30,Mauá,1.812240
2020-10-26,2020-10-30,Paulínia,1.859100
2020-10-26,2020-10-30,São José dos Campos,1.844106
2020-10-26,2020-10-30,Araucária,1.808440
2020-10-26,2020-10-30,Canoas,1.806678
2020-11-02,2020-11-06,Manaus,1.702624
2020-11-02,2020-11-06,Itaqui,1.719016
2020-11-02,2020-11-06,Suape,1.694584
2020-11-02,2020-11-06,Aratu,1.708082
2020-11-02,2020-11-06,Santos,1.747820
2020-11-02,2020-11-06,Paranagua,1.735526
2020-11-02,2020-11-06,Tramandai,1.733888
2020-11-02,2020-11-06,Guamaré,1.862598
2020-11-02,2020-11-06,Duque de Caxias,1.943994
2020-11-02,2020-11-06,Betim,1.966578
2020-11-02,2020-11-06,Cubatão,1.785280
2020-11-02,2020-11-06,Mauá,1.804160
2020-11-02,2020-11-06,Paulínia,1.850356
2020-11-02,2020-11-06,São José dos Campos,1.835576
2020-11-02,2020-11-06,Araucária,1.800260
2020-11-02,2020-11-06,Canoas,1.798394
2020-11-09,2020-11-13,Manaus,1.759208
2020-11-09,2020-11-13,Itaqui,1.774776
2020-11-09,2020-11-13,Suape,1.750990
2020-11-09,2020-11-13,Aratu,1.763822
2020-11-09,2020-11-13,Santos,1.802668
2020-11-09,2020-11-13,Paranagua,1.790308
2020-11-09,2020-11-13,Tramandai,1.788682
2020-11-09,2020-11-13,Guamaré,1.913266
2020-11-09,2020-11-13,Duque de Caxias,1.992144
2020-11-09,2020-11-13,Betim,2.013958
2020-11-09,2020-11-13,Cubatão,1.838850
2020-11-09,2020-11-13,Mauá,1.857086
2020-11-09,2020-11-13,Paulínia,1.901706
2020-11-09,2020-11-13,São José dos Campos,1.887426
2020-11-09,2020-11-13,Araucária,1.852830
2020-11-09,2020-11-13,Canoas,1.850984
2020-11-16,2020-11-20,Manaus,1.772424
2020-11-16,2020-11-20,Itaqui,1.786870
2020-11-16,2020-11-20,Suape,1.763636
2020-11-16,2020-11-20,Aratu,1.775874
2020-11-16,2020-11-20,Santos,1.813910
2020-11-16,2020-11-20,Paranagua,1.801530
2020-11-16,2020-11-20,Tramandai,1.799814
2020-11-16,2020-11-20,Guamaré,1.923840
2020-11-16,2020-11-20,Duque de Caxias,2.000960
2020-11-16,2020-11-20,Betim,2.022496
2020-11-16,2020-11-20,Cubatão,1.849628
2020-11-16,2020-11-20,Mauá,1.867634
2020-11-16,2020-11-20,Paulínia,1.911680
2020-11-16,2020-11-20,São José dos Campos,1.897586
2020-11-16,2020-11-20,Araucária,1.863254
2020-11-16,2020-11-20,Canoas,1.861320
2020-11-23,2020-11-25,Manaus,1.896187
2020-11-23,2020-11-25,Itaqui,1.910830
2020-11-23,2020-11-25,Suape,1.887477
2020-11-23,2020-11-25,Aratu,1.899867
2020-11-23,2020-11-25,Santos,1.938133
2020-11-23,2020-11-25,Paranagua,1.925710
2020-11-23,2020-11-25,Tramandai,1.924133
2020-11-23,2020-11-25,Guamaré,2.048320
2020-11-23,2020-11-25,Duque de Caxias,2.125937
2020-11-23,2020-11-25,Betim,2.147557
2020-11-23,2020-11-25,Cubatão,1.973993
2020-11-23,2020-11-25,Mauá,1.992073
2020-11-23,2020-11-25,Paulínia,2.036297
2020-11-23,2020-11-25,São José dos Campos,2.022143
2020-11-23,2020-11-25,Araucária,1.987680
2020-11-23,2020-11-25,Canoas,1.985887
2020-11-30,2020-12-04,Manaus,1.887292
2020-11-30,2020-12-04,Itaqui,1.900986
2020-11-30,2020-12-04,Suape,1.878296
2020-11-30,2020-12-04,Aratu,1.889924
2020-11-30,2020-12-04,Santos,1.927098
2020-11-30,2020-12-04,Paranagua,1.914762
2020-11-30,2020-12-04,Tramandai,1.912820
2020-11-30,2020-12-04,Guamaré,2.034288
2020-11-30,2020-12-04,Duque de Caxias,2.109242
2020-11-30,2020-12-04,Betim,2.130210
2020-11-30,2020-12-04,Cubatão,1.961880
2020-11-30,2020-12-04,Mauá,1.979412
2020-11-30,2020-12-04,Paulínia,2.022302
2020-11-30,2020-12-04,São José dos Campos,2.008578
2020-11-30,2020-12-04,Araucária,1.974860
2020-11-30,2020-12-04,Canoas,1.972710
2020-12-07,2020-12-11,Manaus,1.879474
2020-12-07,2020-12-11,Itaqui,1.893140
2020-12-07,2020-12-11,Suape,1.870688
2020-12-07,2020-12-11,Aratu,1.882012
2020-12-07,2020-12-11,Santos,1.918720
2020-12-07,2020-12-11,Paranagua,1.906474
2020-12-07,2020-12-11,Tramandai,1.904232
2020-12-07,2020-12-11,Guamaré,2.023044
2020-12-07,2020-12-11,Duque de Caxias,2.096610
2020-12-07,2020-12-11,Betim,2.117092
2020-12-07,2020-12-11,Cubatão,1.952686
2020-12-07,2020-12-11,Mauá,1.969808
2020-12-07,2020-12-11,Paulínia,2.011698
2020-12-07,2020-12-11,São José dos Campos,1.998296
2020-12-07,2020-12-11,Araucária,1.965176
2020-12-07,2020-12-11,Canoas,1.962726
2020-12-14,2020-12-18,Manaus,1.963314
2020-12-14,2020-12-18,Itaqui,1.980648
2020-12-14,2020-12-18,Suape,1.956776
2020-12-14,2020-12-18,Aratu,1.969626
2020-12-14,2020-12-18,Santos,2.008422
2020-12-14,2020-12-18,Paranagua,1.996220
2020-12-14,2020-12-18,Tramandai,1.994228
2020-12-14,2020-12-18,Guamaré,2.109104
2020-12-14,2020-12-18,Duque de Caxias,2.186278
2020-12-14,2020-12-18,Betim,2.206758
2020-12-14,2020-12-18,Cubatão,2.042386
2020-12-14,2020-12-18,Mauá,2.059504
2020-12-14,2020-12-18,Paulínia,2.101382
2020-12-14,2020-12-18,São José dos Campos,2.087982
2020-12-14,2020-12-18,Araucária,2.054912
2020-12-14,2020-12-18,Canoas,2.052708
2020-12-21,2020-12-24,Manaus,2.027910
2020-12-21,2020-12-24,Itaqui,2.057335
2020-12-21,2020-12-24,Suape,2.028655
2020-12-21,2020-12-24,Aratu,2.046588
2020-12-21,2020-12-24,Santos,2.092283
2020-12-21,2020-12-24,Paranagua,2.080358
2020-12-21,2020-12-24,Tramandai,2.078855
2020-12-21,2020-12-24,Guamaré,2.183370
2020-12-21,2020-12-24,Duque de Caxias,2.272930
2020-12-21,2020-12-24,Betim,2.293728
2020-12-21,2020-12-24,Cubatão,2.126778
2020-12-21,2020-12-24,Mauá,2.144165
2020-12-21,2020-12-24,Paulínia,2.186705
2020-12-21,2020-12-24,São José dos Campos,2.173095
2020-12-21,2020-12-24,Araucária,2.139973
2020-12-21,2020-12-24,Canoas,2.138253
2020-12-28,2020-12-31,Manaus,2.033200
2020-12-28,2020-12-31,Itaqui,2.061105
2020-12-28,2020-12-31,Suape,2.032983
2020-12-28,2020-12-31,Aratu,2.050278
2020-12-28,2020-12-31,Santos,2.095065
2020-12-28,2020-12-31,Paranagua,2.083203
2020-12-28,2020-12-31,Tramandai,2.081410
2020-12-28,2020-12-31,Guamaré,2.188430
2020-12-28,2020-12-31,Duque de Caxias,2.276568
2020-12-28,2020-12-31,Betim,2.297463
2020-12-28,2020-12-31,Cubatão,2.129723
2020-12-28,2020-12-31,Mauá,2.147193
2020-12-28,2020-12-31,Paulínia,2.189930
2020-12-28,2020-12-31,São José dos Campos,2.176255
2020-12-28,2020-12-31,Araucária,2.143095
2020-12-28,2020-12-31,Canoas,2.141090
2021-01-04,2021-01-08,Manaus,2.084400
2021-01-04,2021-01-08,Itaqui,2.109270
2021-01-04,2021-01-08,Suape,2.082120
2021-01-04,2021-01-08,Aratu,2.098428
2021-01-04,2021-01-08,Santos,2.140622
2021-01-04,2021-01-08,Paranagua,2.129246
2021-01-04,2021-01-08,Tramandai,2.124396
2021-01-04,2021-01-08,Guamaré,2.241188
2021-01-04,2021-01-08,Duque de Caxias,2.326348
2021-01-04,2021-01-08,Betim,2.347734
2021-01-04,2021-01-08,Cubatão,2.176090
2021-01-04,2021-01-08,Mauá,2.193964
2021-01-04,2021-01-08,Paulínia,2.237698
2021-01-04,2021-01-08,São José dos Campos,2.223704
2021-01-04,2021-01-08,Araucária,2.190534
2021-01-04,2021-01-08,Canoas,2.185468
2021-01-11,2021-01-15,Manaus,2.210790
2021-01-11,2021-01-15,Itaqui,2.238214
2021-01-11,2021-01-15,Suape,2.210068
2021-01-11,2021-01-15,Aratu,2.227472
2021-01-11,2021-01-15,Santos,2.271084
2021-01-11,2021-01-15,Paranagua,2.259736
2021-01-11,2021-01-15,Tramandai,2.254946
2021-01-11,2021-01-15,Guamaré,2.369120
2021-01-11,2021-01-15,Duque de Caxias,2.456798
2021-01-11,2021-01-15,Betim,2.478178
2021-01-11,2021-01-15,Cubatão,2.306548
2021-01-11,2021-01-15,Mauá,2.324422
2021-01-11,2021-01-15,Paulínia,2.368154
2021-01-11,2021-01-15,São José dos Campos,2.354160
2021-01-11,2021-01-15,Araucária,2.321018
2021-01-11,2021-01-15,Canoas,2.316012
2021-01-18,2021-01-22,Manaus,2.231338
2021-01-18,2021-01-22,Itaqui,2.260818
2021-01-18,2021-01-22,Suape,2.231810
2021-01-18,2021-01-22,Aratu,2.250048
2021-01-18,2021-01-22,Santos,2.294643
2021-01-18,2021-01-22,Paranagua,2.283533
2021-01-18,2021-01-22,Tramandai,2.278253
2021-01-18,2021-01-22,Guamaré,2.392403
2021-01-18,2021-01-22,Duque de Caxias,2.482148
2021-01-18,2021-01-22,Betim,2.503738
2021-01-18,2021-01-22,Cubatão,2.330445
2021-01-18,2021-01-22,Mauá,2.348495
2021-01-18,2021-01-22,Paulínia,2.392648
2021-01-18,2021-01-22,São José dos Campos,2.378523
2021-01-18,2021-01-22,Araucária,2.345408
2021-01-18,2021-01-22,Canoas,2.339908
2021-01-25,2021-01-29,Manaus,2.225534
2021-01-25,2021-01-29,Itaqui,2.251830
2021-01-25,2021-01-29,Suape,2.223974
2021-01-25,2021-01-29,Aratu,2.240980
2021-01-25,2021-01-29,Santos,2.283998
2021-01-25,2021-01-29,Paranagua,2.272800
2021-01-25,2021-01-29,Tramandai,2.267598
2021-01-25,2021-01-29,Guamaré,2.385992
2021-01-25,2021-01-29,Duque de Caxias,2.473172
2021-01-25,2021-01-29,Betim,2.494954
2021-01-25,2021-01-29,Cubatão,2.320122
2021-01-25,2021-01-29,Mauá,2.338330
2021-01-25,2021-01-29,Paulínia,2.382874
2021-01-25,2021-01-29,São José dos Campos,2.368622
2021-01-25,2021-01-29,Araucária,2.335222
2021-01-25,2021-01-29,Canoas,2.329802
2021-02-01,2021-02-05,Manaus,2.313020
2021-02-01,2021-02-05,Itaqui,2.340450
2021-02-01,2021-02-05,Suape,2.312206
2021-02-01,2021-02-05,Aratu,2.329580
2021-02-01,2021-02-05,Santos,2.373022
2021-02-01,2021-02-05,Paranagua,2.361956
2021-02-01,2021-02-05,Tramandai,2.356482
2021-02-01,2021-02-05,Guamaré,2.473656
2021-02-01,2021-02-05,Duque de Caxias,2.561536
2021-02-01,2021-02-05,Betim,2.583242
2021-02-01,2021-02-05,Cubatão,2.409020
2021-02-01,2021-02-05,Mauá,2.427166
2021-02-01,2021-02-05,Paulínia,2.471554
2021-02-01,2021-02-05,São José dos Campos,2.457350
2021-02-01,2021-02-05,Araucária,2.424158
2021-02-01,2021-02-05,Canoas,2.418468
2021-02-08,2021-02-12,Manaus,2.431208
2021-02-08,2021-02-12,Itaqui,2.445244
2021-02-08,2021-02-12,Suape,2.430192
2021-02-08,2021-02-12,Aratu,2.447354
2021-02-08,2021-02-12,Santos,2.483314
2021-02-08,2021-02-12,Paranagua,2.479446
2021-02-08,2021-02-12,Tramandai,2.473950
2021-02-08,2021-02-12,Guamaré,2.590982
2021-02-08,2021-02-12,Duque de Caxias,2.671056
2021-02-08,2021-02-12,Betim,2.692668
2021-02-08,2021-02-12,Cubatão,2.519164
2021-02-08,2021-02-12,Mauá,2.537232
2021-02-08,2021-02-12,Paulínia,2.581442
2021-02-08,2021-02-12,São José dos Campos,2.567296
2021-02-08,2021-02-12,Araucária,2.541396
2021-02-08,2021-02-12,Canoas,2.535682
2021-02-15,2021-02-19,Manaus,2.548775
2021-02-15,2021-02-19,Itaqui,2.560223
2021-02-15,2021-02-19,Suape,2.546118
2021-02-15,2021-02-19,Aratu,2.562268
2021-02-15,2021-02-19,Santos,2.592135
2021-02-15,2021-02-19,Paranagua,2.592983
2021-02-15,2021-02-19,Tramandai,2.587575
2021-02-15,2021-02-19,Guamaré,2.707750
2021-02-15,2021-02-19,Duque de Caxias,2.780858
2021-02-15,2021-02-19,Betim,2.802585
2021-02-15,2021-02-19,Cubatão,2.628173
2021-02-15,2021-02-19,Mauá,2.646338
2021-02-15,2021-02-19,Paulínia,2.690778
2021-02-15,2021-02-19,São José dos Campos,2.676558
2021-02-15,2021-02-19,Araucária,2.655258
2021-02-15,2021-02-19,Canoas,2.649630
2021-02-22,2021-02-26,Manaus,2.680770
2021-02-22,2021-02-26,Itaqui,2.691864
2021-02-22,2021-02-26,Suape,2.677764
2021-02-22,2021-02-26,Aratu,2.693942
2021-02-22,2021-02-26,Santos,2.723882
2021-02-22,2021-02-26,Paranagua,2.724666
2021-02-22,2021-02-26,Tramandai,2.719406
2021-02-22,2021-02-26,Guamaré,2.841616
2021-02-22,2021-02-26,Duque de Caxias,2.915194
2021-02-22,2021-02-26,Betim,2.937220
2021-02-22,2021-02-26,Cubatão,2.760410
2021-02-22,2021-02-26,Mauá,2.778826
2021-02-22,2021-02-26,Paulínia,2.823874
2021-02-22,2021-02-26,São José dos Campos,2.809460
2021-02-22,2021-02-26,Araucária,2.787796
2021-02-22,2021-02-26,Canoas,2.782318
2021-03-01,2021-03-05,Manaus,2.723996
2021-03-01,2021-03-05,Itaqui,2.734640
2021-03-01,2021-03-05,Suape,2.720356
2021-03-01,2021-03-05,Aratu,2.736810
2021-03-01,2021-03-05,Santos,2.767196
2021-03-01,2021-03-05,Paranagua,2.767820
2021-03-01,2021-03-05,Tramandai,2.762990
2021-03-01,2021-03-05,Guamaré,2.889894
2021-03-01,2021-03-05,Duque de Caxias,2.965152
2021-03-01,2021-03-05,Betim,2.987940
2021-03-01,2021-03-05,Cubatão,2.804996
2021-03-01,2021-03-05,Mauá,2.824050
2021-03-01,2021-03-05,Paulínia,2.870664
2021-03-01,2021-03-05,São José dos Campos,2.855748
2021-03-01,2021-03-05,Araucária,2.833138
2021-03-01,2021-03-05,Canoas,2.828082
2021-03-08,2021-03-12,Manaus,2.801760
2021-03-08,2021-03-12,Itaqui,2.815684
2021-03-08,2021-03-12,Suape,2.800144
2021-03-08,2021-03-12,Aratu,2.817970
2021-03-08,2021-03-12,Santos,2.839850
2021-03-08,2021-03-12,Paranagua,2.828094
2021-03-08,2021-03-12,Tramandai,2.846010
2021-03-08,2021-03-12,Guamaré,2.969402
2021-03-08,2021-03-12,Duque de Caxias,3.037486
2021-03-08,2021-03-12,Betim,3.060238
2021-03-08,2021-03-12,Cubatão,2.877592
2021-03-08,2021-03-12,Mauá,2.896614
2021-03-08,2021-03-12,Paulínia,2.943150
2021-03-08,2021-03-12,São José dos Campos,2.928258
2021-03-08,2021-03-12,Araucária,2.893310
2021-03-08,2021-03-12,Canoas,2.910994
2021-03-15,2021-03-19,Manaus,2.723322
2021-03-15,2021-03-19,Itaqui,2.738228
2021-03-15,2021-03-19,Suape,2.722486
2021-03-15,2021-03-19,Aratu,2.740472
2021-03-15,2021-03-19,Santos,2.762540
2021-03-15,2021-03-19,Paranagua,2.750830
2021-03-15,2021-03-19,Tramandai,2.768498
2021-03-15,2021-03-19,Guamaré,2.888886
2021-03-15,2021-03-19,Duque de Caxias,2.956830
2021-03-15,2021-03-19,Betim,2.979200
2021-03-15,2021-03-19,Cubatão,2.799644
2021-03-15,2021-03-19,Mauá,2.818342
2021-03-15,2021-03-19,Paulínia,2.864090
2021-03-15,2021-03-19,São José dos Campos,2.849454
2021-03-15,2021-03-19,Araucária,2.814942
2021-03-15,2021-03-19,Canoas,2.832388
2021-03-22,2021-03-26,Manaus,2.552508
2021-03-22,2021-03-26,Itaqui,2.566100
2021-03-22,2021-03-26,Suape,2.550814
2021-03-22,2021-03-26,Aratu,2.568330
2021-03-22,2021-03-26,Santos,2.589830
2021-03-22,2021-03-26,Paranagua,2.578016
2021-03-22,2021-03-26,Tramandai,2.595824
2021-03-22,2021-03-26,Guamaré,2.718002
2021-03-22,2021-03-26,Duque de Caxias,2.785036
2021-03-22,2021-03-26,Betim,2.807508
2021-03-22,2021-03-26,Cubatão,2.627104
2021-03-22,2021-03-26,Mauá,2.645896
2021-03-22,2021-03-26,Paulínia,2.691858
2021-03-22,2021-03-26,São José dos Campos,2.677150
2021-03-22,2021-03-26,Araucária,2.642432
2021-03-22,2021-03-26,Canoas,2.660008
2021-03-29,2021-04-01,Manaus,2.615190
2021-03-29,2021-04-01,Itaqui,2.635005
2021-03-29,2021-04-01,Suape,2.617098
2021-03-29,2021-04-01,Aratu,2.637425
2021-03-29,2021-04-01,Santos,2.662343
2021-03-29,2021-04-01,Paranagua,2.651100
2021-03-29,2021-04-01,Tramandai,2.668568
2021-03-29,2021-04-01,Guamaré,2.787923
2021-03-29,2021-04-01,Duque de Caxias,2.861795
2021-03-29,2021-04-01,Betim,2.884760
2021-03-29,2021-04-01,Cubatão,2.700428
2021-03-29,2021-04-01,Mauá,2.719625
2021-03-29,2021-04-01,Paulínia,2.766590
2021-03-29,2021-04-01,São José dos Campos,2.751565
2021-03-29,2021-04-01,Araucária,2.716915
2021-03-29,2021-04-01,Canoas,2.734153
2021-04-05,2021-04-09,Manaus,2.568658
2021-04-05,2021-04-09,Itaqui,2.588512
2021-04-05,2021-04-09,Suape,2.570776
2021-04-05,2021-04-09,Aratu,2.590870
2021-04-05,2021-04-09,Santos,2.615488
2021-04-05,2021-04-09,Paranagua,2.604216
2021-04-05,2021-04-09,Tramandai,2.621478
2021-04-05,2021-04-09,Guamaré,2.738714
2021-04-05,2021-04-09,Duque de Caxias,2.811570
2021-04-05,2021-04-09,Betim,2.834146
2021-04-05,2021-04-09,Cubatão,2.652928
2021-04-05,2021-04-09,Mauá,2.671802
2021-04-05,2021-04-09,Paulínia,2.717976
2021-04-05,2021-04-09,São José dos Campos,2.703202
2021-04-05,2021-04-09,Araucária,2.668918
2021-04-05,2021-04-09,Canoas,2.685954
2021-04-12,2021-04-16,Manaus,2.645332
2021-04-12,2021-04-16,Itaqui,2.661516
2021-04-12,2021-04-16,Suape,2.645116
2021-04-12,2021-04-16,Aratu,2.663846
2021-04-12,2021-04-16,Santos,2.686824
2021-04-12,2021-04-16,Paranagua,2.675252
2021-04-12,2021-04-16,Tramandai,2.692994
2021-04-12,2021-04-16,Guamaré,2.814090
2021-04-12,2021-04-16,Duque de Caxias,2.884118
2021-04-12,2021-04-16,Betim,2.906832
2021-04-12,2021-04-16,Cubatão,2.724498
2021-04-12,2021-04-16,Mauá,2.743488
2021-04-12,2021-04-16,Paulínia,2.789944
2021-04-12,2021-04-16,São José dos Campos,2.775078
2021-04-12,2021-04-16,Araucária,2.740356
2021-04-12,2021-04-16,Canoas,2.757870
2021-04-19,2021-04-23,Manaus,2.622500
2021-04-19,2021-04-23,Itaqui,2.635400
2021-04-19,2021-04-23,Suape,2.620500
2021-04-19,2021-04-23,Aratu,2.637600
2021-04-19,2021-04-23,Santos,2.658600
2021-04-19,2021-04-23,Paranagua,2.646700
2021-04-19,2021-04-23,Tramandai,2.664600
2021-04-19,2021-04-23,Guamaré,2.785500
2021-04-19,2021-04-23,Duque de Caxias,2.851300
2021-04-19,2021-04-23,Betim,2.873400
2021-04-19,2021-04-23,Cubatão,2.695400
2021-04-19,2021-04-23,Mauá,2.714000
2021-04-19,2021-04-23,Paulínia,2.759300
2021-04-19,2021-04-23,São José dos Campos,2.744800
2021-04-19,2021-04-23,Araucária,2.710300
2021-04-19,2021-04-23,Canoas,2.727900
2021-04-26,2021-04-30,Manaus,2.599052
2021-04-26,2021-04-30,Itaqui,2.613166
2021-04-26,2021-04-30,Suape,2.598024
2021-04-26,2021-04-30,Aratu,2.615288
2021-04-26,2021-04-30,Santos,2.636462
2021-04-26,2021-04-30,Paranagua,2.624632
2021-04-26,2021-04-30,Tramandai,2.642040
2021-04-26,2021-04-30,Guamaré,2.759764
2021-04-26,2021-04-30,Duque de Caxias,2.825312
2021-04-26,2021-04-30,Betim,2.847054
2021-04-26,2021-04-30,Cubatão,2.672524
2021-04-26,2021-04-30,Mauá,2.690702
2021-04-26,2021-04-30,Paulínia,2.735170
2021-04-26,2021-04-30,São José dos Campos,2.720942
2021-04-26,2021-04-30,Araucária,2.686948
2021-04-26,2021-04-30,Canoas,2.704136
2021-05-03,2021-05-07,Manaus,2.641410
2021-05-03,2021-05-07,Itaqui,2.658658
2021-05-03,2021-05-07,Suape,2.642400
2021-05-03,2021-05-07,Aratu,2.660940
2021-05-03,2021-05-07,Santos,2.683682
2021-05-03,2021-05-07,Paranagua,2.672088
2021-05-03,2021-05-07,Tramandai,2.689690
2021-05-03,2021-05-07,Guamaré,2.802034
2021-05-03,2021-05-07,Duque de Caxias,2.870074
2021-05-03,2021-05-07,Betim,2.891536
2021-05-03,2021-05-07,Cubatão,2.719276
2021-05-03,2021-05-07,Mauá,2.737216
2021-05-03,2021-05-07,Paulínia,2.781104
2021-05-03,2021-05-07,São José dos Campos,2.767064
2021-05-03,2021-05-07,Araucária,2.733592
2021-05-03,2021-05-07,Canoas,2.750976
2021-05-10,2021-05-14,Manaus,2.686882
2021-05-10,2021-05-14,Itaqui,2.723774
2021-05-10,2021-05-14,Suape,2.699978
2021-05-10,2021-05-14,Aratu,2.726774
2021-05-10,2021-05-14,Santos,2.759582
2021-05-10,2021-05-14,Paranagua,2.749598
2021-05-10,2021-05-14,Tramandai,2.766978
2021-05-10,2021-05-14,Guamaré,2.857316
2021-05-10,2021-05-14,Duque de Caxias,2.943288
2021-05-10,2021-05-14,Betim,2.964440
2021-05-10,2021-05-14,Cubatão,2.794662
2021-05-10,2021-05-14,Mauá,2.812342
2021-05-10,2021-05-14,Paulínia,2.855602
2021-05-10,2021-05-14,São José dos Campos,2.841760
2021-05-10,2021-05-14,Araucária,2.810220
2021-05-10,2021-05-14,Canoas,2.827386
2021-05-17,2021-05-21,Manaus,2.644694
2021-05-17,2021-05-21,Itaqui,2.661758
2021-05-17,2021-05-21,Suape,2.645682
2021-05-17,2021-05-21,Aratu,2.663970
2021-05-17,2021-05-21,Santos,2.686394
2021-05-17,2021-05-21,Paranagua,2.674764
2021-05-17,2021-05-21,Tramandai,2.692158
2021-05-17,2021-05-21,Guamaré,2.803684
2021-05-17,2021-05-21,Duque de Caxias,2.870882
2021-05-17,2021-05-21,Betim,2.892122
2021-05-17,2021-05-21,Cubatão,2.721624
2021-05-17,2021-05-21,Mauá,2.739384
2021-05-17,2021-05-21,Paulínia,2.782822
2021-05-17,2021-05-21,São José dos Campos,2.768922
2021-05-17,2021-05-21,Araucária,2.735640
2021-05-17,2021-05-21,Canoas,2.752820
2021-05-24,2021-05-28,Manaus,2.648060
2021-05-24,2021-05-28,Itaqui,2.660740
2021-05-24,2021-05-28,Suape,2.646368
2021-05-24,2021-05-28,Aratu,2.662824
2021-05-24,2021-05-28,Santos,2.683020
2021-05-24,2021-05-28,Paranagua,2.671022
2021-05-24,2021-05-28,Tramandai,2.688604
2021-05-24,2021-05-28,Guamaré,2.804346
2021-05-24,2021-05-28,Duque de Caxias,2.867478
2021-05-24,2021-05-28,Betim,2.888712
2021-05-24,2021-05-28,Cubatão,2.718244
2021-05-24,2021-05-28,Mauá,2.735996
2021-05-24,2021-05-28,Paulínia,2.779432
2021-05-24,2021-05-28,São José dos Campos,2.765534
2021-05-24,2021-05-28,Araucária,2.731888
2021-05-24,2021-05-28,Canoas,2.749256
2021-05-31,2021-06-04,Manaus,2.615028
2021-05-31,2021-06-04,Itaqui,2.625800
2021-05-31,2021-06-04,Suape,2.612525
2021-05-31,2021-06-04,Aratu,2.627745
2021-05-31,2021-06-04,Santos,2.646423
2021-05-31,2021-06-04,Paranagua,2.634193
2021-05-31,2021-06-04,Tramandai,2.651648
2021-05-31,2021-06-04,Guamaré,2.764618
2021-05-31,2021-06-04,Duque de Caxias,2.824005
2021-05-31,2021-06-04,Betim,2.844450
2021-05-31,2021-06-04,Cubatão,2.680330
2021-05-31,2021-06-04,Mauá,2.697428
2021-05-31,2021-06-04,Paulínia,2.739240
2021-05-31,2021-06-04,São José dos Campos,2.725863
2021-05-31,2021-06-04,Araucária,2.692790
2021-05-31,2021-06-04,Canoas,2.710038
2021-06-07,2021-06-11,Manaus,2.664232
2021-06-07,2021-06-11,Itaqui,2.679026
2021-06-07,2021-06-11,Suape,2.664240
2021-06-07,2021-06-11,Aratu,2.681046
2021-06-07,2021-06-11,Santos,2.701654
2021-06-07,2021-06-11,Paranagua,2.689752
2021-06-07,2021-06-11,Tramandai,2.706890
2021-06-07,2021-06-11,Guamaré,2.815676
2021-06-07,2021-06-11,Duque de Caxias,2.878470
2021-06-07,2021-06-11,Betim,2.898826
2021-06-07,2021-06-11,Cubatão,2.735416
2021-06-07,2021-06-11,Mauá,2.752434
2021-06-07,2021-06-11,Paulínia,2.794070
2021-06-07,2021-06-11,São José dos Campos,2.780748
2021-06-07,2021-06-11,Araucária,2.748098
2021-06-07,2021-06-11,Canoas,2.765028
2021-06-14,2021-06-18,Manaus,2.710628
2021-06-14,2021-06-18,Itaqui,2.729748
2021-06-14,2021-06-18,Suape,2.713338
2021-06-14,2021-06-18,Aratu,2.731820
2021-06-14,2021-06-18,Santos,2.754450
2021-06-14,2021-06-18,Paranagua,2.742912
2021-06-14,2021-06-18,Tramandai,2.759558
2021-06-14,2021-06-18,Guamaré,2.864310
2021-06-14,2021-06-18,Duque de Caxias,2.930730
2021-06-14,2021-06-18,Betim,2.951026
2021-06-14,2021-06-18,Cubatão,2.788112
2021-06-14,2021-06-18,Mauá,2.805080
2021-06-14,2021-06-18,Paulínia,2.846588
2021-06-14,2021-06-18,São José dos Campos,2.833306
2021-06-14,2021-06-18,Araucária,2.801080
2021-06-14,2021-06-18,Canoas,2.817520
2021-06-21,2021-06-25,Manaus,2.669894
2021-06-21,2021-06-25,Itaqui,2.684834
2021-06-21,2021-06-25,Suape,2.670176
2021-06-21,2021-06-25,Aratu,2.686804
2021-06-21,2021-06-25,Santos,2.707188
2021-06-21,2021-06-25,Paranagua,2.695264
2021-06-21,2021-06-25,Tramandai,2.712242
2021-06-21,2021-06-25,Guamaré,2.818676
2021-06-21,2021-06-25,Duque de Caxias,2.880576
2021-06-21,2021-06-25,Betim,2.900540
2021-06-21,2021-06-25,Cubatão,2.740296
2021-06-21,2021-06-25,Mauá,2.756984
2021-06-21,2021-06-25,Paulínia,2.797812
2021-06-21,2021-06-25,São José dos Campos,2.784748
2021-06-21,2021-06-25,Araucária,2.752482
2021-06-21,2021-06-25,Canoas,2.769256
2021-06-28,2021-07-02,Manaus,2.696594
2021-06-28,2021-07-02,Itaqui,2.717132
2021-06-28,2021-07-02,Suape,2.700260
2021-06-28,2021-07-02,Aratu,2.719320
2021-06-28,2021-07-02,Santos,2.742666
2021-06-28,2021-07-02,Paranagua,2.731218
2021-06-28,2021-07-02,Tramandai,2.748156
2021-06-28,2021-07-02,Guamaré,2.849206
2021-06-28,2021-07-02,Duque de Caxias,2.916576
2021-06-28,2021-07-02,Betim,2.936598
2021-06-28,2021-07-02,Cubatão,2.775874
2021-06-28,2021-07-02,Mauá,2.792616
2021-06-28,2021-07-02,Paulínia,2.833566
2021-06-28,2021-07-02,São José dos Campos,2.820462
2021-06-28,2021-07-02,Araucária,2.788606
2021-06-28,2021-07-02,Canoas,2.805340
2021-07-05,2021-07-09,Manaus,2.809543
2021-07-05,2021-07-09,Itaqui,2.825993
2021-07-05,2021-07-09,Suape,2.810308
2021-07-05,2021-07-09,Aratu,2.828030
2021-07-05,2021-07-09,Santos,2.849745
2021-07-05,2021-07-09,Paranagua,2.838045
2021-07-05,2021-07-09,Tramandai,2.854860
2021-07-05,2021-07-09,Guamaré,2.966510
2021-07-05,2021-07-09,Duque de Caxias,3.032128
2021-07-05,2021-07-09,Betim,3.053123
2021-07-05,2021-07-09,Cubatão,2.884568
2021-07-05,2021-07-09,Mauá,2.902125
2021-07-05,2021-07-09,Paulínia,2.945073
2021-07-05,2021-07-09,São José dos Campos,2.931330
2021-07-05,2021-07-09,Araucária,2.898225
2021-07-05,2021-07-09,Canoas,2.914833
2021-07-12,2021-07-16,Manaus,2.781734
2021-07-12,2021-07-16,Itaqui,2.796886
2021-07-12,2021-07-16,Suape,2.781854
2021-07-12,2021-07-16,Aratu,2.798932
2021-07-12,2021-07-16,Santos,2.819874
2021-07-12,2021-07-16,Paranagua,2.808028
2021-07-12,2021-07-16,Tramandai,2.825162
2021-07-12,2021-07-16,Guamaré,2.935204
2021-07-12,2021-07-16,Duque de Caxias,2.998932
2021-07-12,2021-07-16,Betim,3.019546
2021-07-12,2021-07-16,Cubatão,2.854066
2021-07-12,2021-07-16,Mauá,2.871300
2021-07-12,2021-07-16,Paulínia,2.913464
2021-07-12,2021-07-16,São José dos Campos,2.899972
2021-07-12,2021-07-16,Araucária,2.867116
2021-07-12,2021-07-16,Canoas,2.884040
2021-07-19,2021-07-23,Manaus,2.713544
2021-07-19,2021-07-23,Itaqui,2.728946
2021-07-19,2021-07-23,Suape,2.713660
2021-07-19,2021-07-23,Aratu,2.731038
2021-07-19,2021-07-23,Santos,2.752342
2021-07-19,2021-07-23,Paranagua,2.740546
2021-07-19,2021-07-23,Tramandai,2.757762
2021-07-19,2021-07-23,Guamaré,2.869496
2021-07-19,2021-07-23,Duque de Caxias,2.934296
2021-07-19,2021-07-23,Betim,2.955248
2021-07-19,2021-07-23,Cubatão,2.787086
2021-07-19,2021-07-23,Mauá,2.804600
2021-07-19,2021-07-23,Paulínia,2.847446
2021-07-19,2021-07-23,São José dos Campos,2.833736
2021-07-19,2021-07-23,Araucária,2.800586
2021-07-19,2021-07-23,Canoas,2.817590
2021-07-26,2021-07-30,Manaus,2.790562
2021-07-26,2021-07-30,Itaqui,2.807100
2021-07-26,2021-07-30,Suape,2.791480
2021-07-26,2021-07-30,Aratu,2.809214
2021-07-26,2021-07-30,Santos,2.830950
2021-07-26,2021-07-30,Paranagua,2.819230
2021-07-26,2021-07-30,Tramandai,2.836392
2021-07-26,2021-07-30,Guamaré,2.945550
2021-07-26,2021-07-30,Duque de Caxias,3.010848
2021-07-26,2021-07-30,Betim,3.031560
2021-07-26,2021-07-30,Cubatão,2.865304
2021-07-26,2021-07-30,Mauá,2.882618
2021-07-26,2021-07-30,Paulínia,2.924980
2021-07-26,2021-07-30,São José dos Campos,2.911422
2021-07-26,2021-07-30,Araucária,2.878592
2021-07-26,2021-07-30,Canoas,2.895544
2021-08-02,2021-08-06,Manaus,2.761448
2021-08-02,2021-08-06,Itaqui,2.778388
2021-08-02,2021-08-06,Suape,2.762542
2021-08-02,2021-08-06,Aratu,2.780486
2021-08-02,2021-08-06,Santos,2.802476
2021-08-02,2021-08-06,Paranagua,2.790806
2021-08-02,2021-08-06,Tramandai,2.807804
2021-08-02,2021-08-06,Guamaré,2.917986
2021-08-02,2021-08-06,Duque de Caxias,2.983974
2021-08-02,2021-08-06,Betim,3.004870
2021-08-02,2021-08-06,Cubatão,2.837134
2021-08-02,2021-08-06,Mauá,2.854602
2021-08-02,2021-08-06,Paulínia,2.897342
2021-08-02,2021-08-06,São José dos Campos,2.883664
2021-08-02,2021-08-06,Araucária,2.850698
2021-08-02,2021-08-06,Canoas,2.867484
2021-08-09,2021-08-13,Manaus,2.708326
2021-08-09,2021-08-13,Itaqui,2.723802
2021-08-09,2021-08-13,Suape,2.708482
2021-08-09,2021-08-13,Aratu,2.725874
2021-08-09,2021-08-13,Santos,2.747194
2021-08-09,2021-08-13,Paranagua,2.735408
2021-08-09,2021-08-13,Tramandai,2.752524
2021-08-09,2021-08-13,Guamaré,2.864570
2021-08-09,2021-08-13,Duque de Caxias,2.929446
2021-08-09,2021-08-13,Betim,2.950426
2021-08-09,2021-08-13,Cubatão,2.781996
2021-08-09,2021-08-13,Mauá,2.799538
2021-08-09,2021-08-13,Paulínia,2.842454
2021-08-09,2021-08-13,São José dos Campos,2.828720
2021-08-09,2021-08-13,Araucária,2.795548
2021-08-09,2021-08-13,Canoas,2.812454
2021-08-16,2021-08-20,Manaus,2.703774
2021-08-16,2021-08-20,Itaqui,2.716412
2021-08-16,2021-08-20,Suape,2.701948
2021-08-16,2021-08-20,Aratu,2.718534
2021-08-16,2021-08-20,Santos,2.738890
2021-08-16,2021-08-20,Paranagua,2.726906
2021-08-16,2021-08-20,Tramandai,2.744596
2021-08-16,2021-08-20,Guamaré,2.861646
2021-08-16,2021-08-20,Duque de Caxias,2.925350
2021-08-16,2021-08-20,Betim,2.946818
2021-08-16,2021-08-20,Cubatão,2.774494
2021-08-16,2021-08-20,Mauá,2.792446
2021-08-16,2021-08-20,Paulínia,2.836350
2021-08-16,2021-08-20,São José dos Campos,2.822300
2021-08-16,2021-08-20,Araucária,2.788434
2021-08-16,2021-08-20,Canoas,2.805906
2021-08-23,2021-08-27,Manaus,2.713354
2021-08-23,2021-08-27,Itaqui,2.724518
2021-08-23,2021-08-27,Suape,2.710772
2021-08-23,2021-08-27,Aratu,2.726570
2021-08-23,2021-08-27,Santos,2.745964
2021-08-23,2021-08-27,Paranagua,2.733828
2021-08-23,2021-08-27,Tramandai,2.751542
2021-08-23,2021-08-27,Guamaré,2.868008
2021-08-23,2021-08-27,Duque de Caxias,2.929556
2021-08-23,2021-08-27,Betim,2.950690
2021-08-23,2021-08-27,Cubatão,2.781024
2021-08-23,2021-08-27,Mauá,2.798692
2021-08-23,2021-08-27,Paulínia,2.841924
2021-08-23,2021-08-27,São José dos Campos,2.828092
2021-08-23,2021-08-27,Araucária,2.794406
2021-08-23,2021-08-27,Canoas,2.811908
2021-08-30,2021-09-03,Manaus,2.812156
2021-08-30,2021-09-03,Itaqui,2.821072
2021-08-30,2021-09-03,Suape,2.808346
2021-08-30,2021-09-03,Aratu,2.823046
2021-08-30,2021-09-03,Santos,2.841106
2021-08-30,2021-09-03,Paranagua,2.828750
2021-08-30,2021-09-03,Tramandai,2.846568
2021-08-30,2021-09-03,Guamaré,2.963048
2021-08-30,2021-09-03,Duque de Caxias,3.021732
2021-08-30,2021-09-03,Betim,3.042530
2021-08-30,2021-09-03,Cubatão,2.875598
2021-08-30,2021-09-03,Mauá,2.892984
2021-08-30,2021-09-03,Paulínia,2.935516
2021-08-30,2021-09-03,São José dos Campos,2.921906
2021-08-30,2021-09-03,Araucária,2.888352
2021-08-30,2021-09-03,Canoas,2.905960
2021-09-06,2021-09-10,Manaus,2.867953
2021-09-06,2021-09-10,Itaqui,2.875673
2021-09-06,2021-09-10,Suape,2.863263
2021-09-06,2021-09-10,Aratu,2.877640
2021-09-06,2021-09-10,Santos,2.895315
2021-09-06,2021-09-10,Paranagua,2.882885
2021-09-06,2021-09-10,Tramandai,2.900828
2021-09-06,2021-09-10,Guamaré,3.020373
2021-09-06,2021-09-10,Duque de Caxias,3.078755
2021-09-06,2021-09-10,Betim,3.099873
2021-09-06,2021-09-10,Cubatão,2.930343
2021-09-06,2021-09-10,Mauá,2.947998
2021-09-06,2021-09-10,Paulínia,2.991193
2021-09-06,2021-09-10,São José dos Campos,2.977373
2021-09-06,2021-09-10,Araucária,2.943415
2021-09-06,2021-09-10,Canoas,2.961150
2021-09-13,2021-09-17,Manaus,2.931372
2021-09-13,2021-09-17,Itaqui,2.938292
2021-09-13,2021-09-17,Suape,2.926208
2021-09-13,2021-09-17,Aratu,2.940178
2021-09-13,2021-09-17,Santos,2.957348
2021-09-13,2021-09-17,Paranagua,2.944856
2021-09-13,2021-09-17,Tramandai,2.962592
2021-09-13,2021-09-17,Guamaré,3.083394
2021-09-13,2021-09-17,Duque de Caxias,3.140880
2021-09-13,2021-09-17,Betim,3.162012
2021-09-13,2021-09-17,Cubatão,2.992394
2021-09-13,2021-09-17,Mauá,3.010058
2021-09-13,2021-09-17,Paulínia,3.053276
2021-09-13,2021-09-17,São José dos Campos,3.039448
2021-09-13,2021-09-17,Araucária,3.005416
2021-09-13,2021-09-17,Canoas,3.022940
2021-09-20,2021-09-24,Manaus,3.009462
2021-09-20,2021-09-24,Itaqui,3.015812
2021-09-20,2021-09-24,Suape,3.003846
2021-09-20,2021-09-24,Aratu,3.017740
2021-09-20,2021-09-24,Santos,3.034828
2021-09-20,2021-09-24,Paranagua,3.022306
2021-09-20,2021-09-24,Tramandai,3.040266
2021-09-20,2021-09-24,Guamaré,3.162532
2021-09-20,2021-09-24,Duque de Caxias,3.220112
2021-09-20,2021-09-24,Betim,3.241444
2021-09-20,2021-09-24,Cubatão,3.070208
2021-09-20,2021-09-24,Mauá,3.088042
2021-09-20,2021-09-24,Paulínia,3.131670
2021-09-20,2021-09-24,São José dos Campos,3.117712
2021-09-20,2021-09-24,Araucária,3.083444
2021-09-20,2021-09-24,Canoas,3.101192
2021-09-27,2021-10-01,Manaus,3.207680
2021-09-27,2021-10-01,Itaqui,3.222492
2021-09-27,2021-10-01,Suape,3.207072
2021-09-27,2021-10-01,Aratu,3.224650
2021-09-27,2021-10-01,Santos,3.246212
2021-09-27,2021-10-01,Paranagua,3.234440
2021-09-27,2021-10-01,Tramandai,3.251886
2021-09-27,2021-10-01,Guamaré,3.368898
2021-09-27,2021-10-01,Duque de Caxias,3.435166
2021-09-27,2021-10-01,Betim,3.456918
2021-09-27,2021-10-01,Cubatão,3.282294
2021-09-27,2021-10-01,Mauá,3.300480
2021-09-27,2021-10-01,Paulínia,3.344974
2021-09-27,2021-10-01,São José dos Campos,3.330736
2021-09-27,2021-10-01,Araucária,3.296788
2021-09-27,2021-10-01,Canoas,3.314018
2021-10-04,2021-10-08,Manaus,3.415708
2021-10-04,2021-10-08,Itaqui,3.431848
2021-10-04,2021-10-08,Suape,3.415808
2021-10-04,2021-10-08,Aratu,3.434022
2021-10-04,2021-10-08,Santos,3.456348
2021-10-04,2021-10-08,Paranagua,3.444716
2021-10-04,2021-10-08,Tramandai,3.461952
2021-10-04,2021-10-08,Guamaré,3.579614
2021-10-04,2021-10-08,Duque de Caxias,3.647612
2021-10-04,2021-10-08,Betim,3.669630
2021-10-04,2021-10-08,Cubatão,3.492872
2021-10-04,2021-10-08,Mauá,3.511284
2021-10-04,2021-10-08,Paulínia,3.556316
2021-10-04,2021-10-08,São José dos Campos,3.541906
2021-10-04,2021-10-08,Araucária,3.507826
2021-10-04,2021-10-08,Canoas,3.524842
2021-10-11,2021-10-15,Manaus,3.527680
2021-10-11,2021-10-15,Itaqui,3.541516
2021-10-11,2021-10-15,Suape,3.526332
2021-10-11,2021-10-15,Aratu,3.543600
2021-10-11,2021-10-15,Santos,3.564776
2021-10-11,2021-10-15,Paranagua,3.552960
2021-10-11,2021-10-15,Tramandai,3.570194
2021-10-11,2021-10-15,Guamaré,3.690924
2021-10-11,2021-10-15,Duque de Caxias,3.756958
2021-10-11,2021-10-15,Betim,3.779084
2021-10-11,2021-10-15,Cubatão,3.601472
2021-10-11,2021-10-15,Mauá,3.619970
2021-10-11,2021-10-15,Paulínia,3.665224
2021-10-11,2021-10-15,São José dos Campos,3.650746
2021-10-11,2021-10-15,Araucária,3.616372
2021-10-11,2021-10-15,Canoas,3.633388
2021-10-18,2021-10-22,Manaus,3.644282
2021-10-18,2021-10-22,Itaqui,3.658894
2021-10-18,2021-10-22,Suape,3.643240
2021-10-18,2021-10-22,Aratu,3.661058
2021-10-18,2021-10-22,Santos,3.682906
2021-10-18,2021-10-22,Paranagua,3.671186
2021-10-18,2021-10-22,Tramandai,3.688550
2021-10-18,2021-10-22,Guamaré,3.810504
2021-10-18,2021-10-22,Duque de Caxias,3.878208
2021-10-18,2021-10-22,Betim,3.900690
2021-10-18,2021-10-22,Cubatão,3.720200
2021-10-18,2021-10-22,Mauá,3.738998
2021-10-18,2021-10-22,Paulínia,3.784984
2021-10-18,2021-10-22,São José dos Campos,3.770268
2021-10-18,2021-10-22,Araucária,3.735630
2021-10-18,2021-10-22,Canoas,3.752766
2021-10-25,2021-10-29,Manaus,3.630670
2021-10-25,2021-10-29,Itaqui,3.655018
2021-10-25,2021-10-29,Suape,3.635636
2021-10-25,2021-10-29,Aratu,3.657380
2021-10-25,2021-10-29,Santos,3.683992
2021-10-25,2021-10-29,Paranagua,3.673092
2021-10-25,2021-10-29,Tramandai,3.689688
2021-10-25,2021-10-29,Guamaré,3.802508
2021-10-25,2021-10-29,Duque de Caxias,3.878832
2021-10-25,2021-10-29,Betim,3.901262
2021-10-25,2021-10-29,Cubatão,3.721198
2021-10-25,2021-10-29,Mauá,3.739954
2021-10-25,2021-10-29,Paulínia,3.785832
2021-10-25,2021-10-29,São José dos Campos,3.771152
2021-10-25,2021-10-29,Araucária,3.737382
2021-10-25,2021-10-29,Canoas,3.753752
2021-11-01,2021-11-05,Manaus,3.595538
2021-11-01,2021-11-05,Itaqui,3.632280
2021-11-01,2021-11-05,Suape,3.608028
2021-11-01,2021-11-05,Aratu,3.635032
2021-11-01,2021-11-05,Santos,3.668042
2021-11-01,2021-11-05,Paranagua,3.658192
2021-11-01,2021-11-05,Tramandai,3.674320
2021-11-01,2021-11-05,Guamaré,3.775862
2021-11-01,2021-11-05,Duque de Caxias,3.864006
2021-11-01,2021-11-05,Betim,3.886568
2021-11-01,2021-11-05,Cubatão,3.705462
2021-11-01,2021-11-05,Mauá,3.724324
2021-11-01,2021-11-05,Paulínia,3.770468
2021-11-01,2021-11-05,São José dos Campos,3.755702
2021-11-01,2021-11-05,Araucária,3.722856
2021-11-01,2021-11-05,Canoas,3.738758
2021-11-08,2021-11-12,Manaus,3.503878
2021-11-08,2021-11-12,Itaqui,3.540914
2021-11-08,2021-11-12,Suape,3.516804
2021-11-08,2021-11-12,Aratu,3.543612
2021-11-08,2021-11-12,Santos,3.576374
2021-11-08,2021-11-12,Paranagua,3.566494
2021-11-08,2021-11-12,Tramandai,3.582452
2021-11-08,2021-11-12,Guamaré,3.680446
2021-11-08,2021-11-12,Duque de Caxias,3.767444
2021-11-08,2021-11-12,Betim,3.789440
2021-11-08,2021-11-12,Cubatão,3.612858
2021-11-08,2021-11-12,Mauá,3.631248
2021-11-08,2021-11-12,Paulínia,3.676238
2021-11-08,2021-11-12,São José dos Campos,3.661842
2021-11-08,2021-11-12,Araucária,3.629544
2021-11-08,2021-11-12,Canoas,3.645280
2021-11-15,2021-11-19,Manaus,3.418450
2021-11-15,2021-11-19,Itaqui,3.449168
2021-11-15,2021-11-19,Suape,3.427418
2021-11-15,2021-11-19,Aratu,3.451680
2021-11-15,2021-11-19,Santos,3.481350
2021-11-15,2021-11-19,Paranagua,3.470960
2021-11-15,2021-11-19,Tramandai,3.487160
2021-11-15,2021-11-19,Guamaré,3.592676
2021-11-15,2021-11-19,Duque de Caxias,3.674304
2021-11-15,2021-11-19,Betim,3.696522
2021-11-15,2021-11-19,Cubatão,3.518194
2021-11-15,2021-11-19,Mauá,3.536768
2021-11-15,2021-11-19,Paulínia,3.582204
2021-11-15,2021-11-19,São José dos Campos,3.567664
2021-11-15,2021-11-19,Araucária,3.534632
2021-11-15,2021-11-19,Canoas,3.550610
2021-11-22,2021-11-24,Manaus,3.369963
2021-11-22,2021-11-24,Itaqui,3.394973
2021-11-22,2021-11-24,Suape,3.375313
2021-11-22,2021-11-24,Aratu,3.397343
2021-11-22,2021-11-24,Santos,3.424297
2021-11-22,2021-11-24,Paranagua,3.413453
2021-11-22,2021-11-24,Tramandai,3.429957
2021-11-22,2021-11-24,Guamaré,3.542617
2021-11-22,2021-11-24,Duque de Caxias,3.619637
2021-11-22,2021-11-24,Betim,3.642127
2021-11-22,2021-11-24,Cubatão,3.461600
2021-11-22,2021-11-24,Mauá,3.480400
2021-11-22,2021-11-24,Paulínia,3.526397
2021-11-22,2021-11-24,São José dos Campos,3.511680
2021-11-22,2021-11-24,Araucária,3.477913
2021-11-22,2021-11-24,Canoas,3.494190
2021-11-29,2021-12-03,Manaus,3.134220
2021-11-29,2021-12-03,Itaqui,3.157620
2021-11-29,2021-12-03,Suape,3.138482
2021-11-29,2021-12-03,Aratu,3.159988
2021-11-29,2021-12-03,Santos,3.186308
2021-11-29,2021-12-03,Paranagua,3.175350
2021-11-29,2021-12-03,Tramandai,3.192064
2021-11-29,2021-12-03,Guamaré,3.307340
2021-11-29,2021-12-03,Duque de Caxias,3.383462
2021-11-29,2021-12-03,Betim,3.406160
2021-11-29,2021-12-03,Cubatão,3.223956
2021-11-29,2021-12-03,Mauá,3.242932
2021-11-29,2021-12-03,Paulínia,3.289356
2021-11-29,2021-12-03,São José dos Campos,3.274504
2021-11-29,2021-12-03,Araucária,3.240406
2021-11-29,2021-12-03,Canoas,3.256890
2021-12-06,2021-12-10,Manaus,3.216806
2021-12-06,2021-12-10,Itaqui,3.251210
2021-12-06,2021-12-10,Suape,3.227898
2021-12-06,2021-12-10,Aratu,3.253832
2021-12-06,2021-12-10,Santos,3.285530
2021-12-06,2021-12-10,Paranagua,3.275484
2021-12-06,2021-12-10,Tramandai,3.291474
2021-12-06,2021-12-10,Guamaré,3.395470
2021-12-06,2021-12-10,Duque de Caxias,3.481188
2021-12-06,2021-12-10,Betim,3.503714
2021-12-06,2021-12-10,Cubatão,3.322890
2021-12-06,2021-12-10,Mauá,3.341724
2021-12-06,2021-12-10,Paulínia,3.387798
2021-12-06,2021-12-10,São José dos Campos,3.373054
2021-12-06,2021-12-10,Araucária,3.340046
2021-12-06,2021-12-10,Canoas,3.355806
2021-12-13,2021-12-17,Manaus,3.321590
2021-12-13,2021-12-17,Itaqui,3.361448
2021-12-13,2021-12-17,Suape,3.335878
2021-12-13,2021-12-17,Aratu,3.364248
2021-12-13,2021-12-17,Santos,3.398916
2021-12-13,2021-12-17,Paranagua,3.389356
2021-12-13,2021-12-17,Tramandai,3.405124
2021-12-13,2021-12-17,Guamaré,3.505906
2021-12-13,2021-12-17,Duque de Caxias,3.597444
2021-12-13,2021-12-17,Betim,3.620302
2021-12-13,2021-12-17,Cubatão,3.436824
2021-12-13,2021-12-17,Mauá,3.455932
2021-12-13,2021-12-17,Paulínia,3.502682
2021-12-13,2021-12-17,São José dos Campos,3.487724
2021-12-13,2021-12-17,Araucária,3.454866
2021-12-13,2021-12-17,Canoas,3.470404
2021-12-20,2021-12-23,Manaus,3.323210
2021-12-20,2021-12-23,Itaqui,3.357788
2021-12-20,2021-12-23,Suape,3.334275
2021-12-20,2021-12-23,Aratu,3.360328
2021-12-20,2021-12-23,Santos,3.392153
2021-12-20,2021-12-23,Paranagua,3.382158
2021-12-20,2021-12-23,Tramandai,3.397718
2021-12-20,2021-12-23,Guamaré,3.504688
2021-12-20,2021-12-23,Duque de Caxias,3.591128
2021-12-20,2021-12-23,Betim,3.614035
2021-12-20,2021-12-23,Cubatão,3.430150
2021-12-20,2021-12-23,Mauá,3.449300
2021-12-20,2021-12-23,Paulínia,3.496153
2021-12-20,2021-12-23,São José dos Campos,3.481160
2021-12-20,2021-12-23,Araucária,3.447818
2021-12-20,2021-12-23,Canoas,3.463143
2021-12-27,2021-12-30,Manaus,3.433928
2021-12-27,2021-12-30,Itaqui,3.466150
2021-12-27,2021-12-30,Suape,3.443658
2021-12-27,2021-12-30,Aratu,3.468650
2021-12-27,2021-12-30,Santos,3.499185
2021-12-27,2021-12-30,Paranagua,3.488968
2021-12-27,2021-12-30,Tramandai,3.504770
2021-12-27,2021-12-30,Guamaré,3.612065
2021-12-27,2021-12-30,Duque de Caxias,3.695813
2021-12-27,2021-12-30,Betim,3.718453
2021-12-27,2021-12-30,Cubatão,3.536733
2021-12-27,2021-12-30,Mauá,3.555658
2021-12-27,2021-12-30,Paulínia,3.601958
2021-12-27,2021-12-30,São José dos Campos,3.587143
2021-12-27,2021-12-30,Araucária,3.553850
2021-12-27,2021-12-30,Canoas,3.569425
2022-01-03,2022-01-07,Manaus,3.529680
2022-01-03,2022-01-07,Itaqui,3.557018
2022-01-03,2022-01-07,Suape,3.536562
2022-01-03,2022-01-07,Aratu,3.559442
2022-01-03,2022-01-07,Santos,3.588084
2022-01-03,2022-01-07,Paranagua,3.577134
2022-01-03,2022-01-07,Tramandai,3.594144
2022-01-03,2022-01-07,Guamaré,3.706058
2022-01-03,2022-01-07,Duque de Caxias,3.785984
2022-01-03,2022-01-07,Betim,3.808768
2022-01-03,2022-01-07,Cubatão,3.625872
2022-01-03,2022-01-07,Mauá,3.644922
2022-01-03,2022-01-07,Paulínia,3.691518
2022-01-03,2022-01-07,São José dos Campos,3.676610
2022-01-03,2022-01-07,Araucária,3.642444
2022-01-03,2022-01-07,Canoas,3.659216
2022-01-10,2022-01-14,Manaus,3.657864
2022-01-10,2022-01-14,Itaqui,3.686334
2022-01-10,2022-01-14,Suape,3.665652
2022-01-10,2022-01-14,Aratu,3.688712
2022-01-10,2022-01-14,Santos,3.717576
2022-01-10,2022-01-14,Paranagua,3.706684
2022-01-10,2022-01-14,Tramandai,3.723406
2022-01-10,2022-01-14,Guamaré,3.831946
2022-01-10,2022-01-14,Duque de Caxias,3.911744
2022-01-10,2022-01-14,Betim,3.934100
2022-01-10,2022-01-14,Cubatão,3.754650
2022-01-10,2022-01-14,Mauá,3.773344
2022-01-10,2022-01-14,Paulínia,3.819064
2022-01-10,2022-01-14,São José dos Campos,3.804432
2022-01-10,2022-01-14,Araucária,3.770756
2022-01-10,2022-01-14,Canoas,3.787254
2022-01-17,2022-01-21,Manaus,3.783715
2022-01-17,2022-01-21,Itaqui,3.809283
2022-01-17,2022-01-21,Suape,3.789868
2022-01-17,2022-01-21,Aratu,3.811568
2022-01-17,2022-01-21,Santos,3.838730
2022-01-17,2022-01-21,Paranagua,3.827580
2022-01-17,2022-01-21,Tramandai,3.844418
2022-01-17,2022-01-21,Guamaré,3.953410
2022-01-17,2022-01-21,Duque de Caxias,4.029680
2022-01-17,2022-01-21,Betim,4.051665
2022-01-17,2022-01-21,Cubatão,3.875190
2022-01-17,2022-01-21,Mauá,3.893573
2022-01-17,2022-01-21,Paulínia,3.938535
2022-01-17,2022-01-21,São José dos Campos,3.924148
2022-01-17,2022-01-21,Araucária,3.890588
2022-01-17,2022-01-21,Canoas,3.907203
2022-01-24,2022-01-28,Manaus,3.762654
2022-01-24,2022-01-28,Itaqui,3.785228
2022-01-24,2022-01-28,Suape,3.767030
2022-01-24,2022-01-28,Aratu,3.787422
2022-01-24,2022-01-28,Santos,3.812948
2022-01-24,2022-01-28,Paranagua,3.801554
2022-01-24,2022-01-28,Tramandai,3.818474
2022-01-24,2022-01-28,Guamaré,3.929398
2022-01-24,2022-01-28,Duque de Caxias,4.002532
2022-01-24,2022-01-28,Betim,4.024358
2022-01-24,2022-01-28,Cubatão,3.849150
2022-01-24,2022-01-28,Mauá,3.867398
2022-01-24,2022-01-28,Paulínia,3.912036
2022-01-24,2022-01-28,São José dos Campos,3.897754
2022-01-24,2022-01-28,Araucária,3.864110
2022-01-24,2022-01-28,Canoas,3.880810
2022-01-31,2022-02-04,Manaus,3.807706
2022-01-31,2022-02-04,Itaqui,3.830050
2022-01-31,2022-02-04,Suape,3.812170
2022-01-31,2022-02-04,Aratu,3.832248
2022-01-31,2022-02-04,Santos,3.857394
2022-01-31,2022-02-04,Paranagua,3.845932
2022-01-31,2022-02-04,Tramandai,3.862994
2022-01-31,2022-02-04,Guamaré,3.970420
2022-01-31,2022-02-04,Duque de Caxias,4.042170
2022-01-31,2022-02-04,Betim,4.063444
2022-01-31,2022-02-04,Cubatão,3.892676
2022-01-31,2022-02-04,Mauá,3.910462
2022-01-31,2022-02-04,Paulínia,3.953972
2022-01-31,2022-02-04,São José dos Campos,3.940050
2022-01-31,2022-02-04,Araucária,3.906904
2022-01-31,2022-02-04,Canoas,3.923750
2022-02-07,2022-02-11,Manaus,3.910236
2022-02-07,2022-02-11,Itaqui,3.938262
2022-02-07,2022-02-11,Suape,3.918328
2022-02-07,2022-02-11,Aratu,3.940512
2022-02-07,2022-02-11,Santos,3.968272
2022-02-07,2022-02-11,Paranagua,3.957234
2022-02-07,2022-02-11,Tramandai,3.973720
2022-02-07,2022-02-11,Guamaré,4.074876
2022-02-07,2022-02-11,Duque de Caxias,4.151058
2022-02-07,2022-02-11,Betim,4.172102
2022-02-07,2022-02-11,Cubatão,4.003176
2022-02-07,2022-02-11,Mauá,4.020770
2022-02-07,2022-02-11,Paulínia,4.063812
2022-02-07,2022-02-11,São José dos Campos,4.050036
2022-02-07,2022-02-11,Araucária,4.017550
2022-02-07,2022-02-11,Canoas,4.033824
2022-02-14,2022-02-18,Manaus,3.893578
2022-02-14,2022-02-18,Itaqui,3.929118
2022-02-14,2022-02-18,Suape,3.906434
2022-02-14,2022-02-18,Aratu,3.931556
2022-02-14,2022-02-18,Santos,3.962974
2022-02-14,2022-02-18,Paranagua,3.952498
2022-02-14,2022-02-18,Tramandai,3.968672
2022-02-14,2022-02-18,Guamaré,4.060826
2022-02-14,2022-02-18,Duque de Caxias,4.143244
2022-02-14,2022-02-18,Betim,4.164000
2022-02-14,2022-02-18,Cubatão,3.997398
2022-02-14,2022-02-18,Mauá,4.014750
2022-02-14,2022-02-18,Paulínia,4.057198
2022-02-14,2022-02-18,São José dos Campos,4.043618
2022-02-14,2022-02-18,Araucária,4.011986
2022-02-14,2022-02-18,Canoas,4.027946
2022-02-21,2022-02-25,Manaus,3.751415
2022-02-21,2022-02-25,Itaqui,3.795265
2022-02-21,2022-02-25,Suape,3.769528
2022-02-21,2022-02-25,Aratu,3.797988
2022-02-21,2022-02-25,Santos,3.833573
2022-02-21,2022-02-25,Paranagua,3.823713
2022-02-21,2022-02-25,Tramandai,3.839833
2022-02-21,2022-02-25,Guamaré,3.921385
2022-02-21,2022-02-25,Duque de Caxias,4.010888
2022-02-21,2022-02-25,Betim,4.031300
2022-02-21,2022-02-25,Cubatão,3.867428
2022-02-21,2022-02-25,Mauá,3.884498
2022-02-21,2022-02-25,Paulínia,3.926250
2022-02-21,2022-02-25,São José dos Campos,3.912890
2022-02-21,2022-02-25,Araucária,3.882220
2022-02-21,2022-02-25,Canoas,3.898138
2022-02-28,2022-03-04,Manaus,4.408480
2022-02-28,2022-03-04,Itaqui,4.459926
2022-02-28,2022-03-04,Suape,4.431264
2022-02-28,2022-03-04,Aratu,4.462760
2022-02-28,2022-03-04,Santos,4.502108
2022-02-28,2022-03-04,Paranagua,4.492852
2022-02-28,2022-03-04,Tramandai,4.508282
2022-02-28,2022-03-04,Guamaré,4.583840
2022-02-28,2022-03-04,Duque de Caxias,4.680258
2022-02-28,2022-03-04,Betim,4.700768
2022-02-28,2022-03-04,Cubatão,4.536126
2022-02-28,2022-03-04,Mauá,4.553274
2022-02-28,2022-03-04,Paulínia,4.595224
2022-02-28,2022-03-04,São José dos Campos,4.581804
2022-02-28,2022-03-04,Araucária,4.551636
2022-02-28,2022-03-04,Canoas,4.566864
2022-03-07,2022-03-11,Manaus,5.186262
2022-03-07,2022-03-11,Itaqui,5.242196
2022-03-07,2022-03-11,Suape,5.211912
2022-03-07,2022-03-11,Aratu,5.245194
2022-03-07,2022-03-11,Santos,5.286790
2022-03-07,2022-03-11,Paranagua,5.277856
2022-03-07,2022-03-11,Tramandai,5.293338
2022-03-07,2022-03-11,Guamaré,5.362600
2022-03-07,2022-03-11,Duque de Caxias,5.462740
2022-03-07,2022-03-11,Betim,5.482994
2022-03-07,2022-03-11,Cubatão,5.320386
2022-03-07,2022-03-11,Mauá,5.337326
2022-03-07,2022-03-11,Paulínia,5.378754
2022-03-07,2022-03-11,São José dos Campos,5.365498
2022-03-07,2022-03-11,Araucária,5.335916
2022-03-07,2022-03-11,Canoas,5.351192
2022-03-14,2022-03-18,Manaus,4.477846
2022-03-14,2022-03-18,Itaqui,4.534144
2022-03-14,2022-03-18,Suape,4.503640
2022-03-14,2022-03-18,Aratu,4.537118
2022-03-14,2022-03-18,Santos,4.578950
2022-03-14,2022-03-18,Paranagua,4.570064
2022-03-14,2022-03-18,Tramandai,4.585358
2022-03-14,2022-03-18,Guamaré,4.655928
2022-03-14,2022-03-18,Duque de Caxias,4.756764
2022-03-14,2022-03-18,Betim,4.777234
2022-03-14,2022-03-18,Cubatão,4.612904
2022-03-14,2022-03-18,Mauá,4.630020
2022-03-14,2022-03-18,Paulínia,4.671888
2022-03-14,2022-03-18,São José dos Campos,4.658490
2022-03-14,2022-03-18,Araucária,4.628740
2022-03-14,2022-03-18,Canoas,4.643826
2022-03-21,2022-03-25,Manaus,4.974174
2022-03-21,2022-03-25,Itaqui,5.016718
2022-03-21,2022-03-25,Suape,4.991912
2022-03-21,2022-03-25,Aratu,5.019188
2022-03-21,2022-03-25,Santos,5.053276
2022-03-21,2022-03-25,Paranagua,5.043244
2022-03-21,2022-03-25,Tramandai,5.058698
2022-03-21,2022-03-25,Guamaré,5.137190
2022-03-21,2022-03-25,Duque de Caxias,5.222908
2022-03-21,2022-03-25,Betim,5.242436
2022-03-21,2022-03-25,Cubatão,5.085670
2022-03-21,2022-03-25,Mauá,5.101998
2022-03-21,2022-03-25,Paulínia,5.141938
2022-03-21,2022-03-25,São José dos Campos,5.129160
2022-03-21,2022-03-25,Araucária,5.099218
2022-03-21,2022-03-25,Canoas,5.114474
2022-03-28,2022-04-01,Manaus,4.644388
2022-03-28,2022-04-01,Itaqui,4.702582
2022-03-28,2022-04-01,Suape,4.671968
2022-03-28,2022-04-01,Aratu,4.705486
2022-03-28,2022-04-01,Santos,4.747354
2022-03-28,2022-04-01,Paranagua,4.738504
2022-03-28,2022-04-01,Tramandai,4.753460
2022-03-28,2022-04-01,Guamaré,4.813886
2022-03-28,2022-04-01,Duque de Caxias,4.913060
2022-03-28,2022-04-01,Betim,4.932138
2022-03-28,2022-04-01,Cubatão,4.778998
2022-03-28,2022-04-01,Mauá,4.794948
2022-03-28,2022-04-01,Paulínia,4.833966
2022-03-28,2022-04-01,São José dos Campos,4.821480
2022-03-28,2022-04-01,Araucária,4.793182
2022-03-28,2022-04-01,Canoas,4.807948
2022-04-04,2022-04-08,Manaus,4.732578
2022-04-04,2022-04-08,Itaqui,4.851892
2022-04-04,2022-04-08,Suape,4.797602
2022-04-04,2022-04-08,Aratu,4.857640
2022-04-04,2022-04-08,Santos,4.932710
2022-04-04,2022-04-08,Paranagua,4.928544
2022-04-04,2022-04-08,Tramandai,4.945980
2022-04-04,2022-04-08,Guamaré,4.937770
2022-04-04,2022-04-08,Duque de Caxias,5.096372
2022-04-04,2022-04-08,Betim,5.115216
2022-04-04,2022-04-08,Cubatão,4.963960
2022-04-04,2022-04-08,Mauá,4.979714
2022-04-04,2022-04-08,Paulínia,5.018250
2022-04-04,2022-04-08,São José dos Campos,5.005918
2022-04-04,2022-04-08,Araucária,4.982548
2022-04-04,2022-04-08,Canoas,4.999796
2022-04-11,2022-04-14,Manaus,4.708088
2022-04-11,2022-04-14,Itaqui,4.832725
2022-04-11,2022-04-14,Suape,4.776283
2022-04-11,2022-04-14,Aratu,4.839015
2022-04-11,2022-04-14,Santos,4.917498
2022-04-11,2022-04-14,Paranagua,4.913730
2022-04-11,2022-04-14,Tramandai,4.932570
2022-04-11,2022-04-14,Guamaré,4.916328
2022-04-11,2022-04-14,Duque de Caxias,5.081018
2022-04-11,2022-04-14,Betim,5.099840
2022-04-11,2022-04-14,Cubatão,4.948720
2022-04-11,2022-04-14,Mauá,4.964460
2022-04-11,2022-04-14,Paulínia,5.002963
2022-04-11,2022-04-14,São José dos Campos,4.990645
2022-04-11,2022-04-14,Araucária,4.967685
2022-04-11,2022-04-14,Canoas,4.986338
2022-04-18,2022-04-22,Manaus,5.044826
2022-04-18,2022-04-22,Itaqui,5.109114
2022-04-18,2022-04-22,Suape,5.076392
2022-04-18,2022-04-22,Aratu,5.111862
2022-04-18,2022-04-22,Santos,5.156124
2022-04-18,2022-04-22,Paranagua,5.147736
2022-04-18,2022-04-22,Tramandai,5.161186
2022-04-18,2022-04-22,Guamaré,5.216132
2022-04-18,2022-04-22,Duque de Caxias,5.319294
2022-04-18,2022-04-22,Betim,5.338078
2022-04-18,2022-04-22,Cubatão,5.187284
2022-04-18,2022-04-22,Mauá,5.202990
2022-04-18,2022-04-22,Paulínia,5.241412
2022-04-18,2022-04-22,São José dos Campos,5.229118
2022-04-18,2022-04-22,Araucária,5.201574
2022-04-18,2022-04-22,Canoas,5.214840
2022-04-25,2022-04-29,Manaus,5.489512
2022-04-25,2022-04-29,Itaqui,5.537206
2022-04-25,2022-04-29,Suape,5.510310
2022-04-25,2022-04-29,Aratu,5.539822
2022-04-25,2022-04-29,Santos,5.576694
2022-04-25,2022-04-29,Paranagua,5.567086
2022-04-25,2022-04-29,Tramandai,5.582308
2022-04-25,2022-04-29,Guamaré,5.657690
2022-04-25,2022-04-29,Duque de Caxias,5.748774
2022-04-25,2022-04-29,Betim,5.768584
2022-04-25,2022-04-29,Cubatão,5.609554
2022-04-25,2022-04-29,Mauá,5.626116
2022-04-25,2022-04-29,Paulínia,5.666636
2022-04-25,2022-04-29,São José dos Campos,5.653672
2022-04-25,2022-04-29,Araucária,5.623870
2022-04-25,2022-04-29,Canoas,5.638890
2022-05-02,2022-05-06,Manaus,5.962384
2022-05-02,2022-05-06,Itaqui,6.034122
2022-05-02,2022-05-06,Suape,5.992962
2022-05-02,2022-05-06,Aratu,6.037706
2022-05-02,2022-05-06,Santos,6.022920
2022-05-02,2022-05-06,Paranagua,6.014558
2022-05-02,2022-05-06,Tramandai,6.031290
2022-05-02,2022-05-06,Guamaré,6.143222
2022-05-02,2022-05-06,Duque de Caxias,6.198364
2022-05-02,2022-05-06,Betim,6.218560
2022-05-02,2022-05-06,Cubatão,6.056420
2022-05-02,2022-05-06,Mauá,6.073308
2022-05-02,2022-05-06,Paulínia,6.114620
2022-05-02,2022-05-06,São José dos Campos,6.101398
2022-05-02,2022-05-06,Araucária,6.072452
2022-05-02,2022-05-06,Canoas,6.088980
2022-05-09,2022-05-13,Manaus,5.493464
2022-05-09,2022-05-13,Itaqui,5.549754
2022-05-09,2022-05-13,Suape,5.515100
2022-05-09,2022-05-13,Aratu,5.553036
2022-05-09,2022-05-13,Santos,5.541188
2022-05-09,2022-05-13,Paranagua,5.531758
2022-05-09,2022-05-13,Tramandai,5.549316
2022-05-09,2022-05-13,Guamaré,5.667954
2022-05-09,2022-05-13,Duque de Caxias,5.719658
2022-05-09,2022-05-13,Betim,5.740204
2022-05-09,2022-05-13,Cubatão,5.575266
2022-05-09,2022-05-13,Mauá,5.592448
2022-05-09,2022-05-13,Paulínia,5.634472
2022-05-09,2022-05-13,São José dos Campos,5.621024
2022-05-09,2022-05-13,Araucária,5.590648
2022-05-09,2022-05-13,Canoas,5.608000
2022-05-16,2022-05-20,Manaus,4.971500
2022-05-16,2022-05-20,Itaqui,5.044632
2022-05-16,2022-05-20,Suape,5.002730
2022-05-16,2022-05-20,Aratu,5.049232
2022-05-16,2022-05-20,Santos,5.036356
2022-05-16,2022-05-20,Paranagua,5.028032
2022-05-16,2022-05-20,Tramandai,5.048764
2022-05-16,2022-05-20,Guamaré,5.150646
2022-05-16,2022-05-20,Duque de Caxias,5.209064
2022-05-16,2022-05-20,Betim,5.228946
2022-05-16,2022-05-20,Cubatão,5.069332
2022-05-16,2022-05-20,Mauá,5.085958
2022-05-16,2022-05-20,Paulínia,5.126626
2022-05-16,2022-05-20,São José dos Campos,5.113614
2022-05-16,2022-05-20,Araucária,5.085024
2022-05-16,2022-05-20,Canoas,5.105554
2022-05-23,2022-05-27,Manaus,4.827968
2022-05-23,2022-05-27,Itaqui,4.922230
2022-05-23,2022-05-27,Suape,4.871500
2022-05-23,2022-05-27,Aratu,4.927310
2022-05-23,2022-05-27,Santos,4.910588
2022-05-23,2022-05-27,Paranagua,4.903718
2022-05-23,2022-05-27,Tramandai,4.923600
2022-05-23,2022-05-27,Guamaré,5.014622
2022-05-23,2022-05-27,Duque de Caxias,5.077702
2022-05-23,2022-05-27,Betim,5.096940
2022-05-23,2022-05-27,Cubatão,4.942500
2022-05-23,2022-05-27,Mauá,4.958586
2022-05-23,2022-05-27,Paulínia,4.997934
2022-05-23,2022-05-27,São José dos Campos,4.985346
2022-05-23,2022-05-27,Araucária,4.958862
2022-05-23,2022-05-27,Canoas,4.978546
2022-05-30,2022-06-03,Manaus,5.265748
2022-05-30,2022-06-03,Itaqui,5.357935
2022-05-30,2022-06-03,Suape,5.308135
2022-05-30,2022-06-03,Aratu,5.362915
2022-05-30,2022-06-03,Santos,5.346495
2022-05-30,2022-06-03,Paranagua,5.339475
2022-05-30,2022-06-03,Tramandai,5.359255
2022-05-30,2022-06-03,Guamaré,5.451075
2022-05-30,2022-06-03,Duque de Caxias,5.513395
2022-05-30,2022-06-03,Betim,5.532613
2022-05-30,2022-06-03,Cubatão,5.378365
2022-05-30,2022-06-03,Mauá,5.394433
2022-05-30,2022-06-03,Paulínia,5.433733
2022-05-30,2022-06-03,São José dos Campos,5.421155
2022-05-30,2022-06-03,Araucária,5.394548
2022-05-30,2022-06-03,Canoas,5.414138
2022-06-06,2022-06-10,Manaus,5.742638
2022-06-06,2022-06-10,Itaqui,5.809310
2022-06-06,2022-06-10,Suape,5.770530
2022-06-06,2022-06-10,Aratu,5.813108
2022-06-06,2022-06-10,Santos,5.800138
2022-06-06,2022-06-10,Paranagua,5.791356
2022-06-06,2022-06-10,Tramandai,5.809740
2022-06-06,2022-06-10,Guamaré,5.916376
2022-06-06,2022-06-10,Duque de Caxias,5.970428
2022-06-06,2022-06-10,Betim,5.990032
2022-06-06,2022-06-10,Cubatão,5.832654
2022-06-06,2022-06-10,Mauá,5.849044
2022-06-06,2022-06-10,Paulínia,5.889144
2022-06-06,2022-06-10,São José dos Campos,5.876314
2022-06-06,2022-06-10,Araucária,5.847550
2022-06-06,2022-06-10,Canoas,5.865734
2022-06-13,2022-06-17,Manaus,6.131218
2022-06-13,2022-06-17,Itaqui,6.199986
2022-06-13,2022-06-17,Suape,6.159882
2022-06-13,2022-06-17,Aratu,6.203804
2022-06-13,2022-06-17,Santos,6.190138
2022-06-13,2022-06-17,Paranagua,6.181580
2022-06-13,2022-06-17,Tramandai,6.199622
2022-06-13,2022-06-17,Guamaré,6.312364
2022-06-13,2022-06-17,Duque de Caxias,6.368176
2022-06-13,2022-06-17,Betim,6.388674
2022-06-13,2022-06-17,Cubatão,6.224136
2022-06-13,2022-06-17,Mauá,6.241274
2022-06-13,2022-06-17,Paulínia,6.283194
2022-06-13,2022-06-17,São José dos Campos,6.269780
2022-06-13,2022-06-17,Araucária,6.240330
2022-06-13,2022-06-17,Canoas,6.258164
2022-06-20,2022-06-24,Manaus,6.199760
2022-06-20,2022-06-24,Itaqui,6.291368
2022-06-20,2022-06-24,Suape,6.241080
2022-06-20,2022-06-24,Aratu,6.296223
2022-06-20,2022-06-24,Santos,6.279238
2022-06-20,2022-06-24,Paranagua,6.272313
2022-06-20,2022-06-24,Tramandai,6.291403
2022-06-20,2022-06-24,Guamaré,6.396100
2022-06-20,2022-06-24,Duque de Caxias,6.460235
2022-06-20,2022-06-24,Betim,6.481075
2022-06-20,2022-06-24,Cubatão,6.313803
2022-06-20,2022-06-24,Mauá,6.331223
2022-06-20,2022-06-24,Paulínia,6.373845
2022-06-20,2022-06-24,São José dos Campos,6.360208
2022-06-20,2022-06-24,Araucária,6.332038
2022-06-20,2022-06-24,Canoas,6.350918
2022-06-27,2022-07-01,Manaus,5.915758
2022-06-27,2022-07-01,Itaqui,6.015548
2022-06-27,2022-07-01,Suape,5.961476
2022-06-27,2022-07-01,Aratu,6.021078
2022-06-27,2022-07-01,Santos,6.003526
2022-06-27,2022-07-01,Paranagua,5.997178
2022-06-27,2022-07-01,Tramandai,6.017870
2022-06-27,2022-07-01,Guamaré,6.117976
2022-06-27,2022-07-01,Duque de Caxias,6.186252
2022-06-27,2022-07-01,Betim,6.207292
2022-06-27,2022-07-01,Cubatão,6.038416
2022-06-27,2022-07-01,Mauá,6.056004
2022-06-27,2022-07-01,Paulínia,6.099032
2022-06-27,2022-07-01,São José dos Campos,6.085264
2022-06-27,2022-07-01,Araucária,6.057474
2022-06-27,2022-07-01,Canoas,6.077954
2022-07-04,2022-07-08,Manaus,5.439455
2022-07-04,2022-07-08,Itaqui,5.530928
2022-07-04,2022-07-08,Suape,5.480258
2022-07-04,2022-07-08,Aratu,5.536085
2022-07-04,2022-07-08,Santos,5.519578
2022-07-04,2022-07-08,Paranagua,5.512688
2022-07-04,2022-07-08,Tramandai,5.532913
2022-07-04,2022-07-08,Guamaré,5.640608
2022-07-04,2022-07-08,Duque de Caxias,5.706803
2022-07-04,2022-07-08,Betim,5.728358
2022-07-04,2022-07-08,Cubatão,5.555325
2022-07-04,2022-07-08,Mauá,5.573350
2022-07-04,2022-07-08,Paulínia,5.617435
2022-07-04,2022-07-08,São José dos Campos,5.603328
2022-07-04,2022-07-08,Araucária,5.574468
2022-07-04,2022-07-08,Canoas,5.594475
2022-07-11,2022-07-15,Manaus,5.500830
2022-07-11,2022-07-15,Itaqui,5.579924
2022-07-11,2022-07-15,Suape,5.534650
2022-07-11,2022-07-15,Aratu,5.584474
2022-07-11,2022-07-15,Santos,5.569584
2022-07-11,2022-07-15,Paranagua,5.561836
2022-07-11,2022-07-15,Tramandai,5.581254
2022-07-11,2022-07-15,Guamaré,5.696014
2022-07-11,2022-07-15,Duque de Caxias,5.757994
2022-07-11,2022-07-15,Betim,5.779684
2022-07-11,2022-07-15,Cubatão,5.605560
2022-07-11,2022-07-15,Mauá,5.623694
2022-07-11,2022-07-15,Paulínia,5.668060
2022-07-11,2022-07-15,São José dos Campos,5.653864
2022-07-11,2022-07-15,Araucária,5.624008
2022-07-11,2022-07-15,Canoas,5.643206
2022-07-18,2022-07-22,Manaus,5.396540
2022-07-18,2022-07-22,Itaqui,5.479624
2022-07-18,2022-07-22,Suape,5.432448
2022-07-18,2022-07-22,Aratu,5.484510
2022-07-18,2022-07-22,Santos,5.469334
2022-07-18,2022-07-22,Paranagua,5.461876
2022-07-18,2022-07-22,Tramandai,5.482096
2022-07-18,2022-07-22,Guamaré,5.595326
2022-07-18,2022-07-22,Duque de Caxias,5.659510
2022-07-18,2022-07-22,Betim,5.681406
2022-07-18,2022-07-22,Cubatão,5.505650
2022-07-18,2022-07-22,Mauá,5.523954
2022-07-18,2022-07-22,Paulínia,5.568734
2022-07-18,2022-07-22,São José dos Campos,5.554404
2022-07-18,2022-07-22,Araucária,5.524636
2022-07-18,2022-07-22,Canoas,5.544630
2022-07-25,2022-07-29,Manaus,5.211166
2022-07-25,2022-07-29,Itaqui,5.318336
2022-07-25,2022-07-29,Suape,5.260826
2022-07-25,2022-07-29,Aratu,5.324576
2022-07-25,2022-07-29,Santos,5.306726
2022-07-25,2022-07-29,Paranagua,5.300902
2022-07-25,2022-07-29,Tramandai,5.323454
2022-07-25,2022-07-29,Guamaré,5.418756
2022-07-25,2022-07-29,Duque de Caxias,5.491128
2022-07-25,2022-07-29,Betim,5.512360
2022-07-25,2022-07-29,Cubatão,5.341938
2022-07-25,2022-07-29,Mauá,5.359690
2022-07-25,2022-07-29,Paulínia,5.403110
2022-07-25,2022-07-29,São José dos Campos,5.389216
2022-07-25,2022-07-29,Araucária,5.361748
2022-07-25,2022-07-29,Canoas,5.384092
2022-08-01,2022-08-05,Manaus,4.941514
2022-08-01,2022-08-05,Itaqui,5.078632
2022-08-01,2022-08-05,Suape,5.008022
2022-08-01,2022-08-05,Aratu,5.086472
2022-08-01,2022-08-05,Santos,5.064958
2022-08-01,2022-08-05,Paranagua,5.061208
2022-08-01,2022-08-05,Tramandai,5.086210
2022-08-01,2022-08-05,Guamaré,5.164044
2022-08-01,2022-08-05,Duque de Caxias,5.247132
2022-08-01,2022-08-05,Betim,5.268106
2022-08-01,2022-08-05,Cubatão,5.099746
2022-08-01,2022-08-05,Mauá,5.117280
2022-08-01,2022-08-05,Paulínia,5.160178
2022-08-01,2022-08-05,São José dos Campos,5.146450
2022-08-01,2022-08-05,Araucária,5.121322
2022-08-01,2022-08-05,Canoas,5.146116
2022-08-08,2022-08-12,Manaus,4.573822
2022-08-08,2022-08-12,Itaqui,4.660998
2022-08-08,2022-08-12,Suape,4.612658
2022-08-08,2022-08-12,Aratu,4.666124
2022-08-08,2022-08-12,Santos,4.650850
2022-08-08,2022-08-12,Paranagua,4.643574
2022-08-08,2022-08-12,Tramandai,4.664428
2022-08-08,2022-08-12,Guamaré,4.765514
2022-08-08,2022-08-12,Duque de Caxias,4.829330
2022-08-08,2022-08-12,Betim,4.849878
2022-08-08,2022-08-12,Cubatão,4.684934
2022-08-08,2022-08-12,Mauá,4.702114
2022-08-08,2022-08-12,Paulínia,4.744138
2022-08-08,2022-08-12,São José dos Campos,4.730692
2022-08-08,2022-08-12,Araucária,4.702466
2022-08-08,2022-08-12,Canoas,4.723118
2022-08-15,2022-08-19,Manaus,4.798862
2022-08-15,2022-08-19,Itaqui,4.849782
2022-08-15,2022-08-19,Suape,4.817328
2022-08-15,2022-08-19,Aratu,4.853130
2022-08-15,2022-08-19,Santos,4.842668
2022-08-15,2022-08-19,Paranagua,4.832860
2022-08-15,2022-08-19,Tramandai,4.851408
2022-08-15,2022-08-19,Guamaré,4.971306
2022-08-15,2022-08-19,Duque de Caxias,5.022458
2022-08-15,2022-08-19,Betim,5.043158
2022-08-15,2022-08-19,Cubatão,4.877000
2022-08-15,2022-08-19,Mauá,4.894306
2022-08-15,2022-08-19,Paulínia,4.936640
2022-08-15,2022-08-19,São José dos Campos,4.923094
2022-08-15,2022-08-19,Araucária,4.892188
2022-08-15,2022-08-19,Canoas,4.910526
2022-08-22,2022-08-26,Manaus,5.178444
2022-08-22,2022-08-26,Itaqui,5.228630
2022-08-22,2022-08-26,Suape,5.196590
2022-08-22,2022-08-26,Aratu,5.231886
2022-08-22,2022-08-26,Santos,5.221442
2022-08-22,2022-08-26,Paranagua,5.211572
2022-08-22,2022-08-26,Tramandai,5.229864
2022-08-22,2022-08-26,Guamaré,5.349368
2022-08-22,2022-08-26,Duque de Caxias,5.399830
2022-08-22,2022-08-26,Betim,5.420366
2022-08-22,2022-08-26,Cubatão,5.255506
2022-08-22,2022-08-26,Mauá,5.272676
2022-08-22,2022-08-26,Paulínia,5.314680
2022-08-22,2022-08-26,São José dos Campos,5.301240
2022-08-22,2022-08-26,Araucária,5.270436
2022-08-22,2022-08-26,Canoas,5.288520
2022-08-29,2022-09-02,Manaus,5.108432
2022-08-29,2022-09-02,Itaqui,5.156158
2022-08-29,2022-09-02,Suape,5.125160
2022-08-29,2022-09-02,Aratu,5.159242
2022-08-29,2022-09-02,Santos,5.148978
2022-08-29,2022-09-02,Paranagua,5.138946
2022-08-29,2022-09-02,Tramandai,5.156844
2022-08-29,2022-09-02,Guamaré,5.278880
2022-08-29,2022-09-02,Duque de Caxias,5.328462
2022-08-29,2022-09-02,Betim,5.349126
2022-08-29,2022-09-02,Cubatão,5.183248
2022-08-29,2022-09-02,Mauá,5.200526
2022-08-29,2022-09-02,Paulínia,5.242788
2022-08-29,2022-09-02,São José dos Campos,5.229266
2022-08-29,2022-09-02,Araucária,5.198170
2022-08-29,2022-09-02,Canoas,5.215862
2022-09-05,2022-09-09,Manaus,4.969205
2022-09-05,2022-09-09,Itaqui,5.039775
2022-09-05,2022-09-09,Suape,4.998335
2022-09-05,2022-09-09,Aratu,5.044850
2022-09-05,2022-09-09,Santos,5.033303
2022-09-05,2022-09-09,Paranagua,5.024865
2022-09-05,2022-09-09,Tramandai,5.047705
2022-09-05,2022-09-09,Guamaré,5.154083
2022-09-05,2022-09-09,Duque de Caxias,5.215153
2022-09-05,2022-09-09,Betim,5.236088
2022-09-05,2022-09-09,Cubatão,5.068030
2022-09-05,2022-09-09,Mauá,5.085530
2022-09-05,2022-09-09,Paulínia,5.128353
2022-09-05,2022-09-09,São José dos Campos,5.114653
2022-09-05,2022-09-09,Araucária,5.084873
2022-09-05,2022-09-09,Canoas,5.107500
2022-09-12,2022-09-16,Manaus,4.844528
2022-09-12,2022-09-16,Itaqui,4.950154
2022-09-12,2022-09-16,Suape,4.893424
2022-09-12,2022-09-16,Aratu,4.956580
2022-09-12,2022-09-16,Santos,4.939584
2022-09-12,2022-09-16,Paranagua,4.933612
2022-09-12,2022-09-16,Tramandai,4.957176
2022-09-12,2022-09-16,Guamaré,5.048542
2022-09-12,2022-09-16,Duque de Caxias,5.120700
2022-09-12,2022-09-16,Betim,5.141552
2022-09-12,2022-09-16,Cubatão,4.974168
2022-09-12,2022-09-16,Mauá,4.991600
2022-09-12,2022-09-16,Paulínia,5.034250
2022-09-12,2022-09-16,São José dos Campos,5.020602
2022-09-12,2022-09-16,Araucária,4.993376
2022-09-12,2022-09-16,Canoas,5.016728
2022-09-19,2022-09-23,Manaus,4.587830
2022-09-19,2022-09-23,Itaqui,4.680644
2022-09-19,2022-09-23,Suape,4.629530
2022-09-19,2022-09-23,Aratu,4.686688
2022-09-19,2022-09-23,Santos,4.671950
2022-09-19,2022-09-23,Paranagua,4.665062
2022-09-19,2022-09-23,Tramandai,4.688830
2022-09-19,2022-09-23,Guamaré,4.784104
2022-09-19,2022-09-23,Duque de Caxias,4.852430
2022-09-19,2022-09-23,Betim,4.873206
2022-09-19,2022-09-23,Cubatão,4.706414
2022-09-19,2022-09-23,Mauá,4.723784
2022-09-19,2022-09-23,Paulínia,4.766282
2022-09-19,2022-09-23,São José dos Campos,4.752682
2022-09-19,2022-09-23,Araucária,4.724616
2022-09-19,2022-09-23,Canoas,4.748176
2022-09-26,2022-09-30,Manaus,4.752930
2022-09-26,2022-09-30,Itaqui,4.863150
2022-09-26,2022-09-30,Suape,4.803866
2022-09-26,2022-09-30,Aratu,4.870414
2022-09-26,2022-09-30,Santos,4.853912
2022-09-26,2022-09-30,Paranagua,4.848300
2022-09-26,2022-09-30,Tramandai,4.874552
2022-09-26,2022-09-30,Guamaré,4.964458
2022-09-26,2022-09-30,Duque de Caxias,5.041420
2022-09-26,2022-09-30,Betim,5.063010
2022-09-26,2022-09-30,Cubatão,4.889722
2022-09-26,2022-09-30,Mauá,4.907768
2022-09-26,2022-09-30,Paulínia,4.951920
2022-09-26,2022-09-30,São José dos Campos,4.937794
2022-09-26,2022-09-30,Araucária,4.910176
2022-09-26,2022-09-30,Canoas,4.936208
2022-10-03,2022-10-07,Manaus,5.077972
2022-10-03,2022-10-07,Itaqui,5.159598
2022-10-03,2022-10-07,Suape,5.113610
2022-10-03,2022-10-07,Aratu,5.164278
2022-10-03,2022-10-07,Santos,5.149294
2022-10-03,2022-10-07,Paranagua,5.141656
2022-10-03,2022-10-07,Tramandai,5.161396
2022-10-03,2022-10-07,Guamaré,5.268632
2022-10-03,2022-10-07,Duque de Caxias,5.330298
2022-10-03,2022-10-07,Betim,5.351136
2022-10-03,2022-10-07,Cubatão,5.183856
2022-10-03,2022-10-07,Mauá,5.201280
2022-10-03,2022-10-07,Paulínia,5.243900
2022-10-03,2022-10-07,São José dos Campos,5.230260
2022-10-03,2022-10-07,Araucária,5.201384
2022-10-03,2022-10-07,Canoas,5.220912
2022-10-10,2022-10-14,Manaus,5.745674
2022-10-10,2022-10-14,Itaqui,5.817804
2022-10-10,2022-10-14,Suape,5.775796
2022-10-10,2022-10-14,Aratu,5.822274
2022-10-10,2022-10-14,Santos,5.809044
2022-10-10,2022-10-14,Paranagua,5.800754
2022-10-10,2022-10-14,Tramandai,5.820916
2022-10-10,2022-10-14,Guamaré,5.932800
2022-10-10,2022-10-14,Duque de Caxias,5.992360
2022-10-10,2022-10-14,Betim,6.013468
2022-10-10,2022-10-14,Cubatão,5.844052
2022-10-10,2022-10-14,Mauá,5.861692
2022-10-10,2022-10-14,Paulínia,5.904860
2022-10-10,2022-10-14,São José dos Campos,5.891050
2022-10-10,2022-10-14,Araucária,5.861246
2022-10-10,2022-10-14,Canoas,5.881196
2022-10-17,2022-10-21,Manaus,5.535342
2022-10-17,2022-10-21,Itaqui,5.610950
2022-10-17,2022-10-21,Suape,5.567340
2022-10-17,2022-10-21,Aratu,5.615880
2022-10-17,2022-10-21,Santos,5.602794
2022-10-17,2022-10-21,Paranagua,5.594736
2022-10-17,2022-10-21,Tramandai,5.616282
2022-10-17,2022-10-21,Guamaré,5.724056
2022-10-17,2022-10-21,Duque de Caxias,5.785774
2022-10-17,2022-10-21,Betim,5.806842
2022-10-17,2022-10-21,Cubatão,5.637736
2022-10-17,2022-10-21,Mauá,5.655350
2022-10-17,2022-10-21,Paulínia,5.698436
2022-10-17,2022-10-21,São José dos Campos,5.684650
2022-10-17,2022-10-21,Araucária,5.655114
2022-10-17,2022-10-21,Canoas,5.676452
2022-10-24,2022-10-28,Manaus,5.302346
2022-10-24,2022-10-28,Itaqui,5.373922
2022-10-24,2022-10-28,Suape,5.332056
2022-10-24,2022-10-28,Aratu,5.378294
2022-10-24,2022-10-28,Santos,5.364904
2022-10-24,2022-10-28,Paranagua,5.356598
2022-10-24,2022-10-28,Tramandai,5.376376
2022-10-24,2022-10-28,Guamaré,5.491012
2022-10-24,2022-10-28,Duque de Caxias,5.550500
2022-10-24,2022-10-28,Betim,5.571868
2022-10-24,2022-10-28,Cubatão,5.400344
2022-10-24,2022-10-28,Mauá,5.418208
2022-10-24,2022-10-28,Paulínia,5.461912
2022-10-24,2022-10-28,São José dos Campos,5.447928
2022-10-24,2022-10-28,Araucária,5.417842
2022-10-24,2022-10-28,Canoas,5.437402
2022-10-31,2022-11-04,Manaus,5.159976
2022-10-31,2022-11-04,Itaqui,5.224880
2022-10-31,2022-11-04,Suape,5.186360
2022-10-31,2022-11-04,Aratu,5.228888
2022-10-31,2022-11-04,Santos,5.216544
2022-10-31,2022-11-04,Paranagua,5.207702
2022-10-31,2022-11-04,Tramandai,5.227048
2022-10-31,2022-11-04,Guamaré,5.339134
2022-10-31,2022-11-04,Duque de Caxias,5.394924
2022-10-31,2022-11-04,Betim,5.415460
2022-10-31,2022-11-04,Cubatão,5.250606
2022-10-31,2022-11-04,Mauá,5.267774
2022-10-31,2022-11-04,Paulínia,5.309778
2022-10-31,2022-11-04,São José dos Campos,5.296340
2022-10-31,2022-11-04,Araucária,5.266564
2022-10-31,2022-11-04,Canoas,5.285700
2022-11-07,2022-11-11,Manaus,5.104618
2022-11-07,2022-11-11,Itaqui,5.167028
2022-11-07,2022-11-11,Suape,5.129324
2022-11-07,2022-11-11,Aratu,5.171004
2022-11-07,2022-11-11,Santos,5.159034
2022-11-07,2022-11-11,Paranagua,5.150060
2022-11-07,2022-11-11,Tramandai,5.169520
2022-11-07,2022-11-11,Guamaré,5.286076
2022-11-07,2022-11-11,Duque de Caxias,5.342058
2022-11-07,2022-11-11,Betim,5.363128
2022-11-07,2022-11-11,Cubatão,5.193984
2022-11-07,2022-11-11,Mauá,5.211602
2022-11-07,2022-11-11,Paulínia,5.254696
2022-11-07,2022-11-11,São José dos Campos,5.240908
2022-11-07,2022-11-11,Araucária,5.210452
2022-11-07,2022-11-11,Canoas,5.229704
2022-11-14,2022-11-18,Manaus,4.882770
2022-11-14,2022-11-18,Itaqui,4.983832
2022-11-14,2022-11-18,Suape,4.928712
2022-11-14,2022-11-18,Aratu,4.990284
2022-11-14,2022-11-18,Santos,4.974238
2022-11-14,2022-11-18,Paranagua,4.967994
2022-11-14,2022-11-18,Tramandai,4.992178
2022-11-14,2022-11-18,Guamaré,5.089124
2022-11-14,2022-11-18,Duque de Caxias,5.161540
2022-11-14,2022-11-18,Betim,5.183102
2022-11-14,2022-11-18,Cubatão,5.010006
2022-11-14,2022-11-18,Mauá,5.028034
2022-11-14,2022-11-18,Paulínia,5.072138
2022-11-14,2022-11-18,São José dos Campos,5.058026
2022-11-14,2022-11-18,Araucária,5.029800
2022-11-14,2022-11-18,Canoas,5.053766
2022-11-21,2022-11-25,Manaus,4.712000
2022-11-21,2022-11-25,Itaqui,4.835700
2022-11-21,2022-11-25,Suape,4.770727
2022-11-21,2022-11-25,Aratu,4.842970
2022-11-21,2022-11-25,Santos,4.823307
2022-11-21,2022-11-25,Paranagua,4.818650
2022-11-21,2022-11-25,Tramandai,4.843097
2022-11-21,2022-11-25,Guamaré,4.930667
2022-11-21,2022-11-25,Duque de Caxias,5.010053
2022-11-21,2022-11-25,Betim,5.031553
2022-11-21,2022-11-25,Cubatão,4.858967
2022-11-21,2022-11-25,Mauá,4.876943
2022-11-21,2022-11-25,Paulínia,4.920913
2022-11-21,2022-11-25,São José dos Campos,4.906843
2022-11-21,2022-11-25,Araucária,4.880277
2022-11-21,2022-11-25,Canoas,4.904507
2022-11-28,2022-12-02,Manaus,4.356292
2022-11-28,2022-12-02,Itaqui,4.469658
2022-11-28,2022-12-02,Suape,4.409298
2022-11-28,2022-12-02,Aratu,4.476820
2022-11-28,2022-12-02,Santos,4.459482
2022-11-28,2022-12-02,Paranagua,4.454060
2022-11-28,2022-12-02,Tramandai,4.479534
2022-11-28,2022-12-02,Guamaré,4.566372
2022-11-28,2022-12-02,Duque de Caxias,4.642886
2022-11-28,2022-12-02,Betim,4.664002
2022-11-28,2022-12-02,Cubatão,4.494504
2022-11-28,2022-12-02,Mauá,4.512158
2022-11-28,2022-12-02,Paulínia,4.555344
2022-11-28,2022-12-02,São José dos Campos,4.541526
2022-11-28,2022-12-02,Araucária,4.514580
2022-11-28,2022-12-02,Canoas,4.539844
2022-12-05,2022-12-09,Manaus,4.008432
2022-12-05,2022-12-09,Itaqui,4.133846
2022-12-05,2022-12-09,Suape,4.068254
2022-12-05,2022-12-09,Aratu,4.141444
2022-12-05,2022-12-09,Santos,4.122192
2022-12-05,2022-12-09,Paranagua,4.117612
2022-12-05,2022-12-09,Tramandai,4.143234
2022-12-05,2022-12-09,Guamaré,4.224860
2022-12-05,2022-12-09,Duque de Caxias,4.305044
2022-12-05,2022-12-09,Betim,4.326094
2022-12-05,2022-12-09,Cubatão,4.157106
2022-12-05,2022-12-09,Mauá,4.174706
2022-12-05,2022-12-09,Paulínia,4.217762
2022-12-05,2022-12-09,São José dos Campos,4.203986
2022-12-05,2022-12-09,Araucária,4.177948
2022-12-05,2022-12-09,Canoas,4.203358
2022-12-12,2022-12-16,Manaus,4.201630
2022-12-12,2022-12-16,Itaqui,4.298484
2022-12-12,2022-12-16,Suape,4.245382
2022-12-12,2022-12-16,Aratu,4.304476
2022-12-12,2022-12-16,Santos,4.288518
2022-12-12,2022-12-16,Paranagua,4.281974
2022-12-12,2022-12-16,Tramandai,4.304900
2022-12-12,2022-12-16,Guamaré,4.404214
2022-12-12,2022-12-16,Duque de Caxias,4.473974
2022-12-12,2022-12-16,Betim,4.495324
2022-12-12,2022-12-16,Cubatão,4.323932
2022-12-12,2022-12-16,Mauá,4.341784
2022-12-12,2022-12-16,Paulínia,4.385452
2022-12-12,2022-12-16,São José dos Campos,4.371480
2022-12-12,2022-12-16,Araucária,4.343168
2022-12-12,2022-12-16,Canoas,4.365880
2022-12-19,2022-12-23,Manaus,4.154832
2022-12-19,2022-12-23,Itaqui,4.220688
2022-12-19,2022-12-23,Suape,4.181534
2022-12-19,2022-12-23,Aratu,4.224822
2022-12-19,2022-12-23,Santos,4.212408
2022-12-19,2022-12-23,Paranagua,4.203664
2022-12-19,2022-12-23,Tramandai,4.223324
2022-12-19,2022-12-23,Guamaré,4.337240
2022-12-19,2022-12-23,Duque de Caxias,4.394210
2022-12-19,2022-12-23,Betim,4.415138
2022-12-19,2022-12-23,Cubatão,4.247124
2022-12-19,2022-12-23,Mauá,4.264622
2022-12-19,2022-12-23,Paulínia,4.307432
2022-12-19,2022-12-23,São José dos Campos,4.293732
2022-12-19,2022-12-23,Araucária,4.263656
2022-12-19,2022-12-23,Canoas,4.283106
2022-12-26,2022-12-30,Manaus,4.617700
2022-12-26,2022-12-30,Itaqui,4.680203
2022-12-26,2022-12-30,Suape,4.642500
2022-12-26,2022-12-30,Aratu,4.683830
2022-12-26,2022-12-30,Santos,4.671073
2022-12-26,2022-12-30,Paranagua,4.662125
2022-12-26,2022-12-30,Tramandai,4.680150
2022-12-26,2022-12-30,Guamaré,4.800118
2022-12-26,2022-12-30,Duque de Caxias,4.855108
2022-12-26,2022-12-30,Betim,4.876293
2022-12-26,2022-12-30,Cubatão,4.706213
2022-12-26,2022-12-30,Mauá,4.723930
2022-12-26,2022-12-30,Paulínia,4.767265
2022-12-26,2022-12-30,São José dos Campos,4.753398
2022-12-26,2022-12-30,Araucária,4.722853
2022-12-26,2022-12-30,Canoas,4.740663
2023-01-02,2023-01-06,Manaus,4.444260
2023-01-02,2023-01-06,Itaqui,4.478383
2023-01-02,2023-01-06,Suape,4.452825
2023-01-02,2023-01-06,Aratu,4.481755
2023-01-02,2023-01-06,Santos,4.493283
2023-01-02,2023-01-06,Paranagua,4.489093
2023-01-02,2023-01-06,Tramandai,4.499125
2023-01-02,2023-01-06,Guamaré,4.613475
2023-01-02,2023-01-06,Duque de Caxias,4.680853
2023-01-02,2023-01-06,Betim,4.702450
2023-01-02,2023-01-06,Cubatão,4.529100
2023-01-02,2023-01-06,Mauá,4.547153
2023-01-02,2023-01-06,Paulínia,4.591323
2023-01-02,2023-01-06,São José dos Campos,4.577190
2023-01-02,2023-01-06,Araucária,4.550988
2023-01-02,2023-01-06,Canoas,4.560800
2023-01-09,2023-01-13,Manaus,4.297476
2023-01-09,2023-01-13,Itaqui,4.319844
2023-01-09,2023-01-13,Suape,4.299822
2023-01-09,2023-01-13,Aratu,4.322654
2023-01-09,2023-01-13,Santos,4.332000
2023-01-09,2023-01-13,Paranagua,4.325436
2023-01-09,2023-01-13,Tramandai,4.337260
2023-01-09,2023-01-13,Guamaré,4.454136
2023-01-09,2023-01-13,Duque de Caxias,4.512180
2023-01-09,2023-01-13,Betim,4.532926
2023-01-09,2023-01-13,Cubatão,4.366404
2023-01-09,2023-01-13,Mauá,4.383748
2023-01-09,2023-01-13,Paulínia,4.426174
2023-01-09,2023-01-13,São José dos Campos,4.412600
2023-01-09,2023-01-13,Araucária,4.384890
2023-01-09,2023-01-13,Canoas,4.396506
2023-01-16,2023-01-20,Manaus,4.446310
2023-01-16,2023-01-20,Itaqui,4.463975
2023-01-16,2023-01-20,Suape,4.446048
2023-01-16,2023-01-20,Aratu,4.466448
2023-01-16,2023-01-20,Santos,4.474730
2023-01-16,2023-01-20,Paranagua,4.467293
2023-01-16,2023-01-20,Tramandai,4.479263
2023-01-16,2023-01-20,Guamaré,4.600243
2023-01-16,2023-01-20,Duque de Caxias,4.654773
2023-01-16,2023-01-20,Betim,4.675498
2023-01-16,2023-01-20,Cubatão,4.509113
2023-01-16,2023-01-20,Mauá,4.526443
2023-01-16,2023-01-20,Paulínia,4.568835
2023-01-16,2023-01-20,São José dos Campos,4.555270
2023-01-16,2023-01-20,Araucária,4.526700
2023-01-16,2023-01-20,Canoas,4.538460
2023-01-23,2023-01-27,Manaus,4.524714
2023-01-23,2023-01-27,Itaqui,4.540182
2023-01-23,2023-01-27,Suape,4.523374
2023-01-23,2023-01-27,Aratu,4.542268
2023-01-23,2023-01-27,Santos,4.549604
2023-01-23,2023-01-27,Paranagua,4.541742
2023-01-23,2023-01-27,Tramandai,4.552900
2023-01-23,2023-01-27,Guamaré,4.676370
2023-01-23,2023-01-27,Duque de Caxias,4.728242
2023-01-23,2023-01-27,Betim,4.748810
2023-01-23,2023-01-27,Cubatão,4.583714
2023-01-23,2023-01-27,Mauá,4.600908
2023-01-23,2023-01-27,Paulínia,4.642972
2023-01-23,2023-01-27,São José dos Campos,4.629512
2023-01-23,2023-01-27,Araucária,4.600690
2023-01-23,2023-01-27,Canoas,4.611638
2023-01-30,2023-02-03,Manaus,4.052320
2023-01-30,2023-02-03,Itaqui,4.065202
2023-01-30,2023-02-03,Suape,4.049552
2023-01-30,2023-02-03,Aratu,4.067244
2023-01-30,2023-02-03,Santos,4.074258
2023-01-30,2023-02-03,Paranagua,4.065888
2023-01-30,2023-02-03,Tramandai,4.077734
2023-01-30,2023-02-03,Guamaré,4.201678
2023-01-30,2023-02-03,Duque de Caxias,4.251880
2023-01-30,2023-02-03,Betim,4.272330
2023-01-30,2023-02-03,Cubatão,4.108176
2023-01-30,2023-02-03,Mauá,4.125272
2023-01-30,2023-02-03,Paulínia,4.167100
2023-01-30,2023-02-03,São José dos Campos,4.153714
2023-01-30,2023-02-03,Araucária,4.124496
2023-01-30,2023-02-03,Canoas,4.136140
2023-02-06,2023-02-10,Manaus,3.916630
2023-02-06,2023-02-10,Itaqui,3.954370
2023-02-06,2023-02-10,Suape,3.927438
2023-02-06,2023-02-10,Aratu,3.958254
2023-02-06,2023-02-10,Santos,3.971024
2023-02-06,2023-02-10,Paranagua,3.967342
2023-02-06,2023-02-10,Tramandai,3.978540
2023-02-06,2023-02-10,Guamaré,4.083144
2023-02-06,2023-02-10,Duque de Caxias,4.152830
2023-02-06,2023-02-10,Betim,4.173762
2023-02-06,2023-02-10,Cubatão,4.005738
2023-02-06,2023-02-10,Mauá,4.023238
2023-02-06,2023-02-10,Paulínia,4.066050
2023-02-06,2023-02-10,São José dos Campos,4.052352
2023-02-06,2023-02-10,Araucária,4.027338
2023-02-06,2023-02-10,Canoas,4.038320
2023-02-13,2023-02-17,Manaus,3.991772
2023-02-13,2023-02-17,Itaqui,4.056556
2023-02-13,2023-02-17,Suape,4.017522
2023-02-13,2023-02-17,Aratu,4.062806
2023-02-13,2023-02-17,Santos,4.082504
2023-02-13,2023-02-17,Paranagua,4.083770
2023-02-13,2023-02-17,Tramandai,4.096000
2023-02-13,2023-02-17,Guamaré,4.172794
2023-02-13,2023-02-17,Duque de Caxias,4.263804
2023-02-13,2023-02-17,Betim,4.284676
2023-02-13,2023-02-17,Cubatão,4.117124
2023-02-13,2023-02-17,Mauá,4.134578
2023-02-13,2023-02-17,Paulínia,4.177268
2023-02-13,2023-02-17,São José dos Campos,4.163608
2023-02-13,2023-02-17,Araucária,4.143594
2023-02-13,2023-02-17,Canoas,4.155612
2023-02-20,2023-02-24,Manaus,3.751218
2023-02-20,2023-02-24,Itaqui,3.794265
2023-02-20,2023-02-24,Suape,3.765108
2023-02-20,2023-02-24,Aratu,3.798365
2023-02-20,2023-02-24,Santos,3.812003
2023-02-20,2023-02-24,Paranagua,3.809278
2023-02-20,2023-02-24,Tramandai,3.819713
2023-02-20,2023-02-24,Guamaré,3.919540
2023-02-20,2023-02-24,Duque de Caxias,3.992323
2023-02-20,2023-02-24,Betim,4.013080
2023-02-20,2023-02-24,Cubatão,3.846430
2023-02-20,2023-02-24,Mauá,3.863790
2023-02-20,2023-02-24,Paulínia,3.906248
2023-02-20,2023-02-24,São José dos Campos,3.892663
2023-02-20,2023-02-24,Araucária,3.868780
2023-02-20,2023-02-24,Canoas,3.879005
2023-02-27,2023-03-03,Manaus,3.973860
2023-02-27,2023-03-03,Itaqui,4.028324
2023-02-27,2023-03-03,Suape,3.993894
2023-02-27,2023-03-03,Aratu,4.033702
2023-02-27,2023-03-03,Santos,4.050816
2023-02-27,2023-03-03,Paranagua,4.050196
2023-02-27,2023-03-03,Tramandai,4.062156
2023-02-27,2023-03-03,Guamaré,4.149368
2023-02-27,2023-03-03,Duque de Caxias,4.232356
2023-02-27,2023-03-03,Betim,4.253252
2023-02-27,2023-03-03,Cubatão,4.085484
2023-02-27,2023-03-03,Mauá,4.102958
2023-02-27,2023-03-03,Paulínia,4.145706
2023-02-27,2023-03-03,São José dos Campos,4.132026
2023-02-27,2023-03-03,Araucária,4.110100
2023-02-27,2023-03-03,Canoas,4.121848
2023-03-06,2023-03-10,Manaus,3.903704
2023-03-06,2023-03-10,Itaqui,3.954156
2023-03-06,2023-03-10,Suape,3.921596
2023-03-06,2023-03-10,Aratu,3.959178
2023-03-06,2023-03-10,Santos,3.975240
2023-03-06,2023-03-10,Paranagua,3.973850
2023-03-06,2023-03-10,Tramandai,3.985680
2023-03-06,2023-03-10,Guamaré,4.076044
2023-03-06,2023-03-10,Duque de Caxias,4.155572
2023-03-06,2023-03-10,Betim,4.176334
2023-03-06,2023-03-10,Cubatão,4.009674
2023-03-06,2023-03-10,Mauá,4.027032
2023-03-06,2023-03-10,Paulínia,4.069494
2023-03-06,2023-03-10,São José dos Campos,4.055908
2023-03-06,2023-03-10,Araucária,4.033356
2023-03-06,2023-03-10,Canoas,4.044976
2023-03-13,2023-03-17,Manaus,3.815752
2023-03-13,2023-03-17,Itaqui,3.857372
2023-03-13,2023-03-17,Suape,3.828570
2023-03-13,2023-03-17,Aratu,3.861698
2023-03-13,2023-03-17,Santos,3.875684
2023-03-13,2023-03-17,Paranagua,3.872748
2023-03-13,2023-03-17,Tramandai,3.884444
2023-03-13,2023-03-17,Guamaré,3.985840
2023-03-13,2023-03-17,Duque de Caxias,4.059318
2023-03-13,2023-03-17,Betim,4.080458
2023-03-13,2023-03-17,Cubatão,3.910748
2023-03-13,2023-03-17,Mauá,3.928428
2023-03-13,2023-03-17,Paulínia,3.971664
2023-03-13,2023-03-17,São José dos Campos,3.957832
2023-03-13,2023-03-17,Araucária,3.933344
2023-03-13,2023-03-17,Canoas,3.944826
2023-03-20,2023-03-24,Manaus,3.749110
2023-03-20,2023-03-24,Itaqui,3.784506
2023-03-20,2023-03-24,Suape,3.755364
2023-03-20,2023-03-24,Aratu,3.788948
2023-03-20,2023-03-24,Santos,3.803226
2023-03-20,2023-03-24,Paranagua,3.800422
2023-03-20,2023-03-24,Tramandai,3.812356
2023-03-20,2023-03-24,Guamaré,3.912182
2023-03-20,2023-03-24,Duque de Caxias,3.986330
2023-03-20,2023-03-24,Betim,4.007410
2023-03-20,2023-03-24,Cubatão,3.838190
2023-03-20,2023-03-24,Mauá,3.855812
2023-03-20,2023-03-24,Paulínia,3.898928
2023-03-20,2023-03-24,São José dos Campos,3.885134
2023-03-20,2023-03-24,Araucária,3.860840
2023-03-20,2023-03-24,Canoas,3.872564
2023-03-27,2023-03-31,Manaus,3.656334
2023-03-27,2023-03-31,Itaqui,3.682040
2023-03-27,2023-03-31,Suape,3.655440
2023-03-27,2023-03-31,Aratu,3.686216
2023-03-27,2023-03-31,Santos,3.699486
2023-03-27,2023-03-31,Paranagua,3.695586
2023-03-27,2023-03-31,Tramandai,3.708340
2023-03-27,2023-03-31,Guamaré,3.809152
2023-03-27,2023-03-31,Duque de Caxias,3.878954
2023-03-27,2023-03-31,Betim,3.899620
2023-03-27,2023-03-31,Cubatão,3.733756
2023-03-27,2023-03-31,Mauá,3.751032
2023-03-27,2023-03-31,Paulínia,3.793292
2023-03-27,2023-03-31,São José dos Campos,3.779770
2023-03-27,2023-03-31,Araucária,3.754808
2023-03-27,2023-03-31,Canoas,3.767354
2023-04-03,2023-04-07,Manaus,3.643433
2023-04-03,2023-04-07,Itaqui,3.678388
2023-04-03,2023-04-07,Suape,3.647728
2023-04-03,2023-04-07,Aratu,3.683668
2023-04-03,2023-04-07,Santos,3.699833
2023-04-03,2023-04-07,Paranagua,3.697525
2023-04-03,2023-04-07,Tramandai,3.711960
2023-04-03,2023-04-07,Guamaré,3.799153
2023-04-03,2023-04-07,Duque de Caxias,3.876640
2023-04-03,2023-04-07,Betim,3.896993
2023-04-03,2023-04-07,Cubatão,3.733598
2023-04-03,2023-04-07,Mauá,3.750615
2023-04-03,2023-04-07,Paulínia,3.792245
2023-04-03,2023-04-07,São José dos Campos,3.778928
2023-04-03,2023-04-07,Araucária,3.755868
2023-04-03,2023-04-07,Canoas,3.770098
2023-04-10,2023-04-14,Manaus,3.556678
2023-04-10,2023-04-14,Itaqui,3.585518
2023-04-10,2023-04-14,Suape,3.557904
2023-04-10,2023-04-14,Aratu,3.590184
2023-04-10,2023-04-14,Santos,3.604576
2023-04-10,2023-04-14,Paranagua,3.601028
2023-04-10,2023-04-14,Tramandai,3.615120
2023-04-10,2023-04-14,Guamaré,3.706388
2023-04-10,2023-04-14,Duque de Caxias,3.777942
2023-04-10,2023-04-14,Betim,3.797906
2023-04-10,2023-04-14,Cubatão,3.637682
2023-04-10,2023-04-14,Mauá,3.654368
2023-04-10,2023-04-14,Paulínia,3.695194
2023-04-10,2023-04-14,São José dos Campos,3.682128
2023-04-10,2023-04-14,Araucária,3.658236
2023-04-10,2023-04-14,Canoas,3.672128
2023-04-17,2023-04-21,Manaus,3.386754
2023-04-17,2023-04-21,Itaqui,3.406150
2023-04-17,2023-04-21,Suape,3.382784
2023-04-17,2023-04-21,Aratu,3.409676
2023-04-17,2023-04-21,Santos,3.421056
2023-04-17,2023-04-21,Paranagua,3.415842
2023-04-17,2023-04-21,Tramandai,3.428238
2023-04-17,2023-04-21,Guamaré,3.532592
2023-04-17,2023-04-21,Duque de Caxias,3.595974
2023-04-17,2023-04-21,Betim,3.616112
2023-04-17,2023-04-21,Cubatão,3.454458
2023-04-17,2023-04-21,Mauá,3.471296
2023-04-17,2023-04-21,Paulínia,3.512482
2023-04-17,2023-04-21,São José dos Campos,3.499304
2023-04-17,2023-04-21,Araucária,3.473562
2023-04-17,2023-04-21,Canoas,3.485752
2023-04-24,2023-04-28,Manaus,3.201274
2023-04-24,2023-04-28,Itaqui,3.213082
2023-04-24,2023-04-28,Suape,3.193024
2023-04-24,2023-04-28,Aratu,3.215994
2023-04-24,2023-04-28,Santos,3.225544
2023-04-24,2023-04-28,Paranagua,3.218968
2023-04-24,2023-04-28,Tramandai,3.231230
2023-04-24,2023-04-28,Guamaré,3.343210
2023-04-24,2023-04-28,Duque de Caxias,3.400900
2023-04-24,2023-04-28,Betim,3.421088
2023-04-24,2023-04-28,Cubatão,3.259028
2023-04-24,2023-04-28,Mauá,3.275906
2023-04-24,2023-04-28,Paulínia,3.317200
2023-04-24,2023-04-28,São José dos Campos,3.303986
2023-04-24,2023-04-28,Araucária,3.276830
2023-04-24,2023-04-28,Canoas,3.288890
2023-05-01,2023-05-05,Manaus,3.036080
2023-05-01,2023-05-05,Itaqui,3.049358
2023-05-01,2023-05-05,Suape,3.028726
2023-05-01,2023-05-05,Aratu,3.052446
2023-05-01,2023-05-05,Santos,3.062454
2023-05-01,2023-05-05,Paranagua,3.056100
2023-05-01,2023-05-05,Tramandai,3.068698
2023-05-01,2023-05-05,Guamaré,3.177870
2023-05-01,2023-05-05,Duque de Caxias,3.236598
2023-05-01,2023-05-05,Betim,3.256644
2023-05-01,2023-05-05,Cubatão,3.095708
2023-05-01,2023-05-05,Mauá,3.112470
2023-05-01,2023-05-05,Paulínia,3.153474
2023-05-01,2023-05-05,São José dos Campos,3.140352
2023-05-01,2023-05-05,Araucária,3.113560
2023-05-01,2023-05-05,Canoas,3.125956
2023-05-08,2023-05-12,Manaus,3.072288
2023-05-08,2023-05-12,Itaqui,3.080676
2023-05-08,2023-05-12,Suape,3.062234
2023-05-08,2023-05-12,Aratu,3.083596
2023-05-08,2023-05-12,Santos,3.092836
2023-05-08,2023-05-12,Paranagua,3.085524
2023-05-08,2023-05-12,Tramandai,3.099070
2023-05-08,2023-05-12,Guamaré,3.210560
2023-05-08,2023-05-12,Duque de Caxias,3.266022
2023-05-08,2023-05-12,Betim,3.285962
2023-05-08,2023-05-12,Cubatão,3.125906
2023-05-08,2023-05-12,Mauá,3.142578
2023-05-08,2023-05-12,Paulínia,3.183356
2023-05-08,2023-05-12,São José dos Campos,3.170310
2023-05-08,2023-05-12,Araucária,3.142674
2023-05-08,2023-05-12,Canoas,3.156014
2023-05-15,2023-05-19,Manaus,3.086374
2023-05-15,2023-05-19,Itaqui,3.094146
2023-05-15,2023-05-19,Suape,3.076142
2023-05-15,2023-05-19,Aratu,3.096888
2023-05-15,2023-05-19,Santos,3.105704
2023-05-15,2023-05-19,Paranagua,3.098238
2023-05-15,2023-05-19,Tramandai,3.111342
2023-05-15,2023-05-19,Guamaré,3.223882
2023-05-15,2023-05-19,Duque de Caxias,3.278206
2023-05-15,2023-05-19,Betim,3.298066
2023-05-15,2023-05-19,Cubatão,3.138646
2023-05-15,2023-05-19,Mauá,3.155252
2023-05-15,2023-05-19,Paulínia,3.195870
2023-05-15,2023-05-19,São José dos Campos,3.182870
2023-05-15,2023-05-19,Araucária,3.155160
2023-05-15,2023-05-19,Canoas,3.168062
2023-05-22,2023-05-26,Manaus,3.130966
2023-05-22,2023-05-26,Itaqui,3.153664
2023-05-22,2023-05-26,Suape,3.128770
2023-05-22,2023-05-26,Aratu,3.157832
2023-05-22,2023-05-26,Santos,3.170740
2023-05-22,2023-05-26,Paranagua,3.166070
2023-05-22,2023-05-26,Tramandai,3.180096
2023-05-22,2023-05-26,Guamaré,3.277440
2023-05-22,2023-05-26,Duque de Caxias,3.344326
2023-05-22,2023-05-26,Betim,3.364312
2023-05-22,2023-05-26,Cubatão,3.203888
2023-05-22,2023-05-26,Mauá,3.220596
2023-05-22,2023-05-26,Paulínia,3.261468
2023-05-22,2023-05-26,São José dos Campos,3.248394
2023-05-22,2023-05-26,Araucária,3.223352
2023-05-22,2023-05-26,Canoas,3.237178
2023-05-29,2023-06-02,Manaus,3.070230
2023-05-29,2023-06-02,Itaqui,3.091370
2023-05-29,2023-06-02,Suape,3.067100
2023-05-29,2023-06-02,Aratu,3.095205
2023-05-29,2023-06-02,Santos,3.107353
2023-05-29,2023-06-02,Paranagua,3.102478
2023-05-29,2023-06-02,Tramandai,3.115523
2023-05-29,2023-06-02,Guamaré,3.217235
2023-05-29,2023-06-02,Duque de Caxias,3.282653
2023-05-29,2023-06-02,Betim,3.302833
2023-05-29,2023-06-02,Cubatão,3.140825
2023-05-29,2023-06-02,Mauá,3.157700
2023-05-29,2023-06-02,Paulínia,3.198980
2023-05-29,2023-06-02,São José dos Campos,3.185770
2023-05-29,2023-06-02,Araucária,3.160323
2023-05-29,2023-06-02,Canoas,3.173163
2023-06-05,2023-06-09,Manaus,3.078806
2023-06-05,2023-06-09,Itaqui,3.095154
2023-06-05,2023-06-09,Suape,3.073284
2023-06-05,2023-06-09,Aratu,3.098818
2023-06-05,2023-06-09,Santos,3.110160
2023-06-05,2023-06-09,Paranagua,3.104234
2023-06-05,2023-06-09,Tramandai,3.118386
2023-06-05,2023-06-09,Guamaré,3.219962
2023-06-05,2023-06-09,Duque de Caxias,3.281418
2023-06-05,2023-06-09,Betim,3.301136
2023-06-05,2023-06-09,Cubatão,3.142862
2023-06-05,2023-06-09,Mauá,3.159346
2023-06-05,2023-06-09,Paulínia,3.199672
2023-06-05,2023-06-09,São José dos Campos,3.186768
2023-06-05,2023-06-09,Araucária,3.160746
2023-06-05,2023-06-09,Canoas,3.174698
2023-06-12,2023-06-16,Manaus,3.034448
2023-06-12,2023-06-16,Itaqui,3.044956
2023-06-12,2023-06-16,Suape,3.025908
2023-06-12,2023-06-16,Aratu,3.048060
2023-06-12,2023-06-16,Santos,3.057780
2023-06-12,2023-06-16,Paranagua,3.050702
2023-06-12,2023-06-16,Tramandai,3.064592
2023-06-12,2023-06-16,Guamaré,3.170614
2023-06-12,2023-06-16,Duque de Caxias,3.226740
2023-06-12,2023-06-16,Betim,3.246190
2023-06-12,2023-06-16,Cubatão,3.090044
2023-06-12,2023-06-16,Mauá,3.106306
2023-06-12,2023-06-16,Paulínia,3.146092
2023-06-12,2023-06-16,São José dos Campos,3.133360
2023-06-12,2023-06-16,Araucária,3.106456
2023-06-12,2023-06-16,Canoas,3.120148
2023-06-19,2023-06-23,Manaus,3.157623
2023-06-19,2023-06-23,Itaqui,3.174378
2023-06-19,2023-06-23,Suape,3.152788
2023-06-19,2023-06-23,Aratu,3.177808
2023-06-19,2023-06-23,Santos,3.188650
2023-06-19,2023-06-23,Paranagua,3.182653
2023-06-19,2023-06-23,Tramandai,3.196000
2023-06-19,2023-06-23,Guamaré,3.295480
2023-06-19,2023-06-23,Duque de Caxias,3.355258
2023-06-19,2023-06-23,Betim,3.374443
2023-06-19,2023-06-23,Cubatão,3.220465
2023-06-19,2023-06-23,Mauá,3.236503
2023-06-19,2023-06-23,Paulínia,3.275735
2023-06-19,2023-06-23,São José dos Campos,3.263183
2023-06-19,2023-06-23,Araucária,3.237628
2023-06-19,2023-06-23,Canoas,3.250785
2023-06-26,2023-06-30,Manaus,3.083910
2023-06-26,2023-06-30,Itaqui,3.106932
2023-06-26,2023-06-30,Suape,3.082398
2023-06-26,2023-06-30,Aratu,3.110998
2023-06-26,2023-06-30,Santos,3.123634
2023-06-26,2023-06-30,Paranagua,3.118826
2023-06-26,2023-06-30,Tramandai,3.132670
2023-06-26,2023-06-30,Guamaré,3.226170
2023-06-26,2023-06-30,Duque de Caxias,3.291506
2023-06-26,2023-06-30,Betim,3.310832
2023-06-26,2023-06-30,Cubatão,3.155688
2023-06-26,2023-06-30,Mauá,3.171848
2023-06-26,2023-06-30,Paulínia,3.211376
2023-06-26,2023-06-30,São José dos Campos,3.198730
2023-06-26,2023-06-30,Araucária,3.174224
2023-06-26,2023-06-30,Canoas,3.187872
2023-07-03,2023-07-07,Manaus,3.180683
2023-07-03,2023-07-07,Itaqui,3.202470
2023-07-03,2023-07-07,Suape,3.178373
2023-07-03,2023-07-07,Aratu,3.206233
2023-07-03,2023-07-07,Santos,3.218207
2023-07-03,2023-07-07,Paranagua,3.213267
2023-07-03,2023-07-07,Tramandai,3.226130
2023-07-03,2023-07-07,Guamaré,3.323923
2023-07-03,2023-07-07,Duque de Caxias,3.388150
2023-07-03,2023-07-07,Betim,3.407713
2023-07-03,2023-07-07,Cubatão,3.250660
2023-07-03,2023-07-07,Mauá,3.267020
2023-07-03,2023-07-07,Paulínia,3.307033
2023-07-03,2023-07-07,São José dos Campos,3.294227
2023-07-03,2023-07-07,Araucária,3.269347
2023-07-03,2023-07-07,Canoas,3.282010
2023-07-10,2023-07-14,Manaus,3.257242
2023-07-10,2023-07-14,Itaqui,3.275286
2023-07-10,2023-07-14,Suape,3.252944
2023-07-10,2023-07-14,Aratu,3.278900
2023-07-10,2023-07-14,Santos,3.290246
2023-07-10,2023-07-14,Paranagua,3.284548
2023-07-10,2023-07-14,Tramandai,3.298120
2023-07-10,2023-07-14,Guamaré,3.397228
2023-07-10,2023-07-14,Duque de Caxias,3.458714
2023-07-10,2023-07-14,Betim,3.478112
2023-07-10,2023-07-14,Cubatão,3.322416
2023-07-10,2023-07-14,Mauá,3.338628
2023-07-10,2023-07-14,Paulínia,3.378298
2023-07-10,2023-07-14,São José dos Campos,3.365608
2023-07-10,2023-07-14,Araucária,3.340140
2023-07-10,2023-07-14,Canoas,3.353516
2023-07-17,2023-07-21,Manaus,3.328050
2023-07-17,2023-07-21,Itaqui,3.358476
2023-07-17,2023-07-21,Suape,3.330770
2023-07-17,2023-07-21,Aratu,3.362832
2023-07-17,2023-07-21,Santos,3.376664
2023-07-17,2023-07-21,Paranagua,3.373226
2023-07-17,2023-07-21,Tramandai,3.385908
2023-07-17,2023-07-21,Guamaré,3.474030
2023-07-17,2023-07-21,Duque de Caxias,3.543940
2023-07-17,2023-07-21,Betim,3.563196
2023-07-17,2023-07-21,Cubatão,3.408608
2023-07-17,2023-07-21,Mauá,3.424706
2023-07-17,2023-07-21,Paulínia,3.464094
2023-07-17,2023-07-21,São José dos Campos,3.451494
2023-07-17,2023-07-21,Araucária,3.428424
2023-07-17,2023-07-21,Canoas,3.440912
2023-07-24,2023-07-28,Manaus,3.521440
2023-07-24,2023-07-28,Itaqui,3.550496
2023-07-24,2023-07-28,Suape,3.523458
2023-07-24,2023-07-28,Aratu,3.555096
2023-07-24,2023-07-28,Santos,3.569254
2023-07-24,2023-07-28,Paranagua,3.565456
2023-07-24,2023-07-28,Tramandai,3.579724
2023-07-24,2023-07-28,Guamaré,3.665004
2023-07-24,2023-07-28,Duque de Caxias,3.734528
2023-07-24,2023-07-28,Betim,3.753556
2023-07-24,2023-07-28,Cubatão,3.600814
2023-07-24,2023-07-28,Mauá,3.616722
2023-07-24,2023-07-28,Paulínia,3.655640
2023-07-24,2023-07-28,São José dos Campos,3.643188
2023-07-24,2023-07-28,Araucária,3.619994
2023-07-24,2023-07-28,Canoas,3.634068
2023-07-31,2023-08-04,Manaus,3.836446
2023-07-31,2023-08-04,Itaqui,3.861724
2023-07-31,2023-08-04,Suape,3.836084
2023-07-31,2023-08-04,Aratu,3.866230
2023-07-31,2023-08-04,Santos,3.879922
2023-07-31,2023-08-04,Paranagua,3.875514
2023-07-31,2023-08-04,Tramandai,3.890440
2023-07-31,2023-08-04,Guamaré,3.980006
2023-07-31,2023-08-04,Duque de Caxias,4.047966
2023-07-31,2023-08-04,Betim,4.067310
2023-07-31,2023-08-04,Cubatão,3.912012
2023-07-31,2023-08-04,Mauá,3.928184
2023-07-31,2023-08-04,Paulínia,3.967754
2023-07-31,2023-08-04,São José dos Campos,3.955096
2023-07-31,2023-08-04,Araucária,3.930966
2023-07-31,2023-08-04,Canoas,3.945698
2023-08-07,2023-08-11,Manaus,4.025588
2023-08-07,2023-08-11,Itaqui,4.050010
2023-08-07,2023-08-11,Suape,4.024466
2023-08-07,2023-08-11,Aratu,4.054664
2023-08-07,2023-08-11,Santos,4.068626
2023-08-07,2023-08-11,Paranagua,4.064140
2023-08-07,2023-08-11,Tramandai,4.079802
2023-08-07,2023-08-11,Guamaré,4.170724
2023-08-07,2023-08-11,Duque de Caxias,4.239396
2023-08-07,2023-08-11,Betim,4.259056
2023-08-07,2023-08-11,Cubatão,4.101236
2023-08-07,2023-08-11,Mauá,4.117672
2023-08-07,2023-08-11,Paulínia,4.157884
2023-08-07,2023-08-11,São José dos Campos,4.145018
2023-08-07,2023-08-11,Araucária,4.120488
2023-08-07,2023-08-11,Canoas,4.135954
2023-08-14,2023-08-18,Manaus,4.093982
2023-08-14,2023-08-18,Itaqui,4.129712
2023-08-14,2023-08-18,Suape,4.098974
2023-08-14,2023-08-18,Aratu,4.135052
2023-08-14,2023-08-18,Santos,4.151352
2023-08-14,2023-08-18,Paranagua,4.149064
2023-08-14,2023-08-18,Tramandai,4.163708
2023-08-14,2023-08-18,Guamaré,4.247558
2023-08-14,2023-08-18,Duque de Caxias,4.324840
2023-08-14,2023-08-18,Betim,4.344816
2023-08-14,2023-08-18,Cubatão,4.184480
2023-08-14,2023-08-18,Mauá,4.201180
2023-08-14,2023-08-18,Paulínia,4.242032
2023-08-14,2023-08-18,São José dos Campos,4.228960
2023-08-14,2023-08-18,Araucária,4.206314
2023-08-14,2023-08-18,Canoas,4.220756
2023-08-21,2023-08-25,Manaus,4.115730
2023-08-21,2023-08-25,Itaqui,4.149618
2023-08-21,2023-08-25,Suape,4.119982
2023-08-21,2023-08-25,Aratu,4.154536
2023-08-21,2023-08-25,Santos,4.169818
2023-08-21,2023-08-25,Paranagua,4.167126
2023-08-21,2023-08-25,Tramandai,4.180770
2023-08-21,2023-08-25,Guamaré,4.266516
2023-08-21,2023-08-25,Duque de Caxias,4.340912
2023-08-21,2023-08-25,Betim,4.360610
2023-08-21,2023-08-25,Cubatão,4.202490
2023-08-21,2023-08-25,Mauá,4.218956
2023-08-21,2023-08-25,Paulínia,4.259246
2023-08-21,2023-08-25,São José dos Campos,4.246354
2023-08-21,2023-08-25,Araucária,4.223584
2023-08-21,2023-08-25,Canoas,4.237030
2023-08-28,2023-09-01,Manaus,4.135168
2023-08-28,2023-09-01,Itaqui,4.166258
2023-08-28,2023-09-01,Suape,4.137886
2023-08-28,2023-09-01,Aratu,4.170946
2023-08-28,2023-09-01,Santos,4.185544
2023-08-28,2023-09-01,Paranagua,4.182334
2023-08-28,2023-09-01,Tramandai,4.195972
2023-08-28,2023-09-01,Guamaré,4.284248
2023-08-28,2023-09-01,Duque de Caxias,4.356444
2023-08-28,2023-09-01,Betim,4.376118
2023-08-28,2023-09-01,Cubatão,4.218182
2023-08-28,2023-09-01,Mauá,4.234630
2023-08-28,2023-09-01,Paulínia,4.274870
2023-08-28,2023-09-01,São José dos Campos,4.261992
2023-08-28,2023-09-01,Araucária,4.238724
2023-08-28,2023-09-01,Canoas,4.252166
2023-09-04,2023-09-08,Manaus,4.286960
2023-09-04,2023-09-08,Itaqui,4.317680
2023-09-04,2023-09-08,Suape,4.289245
2023-09-04,2023-09-08,Aratu,4.322335
2023-09-04,2023-09-08,Santos,4.336880
2023-09-04,2023-09-08,Paranagua,4.333705
2023-09-04,2023-09-08,Tramandai,4.347138
2023-09-04,2023-09-08,Guamaré,4.437983
2023-09-04,2023-09-08,Duque de Caxias,4.510550
2023-09-04,2023-09-08,Betim,4.530545
2023-09-04,2023-09-08,Cubatão,4.370045
2023-09-04,2023-09-08,Mauá,4.386763
2023-09-04,2023-09-08,Paulínia,4.427653
2023-09-04,2023-09-08,São José dos Campos,4.414568
2023-09-04,2023-09-08,Araucária,4.391013
2023-09-04,2023-09-08,Canoas,4.404243
2023-09-11,2023-09-15,Manaus,4.418412
2023-09-11,2023-09-15,Itaqui,4.436738
2023-09-11,2023-09-15,Suape,4.414276
2023-09-11,2023-09-15,Aratu,4.439580
2023-09-11,2023-09-15,Santos,4.449480
2023-09-11,2023-09-15,Paranagua,4.444014
2023-09-11,2023-09-15,Tramandai,4.454104
2023-09-11,2023-09-15,Guamaré,4.560880
2023-09-11,2023-09-15,Duque de Caxias,4.620652
2023-09-11,2023-09-15,Betim,4.640362
2023-09-11,2023-09-15,Cubatão,4.482166
2023-09-11,2023-09-15,Mauá,4.498644
2023-09-11,2023-09-15,Paulínia,4.538950
2023-09-11,2023-09-15,São José dos Campos,4.526052
2023-09-11,2023-09-15,Araucária,4.500494
2023-09-11,2023-09-15,Canoas,4.510386
2023-09-18,2023-09-22,Manaus,4.363112
2023-09-18,2023-09-22,Itaqui,4.379540
2023-09-18,2023-09-22,Suape,4.357882
2023-09-18,2023-09-22,Aratu,4.382612
2023-09-18,2023-09-22,Santos,4.392792
2023-09-18,2023-09-22,Paranagua,4.386904
2023-09-18,2023-09-22,Tramandai,4.398630
2023-09-18,2023-09-22,Guamaré,4.503878
2023-09-18,2023-09-22,Duque de Caxias,4.563258
2023-09-18,2023-09-22,Betim,4.582882
2023-09-18,2023-09-22,Cubatão,4.425340
2023-09-18,2023-09-22,Mauá,4.441750
2023-09-18,2023-09-22,Paulínia,4.481892
2023-09-18,2023-09-22,São José dos Campos,4.469046
2023-09-18,2023-09-22,Araucária,4.443154
2023-09-18,2023-09-22,Canoas,4.454682
2023-09-25,2023-09-29,Manaus,4.471052
2023-09-25,2023-09-29,Itaqui,4.503354
2023-09-25,2023-09-29,Suape,4.474110
2023-09-25,2023-09-29,Aratu,4.508090
2023-09-25,2023-09-29,Santos,4.522948
2023-09-25,2023-09-29,Paranagua,4.520118
2023-09-25,2023-09-29,Tramandai,4.533274
2023-09-25,2023-09-29,Guamaré,4.624038
2023-09-25,2023-09-29,Duque de Caxias,4.698004
2023-09-25,2023-09-29,Betim,4.718158
2023-09-25,2023-09-29,Cubatão,4.556374
2023-09-25,2023-09-29,Mauá,4.573224
2023-09-25,2023-09-29,Paulínia,4.614446
2023-09-25,2023-09-29,São José dos Campos,4.601254
2023-09-25,2023-09-29,Araucária,4.577884
2023-09-25,2023-09-29,Canoas,4.590836
2023-10-02,2023-10-06,Manaus,4.416698
2023-10-02,2023-10-06,Itaqui,4.447524
2023-10-02,2023-10-06,Suape,4.418424
2023-10-02,2023-10-06,Aratu,4.452704
2023-10-02,2023-10-06,Santos,4.468380
2023-10-02,2023-10-06,Paranagua,4.465386
2023-10-02,2023-10-06,Tramandai,4.480600
2023-10-02,2023-10-06,Guamaré,4.572080
2023-10-02,2023-10-06,Duque de Caxias,4.647792
2023-10-02,2023-10-06,Betim,4.668446
2023-10-02,2023-10-06,Cubatão,4.502640
2023-10-02,2023-10-06,Mauá,4.519906
2023-10-02,2023-10-06,Paulínia,4.562154
2023-10-02,2023-10-06,São José dos Campos,4.548636
2023-10-02,2023-10-06,Araucária,4.524588
2023-10-02,2023-10-06,Canoas,4.539596
2023-10-09,2023-10-13,Manaus,4.170462
2023-10-09,2023-10-13,Itaqui,4.200288
2023-10-09,2023-10-13,Suape,4.172004
2023-10-09,2023-10-13,Aratu,4.204724
2023-10-09,2023-10-13,Santos,4.218822
2023-10-09,2023-10-13,Paranagua,4.215624
2023-10-09,2023-10-13,Tramandai,4.228212
2023-10-09,2023-10-13,Guamaré,4.323780
2023-10-09,2023-10-13,Duque de Caxias,4.396036
2023-10-09,2023-10-13,Betim,4.416438
2023-10-09,2023-10-13,Cubatão,4.252660
2023-10-09,2023-10-13,Mauá,4.269718
2023-10-09,2023-10-13,Paulínia,4.311444
2023-10-09,2023-10-13,São José dos Campos,4.298094
2023-10-09,2023-10-13,Araucária,4.274100
2023-10-09,2023-10-13,Canoas,4.286482
2023-10-16,2023-10-20,Manaus,4.267330
2023-10-16,2023-10-20,Itaqui,4.287476
2023-10-16,2023-10-20,Suape,4.263694
2023-10-16,2023-10-20,Aratu,4.290912
2023-10-16,2023-10-20,Santos,4.302202
2023-10-16,2023-10-20,Paranagua,4.297196
2023-10-16,2023-10-20,Tramandai,4.308870
2023-10-16,2023-10-20,Guamaré,4.414286
2023-10-16,2023-10-20,Duque de Caxias,4.478042
2023-10-16,2023-10-20,Betim,4.498284
2023-10-16,2023-10-20,Cubatão,4.335780
2023-10-16,2023-10-20,Mauá,4.352704
2023-10-16,2023-10-20,Paulínia,4.394108
2023-10-16,2023-10-20,São José dos Campos,4.380862
2023-10-16,2023-10-20,Araucária,4.355218
2023-10-16,2023-10-20,Canoas,4.366688
2023-10-23,2023-10-27,Manaus,4.082224
2023-10-23,2023-10-27,Itaqui,4.103772
2023-10-23,2023-10-27,Suape,4.079396
2023-10-23,2023-10-27,Aratu,4.107542
2023-10-23,2023-10-27,Santos,4.119586
2023-10-23,2023-10-27,Paranagua,4.114772
2023-10-23,2023-10-27,Tramandai,4.127454
2023-10-23,2023-10-27,Guamaré,4.229004
2023-10-23,2023-10-27,Duque de Caxias,4.294268
2023-10-23,2023-10-27,Betim,4.314380
2023-10-23,2023-10-27,Cubatão,4.152944
2023-10-23,2023-10-27,Mauá,4.169758
2023-10-23,2023-10-27,Paulínia,4.210888
2023-10-23,2023-10-27,São José dos Campos,4.197728
2023-10-23,2023-10-27,Araucária,4.172416
2023-10-23,2023-10-27,Canoas,4.184892
2023-10-30,2023-11-03,Manaus,3.985248
2023-10-30,2023-11-03,Itaqui,4.007120
2023-10-30,2023-11-03,Suape,3.982590
2023-10-30,2023-11-03,Aratu,4.011142
2023-10-30,2023-11-03,Santos,4.023694
2023-10-30,2023-11-03,Paranagua,4.018894
2023-10-30,2023-11-03,Tramandai,4.032554
2023-10-30,2023-11-03,Guamaré,4.131628
2023-10-30,2023-11-03,Duque de Caxias,4.197710
2023-10-30,2023-11-03,Betim,4.217746
2023-10-30,2023-11-03,Cubatão,4.056924
2023-10-30,2023-11-03,Mauá,4.073670
2023-10-30,2023-11-03,Paulínia,4.114648
2023-10-30,2023-11-03,São José dos Campos,4.101538
2023-10-30,2023-11-03,Araucária,4.076316
2023-10-30,2023-11-03,Canoas,4.089774
2023-11-06,2023-11-10,Manaus,3.733268
2023-11-06,2023-11-10,Itaqui,3.763616
2023-11-06,2023-11-10,Suape,3.735534
2023-11-06,2023-11-10,Aratu,3.768366
2023-11-06,2023-11-10,Santos,3.783018
2023-11-06,2023-11-10,Paranagua,3.779660
2023-11-06,2023-11-10,Tramandai,3.793774
2023-11-06,2023-11-10,Guamaré,3.881972
2023-11-06,2023-11-10,Duque de Caxias,3.954002
2023-11-06,2023-11-10,Betim,3.973686
2023-11-06,2023-11-10,Cubatão,3.815668
2023-11-06,2023-11-10,Mauá,3.832126
2023-11-06,2023-11-10,Paulínia,3.872388
2023-11-06,2023-11-10,São José dos Campos,3.859504
2023-11-06,2023-11-10,Araucária,3.836084
2023-11-06,2023-11-10,Canoas,3.849996
2023-11-13,2023-11-17,Manaus,3.610524
2023-11-13,2023-11-17,Itaqui,3.658712
2023-11-13,2023-11-17,Suape,3.622534
2023-11-13,2023-11-17,Aratu,3.665528
2023-11-13,2023-11-17,Santos,3.685724
2023-11-13,2023-11-17,Paranagua,3.685568
2023-11-13,2023-11-17,Tramandai,3.702476
2023-11-13,2023-11-17,Guamaré,3.768390
2023-11-13,2023-11-17,Duque de Caxias,3.856028
2023-11-13,2023-11-17,Betim,3.875634
2023-11-13,2023-11-17,Cubatão,3.718244
2023-11-13,2023-11-17,Mauá,3.734636
2023-11-13,2023-11-17,Paulínia,3.774738
2023-11-13,2023-11-17,São José dos Campos,3.761906
2023-11-13,2023-11-17,Araucária,3.741766
2023-11-13,2023-11-17,Canoas,3.758476
2023-11-20,2023-11-24,Manaus,3.593703
2023-11-20,2023-11-24,Itaqui,3.649933
2023-11-20,2023-11-24,Suape,3.610110
2023-11-20,2023-11-24,Aratu,3.657547
2023-11-20,2023-11-24,Santos,3.679997
2023-11-20,2023-11-24,Paranagua,3.681303
2023-11-20,2023-11-24,Tramandai,3.698907
2023-11-20,2023-11-24,Guamaré,3.756043
2023-11-20,2023-11-24,Duque de Caxias,3.850393
2023-11-20,2023-11-24,Betim,3.870010
2023-11-20,2023-11-24,Cubatão,3.712533
2023-11-20,2023-11-24,Mauá,3.728933
2023-11-20,2023-11-24,Paulínia,3.769057
2023-11-20,2023-11-24,São José dos Campos,3.756217
2023-11-20,2023-11-24,Araucária,3.737530
2023-11-20,2023-11-24,Canoas,3.754937
2023-11-27,2023-12-01,Manaus,3.586782
2023-11-27,2023-12-01,Itaqui,3.653746
2023-11-27,2023-12-01,Suape,3.609080
2023-11-27,2023-12-01,Aratu,3.662330
2023-11-27,2023-12-01,Santos,3.687586
2023-11-27,2023-12-01,Paranagua,3.690872
2023-11-27,2023-12-01,Tramandai,3.708978
2023-11-27,2023-12-01,Guamaré,3.755218
2023-11-27,2023-12-01,Duque de Caxias,3.858214
2023-11-27,2023-12-01,Betim,3.877860
2023-11-27,2023-12-01,Cubatão,3.720170
2023-11-27,2023-12-01,Mauá,3.736592
2023-11-27,2023-12-01,Paulínia,3.776770
2023-11-27,2023-12-01,São José dos Campos,3.763916
2023-11-27,2023-12-01,Araucária,3.747174
2023-11-27,2023-12-01,Canoas,3.765082
2023-12-04,2023-12-08,Manaus,3.366754
2023-12-04,2023-12-08,Itaqui,3.436542
2023-12-04,2023-12-08,Suape,3.390648
2023-12-04,2023-12-08,Aratu,3.444920
2023-12-04,2023-12-08,Santos,3.470034
2023-12-04,2023-12-08,Paranagua,3.473924
2023-12-04,2023-12-08,Tramandai,3.490174
2023-12-04,2023-12-08,Guamaré,3.537768
2023-12-04,2023-12-08,Duque de Caxias,3.641814
2023-12-04,2023-12-08,Betim,3.661594
2023-12-04,2023-12-08,Cubatão,3.502838
2023-12-04,2023-12-08,Mauá,3.519370
2023-12-04,2023-12-08,Paulínia,3.559818
2023-12-04,2023-12-08,São José dos Campos,3.546880
2023-12-04,2023-12-08,Araucária,3.530606
2023-12-04,2023-12-08,Canoas,3.546660
2023-12-11,2023-12-15,Manaus,3.253748
2023-12-11,2023-12-15,Itaqui,3.313022
2023-12-11,2023-12-15,Suape,3.271998
2023-12-11,2023-12-15,Aratu,3.319830
2023-12-11,2023-12-15,Santos,3.340980
2023-12-11,2023-12-15,Paranagua,3.343018
2023-12-11,2023-12-15,Tramandai,3.356148
2023-12-11,2023-12-15,Guamaré,3.419478
2023-12-11,2023-12-15,Duque de Caxias,3.513180
2023-12-11,2023-12-15,Betim,3.533006
2023-12-11,2023-12-15,Cubatão,3.373862
2023-12-11,2023-12-15,Mauá,3.390438
2023-12-11,2023-12-15,Paulínia,3.430982
2023-12-11,2023-12-15,São José dos Campos,3.418010
2023-12-11,2023-12-15,Araucária,3.399840
2023-12-11,2023-12-15,Canoas,3.412770
2023-12-18,2023-12-22,Manaus,3.445750
2023-12-18,2023-12-22,Itaqui,3.490502
2023-12-18,2023-12-22,Suape,3.456030
2023-12-18,2023-12-22,Aratu,3.496430
2023-12-18,2023-12-22,Santos,3.514600
2023-12-18,2023-12-22,Paranagua,3.513868
2023-12-18,2023-12-22,Tramandai,3.528206
2023-12-18,2023-12-22,Guamaré,3.601936
2023-12-18,2023-12-22,Duque de Caxias,3.684960
2023-12-18,2023-12-22,Betim,3.704572
2023-12-18,2023-12-22,Cubatão,3.547130
2023-12-18,2023-12-22,Mauá,3.563528
2023-12-18,2023-12-22,Paulínia,3.603642
2023-12-18,2023-12-22,São José dos Campos,3.590806
2023-12-18,2023-12-22,Araucária,3.570084
2023-12-18,2023-12-22,Canoas,3.584222
2023-12-25,2023-12-29,Manaus,3.370330
2023-12-25,2023-12-29,Itaqui,3.408043
2023-12-25,2023-12-29,Suape,3.376868
2023-12-25,2023-12-29,Aratu,3.413293
2023-12-25,2023-12-29,Santos,3.429525
2023-12-25,2023-12-29,Paranagua,3.427455
2023-12-25,2023-12-29,Tramandai,3.441385
2023-12-25,2023-12-29,Guamaré,3.521498
2023-12-25,2023-12-29,Duque de Caxias,3.598398
2023-12-25,2023-12-29,Betim,3.617840
2023-12-25,2023-12-29,Cubatão,3.461773
2023-12-25,2023-12-29,Mauá,3.478025
2023-12-25,2023-12-29,Paulínia,3.517790
2023-12-25,2023-12-29,São José dos Campos,3.505068
2023-12-25,2023-12-29,Araucária,3.483180
2023-12-25,2023-12-29,Canoas,3.496913
2024-01-01,2024-01-05,Manaus,3.326788
2024-01-01,2024-01-05,Itaqui,3.338548
2024-01-01,2024-01-05,Suape,3.325835
2024-01-01,2024-01-05,Aratu,3.342650
2024-01-01,2024-01-05,Santos,3.350085
2024-01-01,2024-01-05,Paranagua,3.352200
2024-01-01,2024-01-05,Tramandai,3.357908
2024-01-01,2024-01-05,Guamaré,3.472295
2024-01-01,2024-01-05,Duque de Caxias,3.521095
2024-01-01,2024-01-05,Betim,3.540783
2024-01-01,2024-01-05,Cubatão,3.382740
2024-01-01,2024-01-05,Mauá,3.399200
2024-01-01,2024-01-05,Paulínia,3.439468
2024-01-01,2024-01-05,São José dos Campos,3.426580
2024-01-01,2024-01-05,Araucária,3.408628
2024-01-01,2024-01-05,Canoas,3.414138
2024-01-08,2024-01-12,Manaus,3.430872
2024-01-08,2024-01-12,Itaqui,3.451000
2024-01-08,2024-01-12,Suape,3.415498
2024-01-08,2024-01-12,Aratu,3.455142
2024-01-08,2024-01-12,Santos,3.455182
2024-01-08,2024-01-12,Paranagua,3.476170
2024-01-08,2024-01-12,Tramandai,3.463068
2024-01-08,2024-01-12,Guamaré,3.561316
2024-01-08,2024-01-12,Duque de Caxias,3.625440
2024-01-08,2024-01-12,Betim,3.645040
2024-01-08,2024-01-12,Cubatão,3.487692
2024-01-08,2024-01-12,Mauá,3.504082
2024-01-08,2024-01-12,Paulínia,3.544170
2024-01-08,2024-01-12,São José dos Campos,3.531346
2024-01-08,2024-01-12,Araucária,3.532348
2024-01-08,2024-01-12,Canoas,3.519048
2024-01-15,2024-01-19,Manaus,3.528975
2024-01-15,2024-01-19,Itaqui,3.548040
2024-01-15,2024-01-19,Suape,3.512788
2024-01-15,2024-01-19,Aratu,3.552130
2024-01-15,2024-01-19,Santos,3.552053
2024-01-15,2024-01-19,Paranagua,3.572935
2024-01-15,2024-01-19,Tramandai,3.559815
2024-01-15,2024-01-19,Guamaré,3.660090
2024-01-15,2024-01-19,Duque de Caxias,3.724045
2024-01-15,2024-01-19,Betim,3.743845
2024-01-15,2024-01-19,Cubatão,3.584895
2024-01-15,2024-01-19,Mauá,3.601450
2024-01-15,2024-01-19,Paulínia,3.641948
2024-01-15,2024-01-19,São José dos Campos,3.628988
2024-01-15,2024-01-19,Araucária,3.629693
2024-01-15,2024-01-19,Canoas,3.616370
2024-01-22,2024-01-26,Manaus,3.612470
2024-01-22,2024-01-26,Itaqui,3.630102
2024-01-22,2024-01-26,Suape,3.595310
2024-01-22,2024-01-26,Aratu,3.634438
2024-01-22,2024-01-26,Santos,3.634808
2024-01-22,2024-01-26,Paranagua,3.655416
2024-01-22,2024-01-26,Tramandai,3.643774
2024-01-22,2024-01-26,Guamaré,3.742990
2024-01-22,2024-01-26,Duque de Caxias,3.807234
2024-01-22,2024-01-26,Betim,3.827090
2024-01-22,2024-01-26,Cubatão,3.667736
2024-01-22,2024-01-26,Mauá,3.684332
2024-01-22,2024-01-26,Paulínia,3.724932
2024-01-22,2024-01-26,São José dos Campos,3.711940
2024-01-22,2024-01-26,Araucária,3.712314
2024-01-22,2024-01-26,Canoas,3.700472
2024-01-29,2024-02-02,Manaus,3.768822
2024-01-29,2024-02-02,Itaqui,3.787540
2024-01-29,2024-02-02,Suape,3.752332
2024-01-29,2024-02-02,Aratu,3.791736
2024-01-29,2024-02-02,Santos,3.791862
2024-01-29,2024-02-02,Paranagua,3.812698
2024-01-29,2024-02-02,Tramandai,3.800084
2024-01-29,2024-02-02,Guamaré,3.900084
2024-01-29,2024-02-02,Duque de Caxias,3.964376
2024-01-29,2024-02-02,Betim,3.984238
2024-01-29,2024-02-02,Cubatão,3.824802
2024-01-29,2024-02-02,Mauá,3.841410
2024-01-29,2024-02-02,Paulínia,3.882030
2024-01-29,2024-02-02,São José dos Campos,3.869036
2024-01-29,2024-02-02,Araucária,3.869624
2024-01-29,2024-02-02,Canoas,3.856810
2024-02-05,2024-02-09,Manaus,3.834442
2024-02-05,2024-02-09,Itaqui,3.854712
2024-02-05,2024-02-09,Suape,3.818756
2024-02-05,2024-02-09,Aratu,3.858874
2024-02-05,2024-02-09,Santos,3.858992
2024-02-05,2024-02-09,Paranagua,3.880186
2024-02-05,2024-02-09,Tramandai,3.866804
2024-02-05,2024-02-09,Guamaré,3.967318
2024-02-05,2024-02-09,Duque de Caxias,4.032452
2024-02-05,2024-02-09,Betim,4.052422
2024-02-05,2024-02-09,Cubatão,3.892114
2024-02-05,2024-02-09,Mauá,3.908812
2024-02-05,2024-02-09,Paulínia,3.949656
2024-02-05,2024-02-09,São José dos Campos,3.936588
2024-02-05,2024-02-09,Araucária,3.937426
2024-02-05,2024-02-09,Canoas,3.923842
2024-02-12,2024-02-16,Manaus,3.989276
2024-02-12,2024-02-16,Itaqui,4.015098
2024-02-12,2024-02-16,Suape,3.976826
2024-02-12,2024-02-16,Aratu,4.019544
2024-02-12,2024-02-16,Santos,4.020382
2024-02-12,2024-02-16,Paranagua,4.042598
2024-02-12,2024-02-16,Tramandai,4.028504
2024-02-12,2024-02-16,Guamaré,4.125098
2024-02-12,2024-02-16,Duque de Caxias,4.193508
2024-02-12,2024-02-16,Betim,4.213440
2024-02-12,2024-02-16,Cubatão,4.053440
2024-02-12,2024-02-16,Mauá,4.070106
2024-02-12,2024-02-16,Paulínia,4.110872
2024-02-12,2024-02-16,São José dos Campos,4.097826
2024-02-12,2024-02-16,Araucária,4.099728
2024-02-12,2024-02-16,Canoas,4.085432
2024-02-19,2024-02-23,Manaus,3.783513
2024-02-19,2024-02-23,Itaqui,3.812028
2024-02-19,2024-02-23,Suape,3.772650
2024-02-19,2024-02-23,Aratu,3.816633
2024-02-19,2024-02-23,Santos,3.817873
2024-02-19,2024-02-23,Paranagua,3.840570
2024-02-19,2024-02-23,Tramandai,3.826258
2024-02-19,2024-02-23,Guamaré,3.920603
2024-02-19,2024-02-23,Duque de Caxias,3.990620
2024-02-19,2024-02-23,Betim,4.010513
2024-02-19,2024-02-23,Cubatão,3.850858
2024-02-19,2024-02-23,Mauá,3.867485
2024-02-19,2024-02-23,Paulínia,3.908165
2024-02-19,2024-02-23,São José dos Campos,3.895148
2024-02-19,2024-02-23,Araucária,3.897573
2024-02-19,2024-02-23,Canoas,3.883060
2024-02-26,2024-03-01,Manaus,3.726676
2024-02-26,2024-03-01,Itaqui,3.751392
2024-02-26,2024-03-01,Suape,3.713622
2024-02-26,2024-03-01,Aratu,3.755680
2024-02-26,2024-03-01,Santos,3.756174
2024-02-26,2024-03-01,Paranagua,3.778192
2024-02-26,2024-03-01,Tramandai,3.763834
2024-02-26,2024-03-01,Guamaré,3.861878
2024-02-26,2024-03-01,Duque de Caxias,3.929276
2024-02-26,2024-03-01,Betim,3.949208
2024-02-26,2024-03-01,Cubatão,3.789230
2024-02-26,2024-03-01,Mauá,3.805892
2024-02-26,2024-03-01,Paulínia,3.846654
2024-02-26,2024-03-01,São José dos Campos,3.833608
2024-02-26,2024-03-01,Araucária,3.835314
2024-02-26,2024-03-01,Canoas,3.820754
2024-03-04,2024-03-08,Manaus,3.716762
2024-03-04,2024-03-08,Itaqui,3.755706
2024-03-04,2024-03-08,Suape,3.711894
2024-03-04,2024-03-08,Aratu,3.760756
2024-03-04,2024-03-08,Santos,3.763206
2024-03-04,2024-03-08,Paranagua,3.787880
2024-03-04,2024-03-08,Tramandai,3.771828
2024-03-04,2024-03-08,Guamaré,3.859872
2024-03-04,2024-03-08,Duque de Caxias,3.935990
2024-03-04,2024-03-08,Betim,3.955882
2024-03-04,2024-03-08,Cubatão,3.796200
2024-03-04,2024-03-08,Mauá,3.812832
2024-03-04,2024-03-08,Paulínia,3.853520
2024-03-04,2024-03-08,São José dos Campos,3.840500
2024-03-04,2024-03-08,Araucária,3.844892
2024-03-04,2024-03-08,Canoas,3.828642
2024-03-11,2024-03-15,Manaus,3.734978
2024-03-11,2024-03-15,Itaqui,3.775600
2024-03-11,2024-03-15,Suape,3.730984
2024-03-11,2024-03-15,Aratu,3.780642
2024-03-11,2024-03-15,Santos,3.783128
2024-03-11,2024-03-15,Paranagua,3.808180
2024-03-11,2024-03-15,Tramandai,3.791402
2024-03-11,2024-03-15,Guamaré,3.879804
2024-03-11,2024-03-15,Duque de Caxias,3.956886
2024-03-11,2024-03-15,Betim,3.976890
2024-03-11,2024-03-15,Cubatão,3.816306
2024-03-11,2024-03-15,Mauá,3.833032
2024-03-11,2024-03-15,Paulínia,3.873948
2024-03-11,2024-03-15,São José dos Campos,3.860856
2024-03-11,2024-03-15,Araucária,3.865516
2024-03-11,2024-03-15,Canoas,3.848534
2024-03-18,2024-03-22,Manaus,3.795424
2024-03-18,2024-03-22,Itaqui,3.829014
2024-03-18,2024-03-22,Suape,3.787304
2024-03-18,2024-03-22,Aratu,3.833760
2024-03-18,2024-03-22,Santos,3.835446
2024-03-18,2024-03-22,Paranagua,3.859206
2024-03-18,2024-03-22,Tramandai,3.843554
2024-03-18,2024-03-22,Guamaré,3.936692
2024-03-18,2024-03-22,Duque de Caxias,4.009874
2024-03-18,2024-03-22,Betim,4.029954
2024-03-18,2024-03-22,Cubatão,3.868754
2024-03-18,2024-03-22,Mauá,3.885542
2024-03-18,2024-03-22,Paulínia,3.926616
2024-03-18,2024-03-22,São José dos Campos,3.913474
2024-03-18,2024-03-22,Araucária,3.916762
2024-03-18,2024-03-22,Canoas,3.900906
2024-03-25,2024-03-29,Manaus,3.702013
2024-03-25,2024-03-29,Itaqui,3.746288
2024-03-25,2024-03-29,Suape,3.699818
2024-03-25,2024-03-29,Aratu,3.752468
2024-03-25,2024-03-29,Santos,3.757325
2024-03-25,2024-03-29,Paranagua,3.782978
2024-03-25,2024-03-29,Tramandai,3.769665
2024-03-25,2024-03-29,Guamaré,3.848785
2024-03-25,2024-03-29,Duque de Caxias,3.931258
2024-03-25,2024-03-29,Betim,3.951285
2024-03-25,2024-03-29,Cubatão,3.790538
2024-03-25,2024-03-29,Mauá,3.807280
2024-03-25,2024-03-29,Paulínia,3.848235
2024-03-25,2024-03-29,São José dos Campos,3.835133
2024-03-25,2024-03-29,Araucária,3.840375
2024-03-25,2024-03-29,Canoas,3.826863
2024-04-01,2024-04-05,Manaus,3.814726
2024-04-01,2024-04-05,Itaqui,3.856244
2024-04-01,2024-04-05,Suape,3.810686
2024-04-01,2024-04-05,Aratu,3.862272
2024-04-01,2024-04-05,Santos,3.866770
2024-04-01,2024-04-05,Paranagua,3.892028
2024-04-01,2024-04-05,Tramandai,3.878824
2024-04-01,2024-04-05,Guamaré,3.961562
2024-04-01,2024-04-05,Duque de Caxias,4.042932
2024-04-01,2024-04-05,Betim,4.063214
2024-04-01,2024-04-05,Cubatão,3.900406
2024-04-01,2024-04-05,Mauá,3.917362
2024-04-01,2024-04-05,Paulínia,3.958844
2024-04-01,2024-04-05,São José dos Campos,3.945572
2024-04-01,2024-04-05,Araucária,3.950158
2024-04-01,2024-04-05,Canoas,3.936752
2024-04-08,2024-04-12,Manaus,3.844630
2024-04-08,2024-04-12,Itaqui,3.880634
2024-04-08,2024-04-12,Suape,3.837462
2024-04-08,2024-04-12,Aratu,3.886022
2024-04-08,2024-04-12,Santos,3.889086
2024-04-08,2024-04-12,Paranagua,3.913374
2024-04-08,2024-04-12,Tramandai,3.899356
2024-04-08,2024-04-12,Guamaré,3.988782
2024-04-08,2024-04-12,Duque de Caxias,4.065764
2024-04-08,2024-04-12,Betim,4.086108
2024-04-08,2024-04-12,Cubatão,3.922822
2024-04-08,2024-04-12,Mauá,3.939830
2024-04-08,2024-04-12,Paulínia,3.981430
2024-04-08,2024-04-12,São José dos Campos,3.968120
2024-04-08,2024-04-12,Araucária,3.971676
2024-04-08,2024-04-12,Canoas,3.957452
2024-04-15,2024-04-19,Manaus,3.812626
2024-04-15,2024-04-19,Itaqui,3.838760
2024-04-15,2024-04-19,Suape,3.799272
2024-04-15,2024-04-19,Aratu,3.843228
2024-04-15,2024-04-19,Santos,3.844206
2024-04-15,2024-04-19,Paranagua,3.866984
2024-04-15,2024-04-19,Tramandai,3.851980
2024-04-15,2024-04-19,Guamaré,3.955348
2024-04-15,2024-04-19,Duque de Caxias,4.026440
2024-04-15,2024-04-19,Betim,4.047420
2024-04-15,2024-04-19,Cubatão,3.879002
2024-04-15,2024-04-19,Mauá,3.896546
2024-04-15,2024-04-19,Paulínia,3.939456
2024-04-15,2024-04-19,São José dos Campos,3.925726
2024-04-15,2024-04-19,Araucária,3.927122
2024-04-15,2024-04-19,Canoas,3.911898
2024-04-22,2024-04-26,Manaus,3.649344
2024-04-22,2024-04-26,Itaqui,3.667586
2024-04-22,2024-04-26,Suape,3.631868
2024-04-22,2024-04-26,Aratu,3.671368
2024-04-22,2024-04-26,Santos,3.670716
2024-04-22,2024-04-26,Paranagua,3.691890
2024-04-22,2024-04-26,Tramandai,3.677018
2024-04-22,2024-04-26,Guamaré,3.785598
2024-04-22,2024-04-26,Duque de Caxias,3.850212
2024-04-22,2024-04-26,Betim,3.870878
2024-04-22,2024-04-26,Cubatão,3.704994
2024-04-22,2024-04-26,Mauá,3.722270
2024-04-22,2024-04-26,Paulínia,3.764536
2024-04-22,2024-04-26,São José dos Campos,3.751010
2024-04-22,2024-04-26,Araucária,3.751120
2024-04-22,2024-04-26,Canoas,3.736038
2024-04-29,2024-05-03,Manaus,3.557960
2024-04-29,2024-05-03,Itaqui,3.575870
2024-04-29,2024-05-03,Suape,3.540370
2024-04-29,2024-05-03,Aratu,3.579552
2024-04-29,2024-05-03,Santos,3.578688
2024-04-29,2024-05-03,Paranagua,3.599784
2024-04-29,2024-05-03,Tramandai,3.584648
2024-04-29,2024-05-03,Guamaré,3.693754
2024-04-29,2024-05-03,Duque de Caxias,3.757782
2024-04-29,2024-05-03,Betim,3.778402
2024-04-29,2024-05-03,Cubatão,3.612888
2024-04-29,2024-05-03,Mauá,3.630126
2024-04-29,2024-05-03,Paulínia,3.672298
2024-04-29,2024-05-03,São José dos Campos,3.658802
2024-04-29,2024-05-03,Araucária,3.658880
2024-04-29,2024-05-03,Canoas,3.643540
2024-05-06,2024-05-10,Manaus,3.517182
2024-05-06,2024-05-10,Itaqui,3.543470
2024-05-06,2024-05-10,Suape,3.504392
2024-05-06,2024-05-10,Aratu,3.547998
2024-05-06,2024-05-10,Santos,3.549066
2024-05-06,2024-05-10,Paranagua,3.571642
2024-05-06,2024-05-10,Tramandai,3.557248
2024-05-06,2024-05-10,Guamaré,3.656962
2024-05-06,2024-05-10,Duque de Caxias,3.727212
2024-05-06,2024-05-10,Betim,3.747720
2024-05-06,2024-05-10,Cubatão,3.583082
2024-05-06,2024-05-10,Mauá,3.600230
2024-05-06,2024-05-10,Paulínia,3.642178
2024-05-06,2024-05-10,São José dos Campos,3.628756
2024-05-06,2024-05-10,Araucária,3.630424
2024-05-06,2024-05-10,Canoas,3.615826
2024-05-13,2024-05-17,Manaus,3.475148
2024-05-13,2024-05-17,Itaqui,3.493646
2024-05-13,2024-05-17,Suape,3.457872
2024-05-13,2024-05-17,Aratu,3.497440
2024-05-13,2024-05-17,Santos,3.496818
2024-05-13,2024-05-17,Paranagua,3.518016
2024-05-13,2024-05-17,Tramandai,3.503156
2024-05-13,2024-05-17,Guamaré,3.611202
2024-05-13,2024-05-17,Duque de Caxias,3.675850
2024-05-13,2024-05-17,Betim,3.696462
2024-05-13,2024-05-17,Cubatão,3.531006
2024-05-13,2024-05-17,Mauá,3.548240
2024-05-13,2024-05-17,Paulínia,3.590396
2024-05-13,2024-05-17,São José dos Campos,3.576908
2024-05-13,2024-05-17,Araucária,3.577094
2024-05-13,2024-05-17,Canoas,3.562024
2024-05-20,2024-05-24,Manaus,3.503220
2024-05-20,2024-05-24,Itaqui,3.520698
2024-05-20,2024-05-24,Suape,3.485284
2024-05-20,2024-05-24,Aratu,3.524580
2024-05-20,2024-05-24,Santos,3.524104
2024-05-20,2024-05-24,Paranagua,3.545110
2024-05-20,2024-05-24,Tramandai,3.530930
2024-05-20,2024-05-24,Guamaré,3.638878
2024-05-20,2024-05-24,Duque de Caxias,3.703440
2024-05-20,2024-05-24,Betim,3.724086
2024-05-20,2024-05-24,Cubatão,3.558348
2024-05-20,2024-05-24,Mauá,3.575608
2024-05-20,2024-05-24,Paulínia,3.617840
2024-05-20,2024-05-24,São José dos Campos,3.604326
2024-05-20,2024-05-24,Araucária,3.604288
2024-05-20,2024-05-24,Canoas,3.589900
2024-05-27,2024-05-31,Manaus,3.580273
2024-05-27,2024-05-31,Itaqui,3.621988
2024-05-27,2024-05-31,Suape,3.575443
2024-05-27,2024-05-31,Aratu,3.628958
2024-05-27,2024-05-31,Santos,3.635383
2024-05-27,2024-05-31,Paranagua,3.660883
2024-05-27,2024-05-31,Tramandai,3.651033
2024-05-27,2024-05-31,Guamaré,3.730898
2024-05-27,2024-05-31,Duque de Caxias,3.816893
2024-05-27,2024-05-31,Betim,3.837788
2024-05-27,2024-05-31,Cubatão,3.670043
2024-05-27,2024-05-31,Mauá,3.687515
2024-05-27,2024-05-31,Paulínia,3.730253
2024-05-27,2024-05-31,São José dos Campos,3.716575
2024-05-27,2024-05-31,Araucária,3.720778
2024-05-27,2024-05-31,Canoas,3.710710
2024-06-03,2024-06-07,Manaus,3.481516
2024-06-03,2024-06-07,Itaqui,3.526252
2024-06-03,2024-06-07,Suape,3.478096
2024-06-03,2024-06-07,Aratu,3.533530
2024-06-03,2024-06-07,Santos,3.540672
2024-06-03,2024-06-07,Paranagua,3.566858
2024-06-03,2024-06-07,Tramandai,3.556988
2024-06-03,2024-06-07,Guamaré,3.635572
2024-06-03,2024-06-07,Duque de Caxias,3.724540
2024-06-03,2024-06-07,Betim,3.745708
2024-06-03,2024-06-07,Cubatão,3.575782
2024-06-03,2024-06-07,Mauá,3.593480
2024-06-03,2024-06-07,Paulínia,3.636776
2024-06-03,2024-06-07,São José dos Campos,3.622922
2024-06-03,2024-06-07,Araucária,3.627530
2024-06-03,2024-06-07,Canoas,3.617452
2024-06-10,2024-06-14,Manaus,3.611326
2024-06-10,2024-06-14,Itaqui,3.631732
2024-06-10,2024-06-14,Suape,3.593924
2024-06-10,2024-06-14,Aratu,3.636490
2024-06-10,2024-06-14,Santos,3.637910
2024-06-10,2024-06-14,Paranagua,3.659836
2024-06-10,2024-06-14,Tramandai,3.647522
2024-06-10,2024-06-14,Guamaré,3.754308
2024-06-10,2024-06-14,Duque de Caxias,3.825180
2024-06-10,2024-06-14,Betim,3.846740
2024-06-10,2024-06-14,Cubatão,3.673672
2024-06-10,2024-06-14,Mauá,3.691696
2024-06-10,2024-06-14,Paulínia,3.735790
2024-06-10,2024-06-14,São José dos Campos,3.721682
2024-06-10,2024-06-14,Araucária,3.721632
2024-06-10,2024-06-14,Canoas,3.709098
2024-06-17,2024-06-21,Manaus,3.841800
2024-06-17,2024-06-21,Itaqui,3.883763
2024-06-17,2024-06-21,Suape,3.836288
2024-06-17,2024-06-21,Aratu,3.890340
2024-06-17,2024-06-21,Santos,3.896058
2024-06-17,2024-06-21,Paranagua,3.922090
2024-06-17,2024-06-21,Tramandai,3.909703
2024-06-17,2024-06-21,Guamaré,3.998553
2024-06-17,2024-06-21,Duque de Caxias,4.085520
2024-06-17,2024-06-21,Betim,4.107333
2024-06-17,2024-06-21,Cubatão,3.932235
2024-06-17,2024-06-21,Mauá,3.950473
2024-06-17,2024-06-21,Paulínia,3.995088
2024-06-17,2024-06-21,São José dos Campos,3.980810
2024-06-17,2024-06-21,Araucária,3.984610
2024-06-17,2024-06-21,Canoas,3.971998
2024-06-24,2024-06-28,Manaus,3.947146
2024-06-24,2024-06-28,Itaqui,3.998070
2024-06-24,2024-06-28,Suape,3.946468
2024-06-24,2024-06-28,Aratu,4.005312
2024-06-24,2024-06-28,Santos,4.012642
2024-06-24,2024-06-28,Paranagua,4.040454
2024-06-24,2024-06-28,Tramandai,4.027542
2024-06-24,2024-06-28,Guamaré,4.110542
2024-06-24,2024-06-28,Duque de Caxias,4.204216
2024-06-24,2024-06-28,Betim,4.226274
2024-06-24,2024-06-28,Cubatão,4.049224
2024-06-24,2024-06-28,Mauá,4.067666
2024-06-24,2024-06-28,Paulínia,4.112772
2024-06-24,2024-06-28,São José dos Campos,4.098338
2024-06-24,2024-06-28,Araucária,4.103668
2024-06-24,2024-06-28,Canoas,4.090536
2024-07-01,2024-07-05,Manaus,4.092447
2024-07-01,2024-07-05,Itaqui,4.135877
2024-07-01,2024-07-05,Suape,4.087040
2024-07-01,2024-07-05,Aratu,4.142227
2024-07-01,2024-07-05,Santos,4.147613
2024-07-01,2024-07-05,Paranagua,4.174333
2024-07-01,2024-07-05,Tramandai,4.159823
2024-07-01,2024-07-05,Guamaré,4.255293
2024-07-01,2024-07-05,Duque de Caxias,4.344067
2024-07-01,2024-07-05,Betim,4.366687
2024-07-01,2024-07-05,Cubatão,4.185127
2024-07-01,2024-07-05,Mauá,4.204037
2024-07-01,2024-07-05,Paulínia,4.250297
2024-07-01,2024-07-05,São José dos Campos,4.235497
2024-07-01,2024-07-05,Araucária,4.239160
2024-07-01,2024-07-05,Canoas,4.224423
2024-07-08,2024-07-12,Manaus,3.836188
2024-07-08,2024-07-12,Itaqui,3.861384
2024-07-08,2024-07-12,Suape,3.821214
2024-07-08,2024-07-12,Aratu,3.866516
2024-07-08,2024-07-12,Santos,3.868848
2024-07-08,2024-07-12,Paranagua,3.891792
2024-07-08,2024-07-12,Tramandai,3.879150
2024-07-08,2024-07-12,Guamaré,3.983592
2024-07-08,2024-07-12,Duque de Caxias,4.058446
2024-07-08,2024-07-12,Betim,4.080274
2024-07-08,2024-07-12,Cubatão,3.905052
2024-07-08,2024-07-12,Mauá,3.923302
2024-07-08,2024-07-12,Paulínia,3.967946
2024-07-08,2024-07-12,São José dos Campos,3.953662
2024-07-08,2024-07-12,Araucária,3.954356
2024-07-08,2024-07-12,Canoas,3.941494
2024-07-15,2024-07-19,Manaus,3.822618
2024-07-15,2024-07-19,Itaqui,3.860092
2024-07-15,2024-07-19,Suape,3.814298
2024-07-15,2024-07-19,Aratu,3.866240
2024-07-15,2024-07-19,Santos,3.870994
2024-07-15,2024-07-19,Paranagua,3.896338
2024-07-15,2024-07-19,Tramandai,3.883472
2024-07-15,2024-07-19,Guamaré,3.978696
2024-07-15,2024-07-19,Duque de Caxias,4.062948
2024-07-15,2024-07-19,Betim,4.085048
2024-07-15,2024-07-19,Cubatão,3.907648
2024-07-15,2024-07-19,Mauá,3.926124
2024-07-15,2024-07-19,Paulínia,3.971322
2024-07-15,2024-07-19,São José dos Campos,3.956860
2024-07-15,2024-07-19,Araucária,3.959676
2024-07-15,2024-07-19,Canoas,3.946588
2024-07-22,2024-07-26,Manaus,3.789856
2024-07-22,2024-07-26,Itaqui,3.816930
2024-07-22,2024-07-26,Suape,3.775228
2024-07-22,2024-07-26,Aratu,3.822010
2024-07-22,2024-07-26,Santos,3.824364
2024-07-22,2024-07-26,Paranagua,3.848036
2024-07-22,2024-07-26,Tramandai,3.833892
2024-07-22,2024-07-26,Guamaré,3.943274
2024-07-22,2024-07-26,Duque de Caxias,4.020572
2024-07-22,2024-07-26,Betim,4.043162
2024-07-22,2024-07-26,Cubatão,3.861828
2024-07-22,2024-07-26,Mauá,3.880714
2024-07-22,2024-07-26,Paulínia,3.926916
2024-07-22,2024-07-26,São José dos Campos,3.912134
2024-07-22,2024-07-26,Araucária,3.912782
2024-07-22,2024-07-26,Canoas,3.898412
2024-07-29,2024-08-02,Manaus,3.735446
2024-07-29,2024-08-02,Itaqui,3.758198
2024-07-29,2024-08-02,Suape,3.718270
2024-07-29,2024-08-02,Aratu,3.762622
2024-07-29,2024-08-02,Santos,3.763540
2024-07-29,2024-08-02,Paranagua,3.786538
2024-07-29,2024-08-02,Tramandai,3.770958
2024-07-29,2024-08-02,Guamaré,3.887732
2024-07-29,2024-08-02,Duque de Caxias,3.961404
2024-07-29,2024-08-02,Betim,3.984186
2024-07-29,2024-08-02,Cubatão,3.801324
2024-07-29,2024-08-02,Mauá,3.820370
2024-07-29,2024-08-02,Paulínia,3.866960
2024-07-29,2024-08-02,São José dos Campos,3.852052
2024-07-29,2024-08-02,Araucária,3.851828
2024-07-29,2024-08-02,Canoas,3.836020
2024-08-05,2024-08-09,Manaus,3.577420
2024-08-05,2024-08-09,Itaqui,3.597200
2024-08-05,2024-08-09,Suape,3.558882
2024-08-05,2024-08-09,Aratu,3.601104
2024-08-05,2024-08-09,Santos,3.600888
2024-08-05,2024-08-09,Paranagua,3.623250
2024-08-05,2024-08-09,Tramandai,3.606734
2024-08-05,2024-08-09,Guamaré,3.726684
2024-08-05,2024-08-09,Duque de Caxias,3.796808
2024-08-05,2024-08-09,Betim,3.819366
2024-08-05,2024-08-09,Cubatão,3.638298
2024-08-05,2024-08-09,Mauá,3.657156
2024-08-05,2024-08-09,Paulínia,3.703294
2024-08-05,2024-08-09,São José dos Campos,3.688530
2024-08-05,2024-08-09,Araucária,3.687898
2024-08-05,2024-08-09,Canoas,3.671158
2024-08-12,2024-08-16,Manaus,3.561642
2024-08-12,2024-08-16,Itaqui,3.577256
2024-08-12,2024-08-16,Suape,3.541256
2024-08-12,2024-08-16,Aratu,3.580944
2024-08-12,2024-08-16,Santos,3.580128
2024-08-12,2024-08-16,Paranagua,3.601456
2024-08-12,2024-08-16,Tramandai,3.585928
2024-08-12,2024-08-16,Guamaré,3.705040
2024-08-12,2024-08-16,Duque de Caxias,3.771364
2024-08-12,2024-08-16,Betim,3.793380
2024-08-12,2024-08-16,Cubatão,3.616646
2024-08-12,2024-08-16,Mauá,3.635054
2024-08-12,2024-08-16,Paulínia,3.680080
2024-08-12,2024-08-16,São José dos Campos,3.665674
2024-08-12,2024-08-16,Araucária,3.664560
2024-08-12,2024-08-16,Canoas,3.648808
2024-08-19,2024-08-23,Manaus,3.485892
2024-08-19,2024-08-23,Itaqui,3.507880
2024-08-19,2024-08-23,Suape,3.468958
2024-08-19,2024-08-23,Aratu,3.512550
2024-08-19,2024-08-23,Santos,3.513886
2024-08-19,2024-08-23,Paranagua,3.536354
2024-08-19,2024-08-23,Tramandai,3.522716
2024-08-19,2024-08-23,Guamaré,3.632882
2024-08-19,2024-08-23,Duque de Caxias,3.705286
2024-08-19,2024-08-23,Betim,3.727324
2024-08-19,2024-08-23,Cubatão,3.550434
2024-08-19,2024-08-23,Mauá,3.568854
2024-08-19,2024-08-23,Paulínia,3.613926
2024-08-19,2024-08-23,São José dos Campos,3.599504
2024-08-19,2024-08-23,Araucária,3.599514
2024-08-19,2024-08-23,Canoas,3.585652
2024-08-26,2024-08-30,Manaus,3.538482
2024-08-26,2024-08-30,Itaqui,3.553674
2024-08-26,2024-08-30,Suape,3.517386
2024-08-26,2024-08-30,Aratu,3.557838
2024-08-26,2024-08-30,Santos,3.557978
2024-08-26,2024-08-30,Paranagua,3.579328
2024-08-26,2024-08-30,Tramandai,3.565658
2024-08-26,2024-08-30,Guamaré,3.683544
2024-08-26,2024-08-30,Duque de Caxias,3.751986
2024-08-26,2024-08-30,Betim,3.774322
2024-08-26,2024-08-30,Cubatão,3.595024
2024-08-26,2024-08-30,Mauá,3.613700
2024-08-26,2024-08-30,Paulínia,3.659380
2024-08-26,2024-08-30,São José dos Campos,3.644764
2024-08-26,2024-08-30,Araucária,3.643348
2024-08-26,2024-08-30,Canoas,3.629452
2024-09-02,2024-09-06,Manaus,3.419610
2024-09-02,2024-09-06,Itaqui,3.434868
2024-09-02,2024-09-06,Suape,3.398275
2024-09-02,2024-09-06,Aratu,3.439240
2024-09-02,2024-09-06,Santos,3.439815
2024-09-02,2024-09-06,Paranagua,3.461263
2024-09-02,2024-09-06,Tramandai,3.448278
2024-09-02,2024-09-06,Guamaré,3.565963
2024-09-02,2024-09-06,Duque de Caxias,3.635610
2024-09-02,2024-09-06,Betim,3.658153
2024-09-02,2024-09-06,Cubatão,3.477208
2024-09-02,2024-09-06,Mauá,3.496053
2024-09-02,2024-09-06,Paulínia,3.542155
2024-09-02,2024-09-06,São José dos Campos,3.527403
2024-09-02,2024-09-06,Araucária,3.525868
2024-09-02,2024-09-06,Canoas,3.512660
2024-09-09,2024-09-13,Manaus,3.269442
2024-09-09,2024-09-13,Itaqui,3.281090
2024-09-09,2024-09-13,Suape,3.246080
2024-09-09,2024-09-13,Aratu,3.285070
2024-09-09,2024-09-13,Santos,3.284752
2024-09-09,2024-09-13,Paranagua,3.305548
2024-09-09,2024-09-13,Tramandai,3.292140
2024-09-09,2024-09-13,Guamaré,3.413956
2024-09-09,2024-09-13,Duque de Caxias,3.480764
2024-09-09,2024-09-13,Betim,3.503332
2024-09-09,2024-09-13,Cubatão,3.322182
2024-09-09,2024-09-13,Mauá,3.341050
2024-09-09,2024-09-13,Paulínia,3.387204
2024-09-09,2024-09-13,São José dos Campos,3.372436
2024-09-09,2024-09-13,Araucária,3.370228
2024-09-09,2024-09-13,Canoas,3.356592
2024-09-16,2024-09-20,Manaus,3.218366
2024-09-16,2024-09-20,Itaqui,3.229722
2024-09-16,2024-09-20,Suape,3.195456
2024-09-16,2024-09-20,Aratu,3.233644
2024-09-16,2024-09-20,Santos,3.233168
2024-09-16,2024-09-20,Paranagua,3.253624
2024-09-16,2024-09-20,Tramandai,3.240600
2024-09-16,2024-09-20,Guamaré,3.358960
2024-09-16,2024-09-20,Duque de Caxias,3.424074
2024-09-16,2024-09-20,Betim,3.446052
2024-09-16,2024-09-20,Cubatão,3.269620
2024-09-16,2024-09-20,Mauá,3.287994
2024-09-16,2024-09-20,Paulínia,3.332948
2024-09-16,2024-09-20,São José dos Campos,3.318564
2024-09-16,2024-09-20,Araucária,3.316620
2024-09-16,2024-09-20,Canoas,3.303374
2024-09-23,2024-09-27,Manaus,3.238868
2024-09-23,2024-09-27,Itaqui,3.244854
2024-09-23,2024-09-27,Suape,3.212954
2024-09-23,2024-09-27,Aratu,3.248268
2024-09-23,2024-09-27,Santos,3.246604
2024-09-23,2024-09-27,Paranagua,3.266072
2024-09-23,2024-09-27,Tramandai,3.252766
2024-09-23,2024-09-27,Guamaré,3.376360
2024-09-23,2024-09-27,Duque de Caxias,3.437396
2024-09-23,2024-09-27,Betim,3.459364
2024-09-23,2024-09-27,Cubatão,3.283036
2024-09-23,2024-09-27,Mauá,3.301398
2024-09-23,2024-09-27,Paulínia,3.346324
2024-09-23,2024-09-27,São José dos Campos,3.331950
2024-09-23,2024-09-27,Araucária,3.329030
2024-09-23,2024-09-27,Canoas,3.315502
2024-09-30,2024-10-04,Manaus,3.317382
2024-09-30,2024-10-04,Itaqui,3.338522
2024-09-30,2024-10-04,Suape,3.300024
2024-09-30,2024-10-04,Aratu,3.343316
2024-09-30,2024-10-04,Santos,3.344858
2024-09-30,2024-10-04,Paranagua,3.367098
2024-09-30,2024-10-04,Tramandai,3.354356
2024-09-30,2024-10-04,Guamaré,3.463182
2024-09-30,2024-10-04,Duque de Caxias,3.535364
2024-09-30,2024-10-04,Betim,3.557298
2024-09-30,2024-10-04,Cubatão,3.381234
2024-09-30,2024-10-04,Mauá,3.399570
2024-09-30,2024-10-04,Paulínia,3.444430
2024-09-30,2024-10-04,São José dos Campos,3.430076
2024-09-30,2024-10-04,Araucária,3.429964
2024-09-30,2024-10-04,Canoas,3.417000
2024-10-07,2024-10-11,Manaus,3.604578
2024-10-07,2024-10-11,Itaqui,3.639342
2024-10-07,2024-10-11,Suape,3.594498
2024-10-07,2024-10-11,Aratu,3.645166
2024-10-07,2024-10-11,Santos,3.649204
2024-10-07,2024-10-11,Paranagua,3.674180
2024-10-07,2024-10-11,Tramandai,3.660666
2024-10-07,2024-10-11,Guamaré,3.760758
2024-10-07,2024-10-11,Duque de Caxias,3.843328
2024-10-07,2024-10-11,Betim,3.865678
2024-10-07,2024-10-11,Cubatão,3.686272
2024-10-07,2024-10-11,Mauá,3.704960
2024-10-07,2024-10-11,Paulínia,3.750666
2024-10-07,2024-10-11,São José dos Campos,3.736042
2024-10-07,2024-10-11,Araucária,3.738236
2024-10-07,2024-10-11,Canoas,3.724496
2024-10-14,2024-10-18,Manaus,3.443322
2024-10-14,2024-10-18,Itaqui,3.454236
2024-10-14,2024-10-18,Suape,3.419288
2024-10-14,2024-10-18,Aratu,3.458540
2024-10-14,2024-10-18,Santos,3.458860
2024-10-14,2024-10-18,Paranagua,3.479546
2024-10-14,2024-10-18,Tramandai,3.467638
2024-10-14,2024-10-18,Guamaré,3.588184
2024-10-14,2024-10-18,Duque de Caxias,3.656066
2024-10-14,2024-10-18,Betim,3.678772
2024-10-14,2024-10-18,Cubatão,3.496516
2024-10-14,2024-10-18,Mauá,3.515500
2024-10-14,2024-10-18,Paulínia,3.561936
2024-10-14,2024-10-18,São José dos Campos,3.547076
2024-10-14,2024-10-18,Araucária,3.544622
2024-10-14,2024-10-18,Canoas,3.532482
2024-10-21,2024-10-25,Manaus,3.417746
2024-10-21,2024-10-25,Itaqui,3.425504
2024-10-21,2024-10-25,Suape,3.391774
2024-10-21,2024-10-25,Aratu,3.429392
2024-10-21,2024-10-25,Santos,3.428800
2024-10-21,2024-10-25,Paranagua,3.449018
2024-10-21,2024-10-25,Tramandai,3.436278
2024-10-21,2024-10-25,Guamaré,3.562206
2024-10-21,2024-10-25,Duque de Caxias,3.627796
2024-10-21,2024-10-25,Betim,3.650708
2024-10-21,2024-10-25,Cubatão,3.466798
2024-10-21,2024-10-25,Mauá,3.485954
2024-10-21,2024-10-25,Paulínia,3.532812
2024-10-21,2024-10-25,São José dos Campos,3.517818
2024-10-21,2024-10-25,Araucária,3.514684
2024-10-21,2024-10-25,Canoas,3.501712
2024-10-28,2024-11-01,Manaus,3.459320
2024-10-28,2024-11-01,Itaqui,3.476256
2024-10-28,2024-11-01,Suape,3.438244
2024-10-28,2024-11-01,Aratu,3.480886
2024-10-28,2024-11-01,Santos,3.482072
2024-10-28,2024-11-01,Paranagua,3.504124
2024-10-28,2024-11-01,Tramandai,3.491072
2024-10-28,2024-11-01,Guamaré,3.610718
2024-10-28,2024-11-01,Duque de Caxias,3.683456
2024-10-28,2024-11-01,Betim,3.706638
2024-10-28,2024-11-01,Cubatão,3.520528
2024-10-28,2024-11-01,Mauá,3.539912
2024-10-28,2024-11-01,Paulínia,3.587332
2024-10-28,2024-11-01,São José dos Campos,3.572156
2024-10-28,2024-11-01,Araucária,3.570576
2024-10-28,2024-11-01,Canoas,3.557288
2024-11-04,2024-11-08,Manaus,3.559604
2024-11-04,2024-11-08,Itaqui,3.581946
2024-11-04,2024-11-08,Suape,3.541898
2024-11-04,2024-11-08,Aratu,3.586544
2024-11-04,2024-11-08,Santos,3.587810
2024-11-04,2024-11-08,Paranagua,3.610824
2024-11-04,2024-11-08,Tramandai,3.595910
2024-11-04,2024-11-08,Guamaré,3.713070
2024-11-04,2024-11-08,Duque de Caxias,3.787670
2024-11-04,2024-11-08,Betim,3.810682
2024-11-04,2024-11-08,Cubatão,3.625976
2024-11-04,2024-11-08,Mauá,3.645212
2024-11-04,2024-11-08,Paulínia,3.692274
2024-11-04,2024-11-08,São José dos Campos,3.677216
2024-11-04,2024-11-08,Araucária,3.676776
2024-11-04,2024-11-08,Canoas,3.661626
2024-11-11,2024-11-15,Manaus,3.485504
2024-11-11,2024-11-15,Itaqui,3.497392
2024-11-11,2024-11-15,Suape,3.461634
2024-11-11,2024-11-15,Aratu,3.501282
2024-11-11,2024-11-15,Santos,3.500846
2024-11-11,2024-11-15,Paranagua,3.522014
2024-11-11,2024-11-15,Tramandai,3.507582
2024-11-11,2024-11-15,Guamaré,3.634400
2024-11-11,2024-11-15,Duque de Caxias,3.702570
2024-11-11,2024-11-15,Betim,3.725794
2024-11-11,2024-11-15,Cubatão,3.539366
2024-11-11,2024-11-15,Mauá,3.558784
2024-11-11,2024-11-15,Paulínia,3.606284
2024-11-11,2024-11-15,São José dos Campos,3.591084
2024-11-11,2024-11-15,Araucária,3.588578
2024-11-11,2024-11-15,Canoas,3.573914
2024-11-18,2024-11-22,Manaus,3.563936
2024-11-18,2024-11-22,Itaqui,3.582808
2024-11-18,2024-11-22,Suape,3.544020
2024-11-18,2024-11-22,Aratu,3.587190
2024-11-18,2024-11-22,Santos,3.587942
2024-11-18,2024-11-22,Paranagua,3.610416
2024-11-18,2024-11-22,Tramandai,3.595608
2024-11-18,2024-11-22,Guamaré,3.716850
2024-11-18,2024-11-22,Duque de Caxias,3.789740
2024-11-18,2024-11-22,Betim,3.812970
2024-11-18,2024-11-22,Cubatão,3.626474
2024-11-18,2024-11-22,Mauá,3.645898
2024-11-18,2024-11-22,Paulínia,3.693418
2024-11-18,2024-11-22,São José dos Campos,3.678212
2024-11-18,2024-11-22,Araucária,3.677004
2024-11-18,2024-11-22,Canoas,3.661962
2024-11-25,2024-11-29,Manaus,3.647090
2024-11-25,2024-11-29,Itaqui,3.664620
2024-11-25,2024-11-29,Suape,3.626263
2024-11-25,2024-11-29,Aratu,3.668527
2024-11-25,2024-11-29,Santos,3.668317
2024-11-25,2024-11-29,Paranagua,3.690697
2024-11-25,2024-11-29,Tramandai,3.674160
2024-11-25,2024-11-29,Guamaré,3.800920
2024-11-25,2024-11-29,Duque de Caxias,3.872240
2024-11-25,2024-11-29,Betim,3.895720
2024-11-25,2024-11-29,Cubatão,3.707257
2024-11-25,2024-11-29,Mauá,3.726887
2024-11-25,2024-11-29,Paulínia,3.774903
2024-11-25,2024-11-29,São José dos Campos,3.759537
2024-11-25,2024-11-29,Araucária,3.757987
2024-11-25,2024-11-29,Canoas,3.741213
2024-12-02,2024-12-06,Manaus,3.649842
2024-12-02,2024-12-06,Itaqui,3.669390
2024-12-02,2024-12-06,Suape,3.629202
2024-12-02,2024-12-06,Aratu,3.673864
2024-12-02,2024-12-06,Santos,3.674906
2024-12-02,2024-12-06,Paranagua,3.698014
2024-12-02,2024-12-06,Tramandai,3.682446
2024-12-02,2024-12-06,Guamaré,3.809980
2024-12-02,2024-12-06,Duque de Caxias,3.885984
2024-12-02,2024-12-06,Betim,3.910284
2024-12-02,2024-12-06,Cubatão,3.715210
2024-12-02,2024-12-06,Mauá,3.735528
2024-12-02,2024-12-06,Paulínia,3.785232
2024-12-02,2024-12-06,São José dos Campos,3.769328
2024-12-02,2024-12-06,Araucária,3.767666
2024-12-02,2024-12-06,Canoas,3.751848
2024-12-09,2024-12-13,Manaus,3.694580
2024-12-09,2024-12-13,Itaqui,3.728238
2024-12-09,2024-12-13,Suape,3.681824
2024-12-09,2024-12-13,Aratu,3.734216
2024-12-09,2024-12-13,Santos,3.738682
2024-12-09,2024-12-13,Paranagua,3.764352
2024-12-09,2024-12-13,Tramandai,3.750216
2024-12-09,2024-12-13,Guamaré,3.862524
2024-12-09,2024-12-13,Duque de Caxias,3.949666
2024-12-09,2024-12-13,Betim,3.973956
2024-12-09,2024-12-13,Cubatão,3.778970
2024-12-09,2024-12-13,Mauá,3.799276
2024-12-09,2024-12-13,Paulínia,3.848958
2024-12-09,2024-12-13,São José dos Campos,3.833060
2024-12-09,2024-12-13,Araucária,3.833974
2024-12-09,2024-12-13,Canoas,3.819592
2024-12-16,2024-12-20,Manaus,3.857772
2024-12-16,2024-12-20,Itaqui,3.895332
2024-12-16,2024-12-20,Suape,3.846938
2024-12-16,2024-12-20,Aratu,3.901604
2024-12-16,2024-12-20,Santos,3.906788
2024-12-16,2024-12-20,Paranagua,3.933322
2024-12-16,2024-12-20,Tramandai,3.918812
2024-12-16,2024-12-20,Guamaré,4.029748
2024-12-16,2024-12-20,Duque de Caxias,4.120238
2024-12-16,2024-12-20,Betim,4.144814
2024-12-16,2024-12-20,Cubatão,3.947546
2024-12-16,2024-12-20,Mauá,3.968092
2024-12-16,2024-12-20,Paulínia,4.018352
2024-12-16,2024-12-20,São José dos Campos,4.002272
2024-12-16,2024-12-20,Araucária,4.003756
2024-12-16,2024-12-20,Canoas,3.988998
2024-12-23,2024-12-27,Manaus,3.837915
2024-12-23,2024-12-27,Itaqui,3.865263
2024-12-23,2024-12-27,Suape,3.821018
2024-12-23,2024-12-27,Aratu,3.870688
2024-12-23,2024-12-27,Santos,3.873908
2024-12-23,2024-12-27,Paranagua,3.898693
2024-12-23,2024-12-27,Tramandai,3.883938
2024-12-23,2024-12-27,Guamaré,4.005940
2024-12-23,2024-12-27,Duque de Caxias,4.089828
2024-12-23,2024-12-27,Betim,4.114688
2024-12-23,2024-12-27,Cubatão,3.915140
2024-12-23,2024-12-27,Mauá,3.935923
2024-12-23,2024-12-27,Paulínia,3.986763
2024-12-23,2024-12-27,São José dos Campos,3.970493
2024-12-23,2024-12-27,Araucária,3.969943
2024-12-23,2024-12-27,Canoas,3.954935
2024-12-30,2025-01-03,Manaus,3.911648
2024-12-30,2025-01-03,Itaqui,3.927103
2024-12-30,2025-01-03,Suape,3.888108
2024-12-30,2025-01-03,Aratu,3.931470
2024-12-30,2025-01-03,Santos,3.932215
2024-12-30,2025-01-03,Paranagua,3.954788
2024-12-30,2025-01-03,Tramandai,3.939758
2024-12-30,2025-01-03,Guamaré,4.072683
2024-12-30,2025-01-03,Duque de Caxias,4.147728
2024-12-30,2025-01-03,Betim,4.172540
2024-12-30,2025-01-03,Cubatão,3.973370
2024-12-30,2025-01-03,Mauá,3.994113
2024-12-30,2025-01-03,Paulínia,4.044858
2024-12-30,2025-01-03,São José dos Campos,4.028620
2024-12-30,2025-01-03,Araucária,4.025905
2024-12-30,2025-01-03,Canoas,4.010620
2025-01-06,2025-01-10,Manaus,3.903646
2025-01-06,2025-01-10,Itaqui,3.905036
2025-01-06,2025-01-10,Suape,3.872416
2025-01-06,2025-01-10,Aratu,3.908512
2025-01-06,2025-01-10,Santos,3.907032
2025-01-06,2025-01-10,Paranagua,3.926822
2025-01-06,2025-01-10,Tramandai,3.913200
2025-01-06,2025-01-10,Guamaré,4.054584
2025-01-06,2025-01-10,Duque de Caxias,4.119734
2025-01-06,2025-01-10,Betim,4.144220
2025-01-06,2025-01-10,Cubatão,3.947648
2025-01-06,2025-01-10,Mauá,3.968120
2025-01-06,2025-01-10,Paulínia,4.018204
2025-01-06,2025-01-10,São José dos Campos,4.002180
2025-01-06,2025-01-10,Araucária,3.997010
2025-01-06,2025-01-10,Canoas,3.983142
2025-01-13,2025-01-17,Manaus,4.153884
2025-01-13,2025-01-17,Itaqui,4.164714
2025-01-13,2025-01-17,Suape,4.128136
2025-01-13,2025-01-17,Aratu,4.169014
2025-01-13,2025-01-17,Santos,4.169454
2025-01-13,2025-01-17,Paranagua,4.190906
2025-01-13,2025-01-17,Tramandai,4.177614
2025-01-13,2025-01-17,Guamaré,4.309138
2025-01-13,2025-01-17,Duque de Caxias,4.380792
2025-01-13,2025-01-17,Betim,4.405122
2025-01-13,2025-01-17,Cubatão,4.209810
2025-01-13,2025-01-17,Mauá,4.230152
2025-01-13,2025-01-17,Paulínia,4.279914
2025-01-13,2025-01-17,São José dos Campos,4.263992
2025-01-13,2025-01-17,Araucária,4.260644
2025-01-13,2025-01-17,Canoas,4.247108
2025-01-20,2025-01-24,Manaus,4.025073
2025-01-20,2025-01-24,Itaqui,4.037653
2025-01-20,2025-01-24,Suape,3.996575
2025-01-20,2025-01-24,Aratu,4.033828
2025-01-20,2025-01-24,Santos,4.044060
2025-01-20,2025-01-24,Paranagua,4.049255
2025-01-20,2025-01-24,Tramandai,4.039465
2025-01-20,2025-01-24,Guamaré,4.174788
2025-01-20,2025-01-24,Duque de Caxias,4.251210
2025-01-20,2025-01-24,Betim,4.275968
2025-01-20,2025-01-24,Cubatão,4.083693
2025-01-20,2025-01-24,Mauá,4.103955
2025-01-20,2025-01-24,Paulínia,4.155830
2025-01-20,2025-01-24,São José dos Campos,4.137700
2025-01-20,2025-01-24,Araucária,4.118318
2025-01-20,2025-01-24,Canoas,4.109345
2025-01-27,2025-01-31,Manaus,3.802482
2025-01-27,2025-01-31,Itaqui,3.815832
2025-01-27,2025-01-31,Suape,3.773300
2025-01-27,2025-01-31,Aratu,3.809390
2025-01-27,2025-01-31,Santos,3.823064
2025-01-27,2025-01-31,Paranagua,3.822794
2025-01-27,2025-01-31,Tramandai,3.814616
2025-01-27,2025-01-31,Guamaré,3.949442
2025-01-27,2025-01-31,Duque de Caxias,4.027490
2025-01-27,2025-01-31,Betim,4.052224
2025-01-27,2025-01-31,Cubatão,3.862198
2025-01-27,2025-01-31,Mauá,3.882300
2025-01-27,2025-01-31,Paulínia,3.934536
2025-01-27,2025-01-31,São José dos Campos,3.915800
2025-01-27,2025-01-31,Araucária,3.891186
2025-01-27,2025-01-31,Canoas,3.884166
2025-02-03,2025-02-07,Manaus,3.742656
2025-02-03,2025-02-07,Itaqui,3.755206
2025-02-03,2025-02-07,Suape,3.713386
2025-02-03,2025-02-07,Aratu,3.748712
2025-02-03,2025-02-07,Santos,3.762228
2025-02-03,2025-02-07,Paranagua,3.761640
2025-02-03,2025-02-07,Tramandai,3.753818
2025-02-03,2025-02-07,Guamaré,3.886892
2025-02-03,2025-02-07,Duque de Caxias,3.963598
2025-02-03,2025-02-07,Betim,3.987966
2025-02-03,2025-02-07,Cubatão,3.800780
2025-02-03,2025-02-07,Mauá,3.820582
2025-02-03,2025-02-07,Paulínia,3.872028
2025-02-03,2025-02-07,São José dos Campos,3.853576
2025-02-03,2025-02-07,Araucária,3.829006
2025-02-03,2025-02-07,Canoas,3.822328
2025-02-10,2025-02-14,Manaus,3.760970
2025-02-10,2025-02-14,Itaqui,3.767668
2025-02-10,2025-02-14,Suape,3.728074
2025-02-10,2025-02-14,Aratu,3.760848
2025-02-10,2025-02-14,Santos,3.773558
2025-02-10,2025-02-14,Paranagua,3.772002
2025-02-10,2025-02-14,Tramandai,3.764612
2025-02-10,2025-02-14,Guamaré,3.900736
2025-02-10,2025-02-14,Duque de Caxias,3.973948
2025-02-10,2025-02-14,Betim,3.998198
2025-02-10,2025-02-14,Cubatão,3.811922
2025-02-10,2025-02-14,Mauá,3.831630
2025-02-10,2025-02-14,Paulínia,3.882830
2025-02-10,2025-02-14,São José dos Campos,3.864466
2025-02-10,2025-02-14,Araucária,3.839044
2025-02-10,2025-02-14,Canoas,3.832788
2025-02-17,2025-02-21,Manaus,3.705418
2025-02-17,2025-02-21,Itaqui,3.714473
2025-02-17,2025-02-21,Suape,3.673613
2025-02-17,2025-02-21,Aratu,3.708098
2025-02-17,2025-02-21,Santos,3.721775
2025-02-17,2025-02-21,Paranagua,3.720705
2025-02-17,2025-02-21,Tramandai,3.714225
2025-02-17,2025-02-21,Guamaré,3.844858
2025-02-17,2025-02-21,Duque de Caxias,3.920520
2025-02-17,2025-02-21,Betim,3.944573
2025-02-17,2025-02-21,Cubatão,3.759825
2025-02-17,2025-02-21,Mauá,3.779368
2025-02-17,2025-02-21,Paulínia,3.830148
2025-02-17,2025-02-21,São José dos Campos,3.811935
2025-02-17,2025-02-21,Araucária,3.787195
2025-02-17,2025-02-21,Canoas,3.781845
2025-02-24,2025-02-28,Manaus,3.684756
2025-02-24,2025-02-28,Itaqui,3.691728
2025-02-24,2025-02-28,Suape,3.651332
2025-02-24,2025-02-28,Aratu,3.685350
2025-02-24,2025-02-28,Santos,3.698986
2025-02-24,2025-02-28,Paranagua,3.697702
2025-02-24,2025-02-28,Tramandai,3.691584
2025-02-24,2025-02-28,Guamaré,3.825476
2025-02-24,2025-02-28,Duque de Caxias,3.901092
2025-02-24,2025-02-28,Betim,3.925550
2025-02-24,2025-02-28,Cubatão,3.737680
2025-02-24,2025-02-28,Mauá,3.757550
2025-02-24,2025-02-28,Paulínia,3.809194
2025-02-24,2025-02-28,São José dos Campos,3.790670
2025-02-24,2025-02-28,Araucária,3.765316
2025-02-24,2025-02-28,Canoas,3.760346
2025-03-03,2025-03-07,Manaus,3.604378
2025-03-03,2025-03-07,Itaqui,3.608570
2025-03-03,2025-03-07,Suape,3.569010
2025-03-03,2025-03-07,Aratu,3.602042
2025-03-03,2025-03-07,Santos,3.615322
2025-03-03,2025-03-07,Paranagua,3.613682
2025-03-03,2025-03-07,Tramandai,3.607610
2025-03-03,2025-03-07,Guamaré,3.745938
2025-03-03,2025-03-07,Duque de Caxias,3.820666
2025-03-03,2025-03-07,Betim,3.845514
2025-03-03,2025-03-07,Cubatão,3.654634
2025-03-03,2025-03-07,Mauá,3.674824
2025-03-03,2025-03-07,Paulínia,3.727296
2025-03-03,2025-03-07,São José dos Campos,3.708476
2025-03-03,2025-03-07,Araucária,3.682378
2025-03-03,2025-03-07,Canoas,3.677472
2025-03-10,2025-03-14,Manaus,3.435704
2025-03-10,2025-03-14,Itaqui,3.438316
2025-03-10,2025-03-14,Suape,3.399920
2025-03-10,2025-03-14,Aratu,3.431550
2025-03-10,2025-03-14,Santos,3.444272
2025-03-10,2025-03-14,Paranagua,3.442140
2025-03-10,2025-03-14,Tramandai,3.435980
2025-03-10,2025-03-14,Guamaré,3.573940
2025-03-10,2025-03-14,Duque de Caxias,3.646236
2025-03-10,2025-03-14,Betim,3.670678
2025-03-10,2025-03-14,Cubatão,3.482936
2025-03-10,2025-03-14,Mauá,3.502796
2025-03-10,2025-03-14,Paulínia,3.554402
2025-03-10,2025-03-14,São José dos Campos,3.535892
2025-03-10,2025-03-14,Araucária,3.509708
2025-03-10,2025-03-14,Canoas,3.504694
2025-03-17,2025-03-21,Manaus,3.402068
2025-03-17,2025-03-21,Itaqui,3.414812
2025-03-17,2025-03-21,Suape,3.372392
2025-03-17,2025-03-21,Aratu,3.408832
2025-03-17,2025-03-21,Santos,3.423400
2025-03-17,2025-03-21,Paranagua,3.422970
2025-03-17,2025-03-21,Tramandai,3.416920
2025-03-17,2025-03-21,Guamaré,3.542576
2025-03-17,2025-03-21,Duque de Caxias,3.620912
2025-03-17,2025-03-21,Betim,3.644814
2025-03-17,2025-03-21,Cubatão,3.461214
2025-03-17,2025-03-21,Mauá,3.480634
2025-03-17,2025-03-21,Paulínia,3.531102
2025-03-17,2025-03-21,São José dos Campos,3.513004
2025-03-17,2025-03-21,Araucária,3.489048
2025-03-17,2025-03-21,Canoas,3.484118
2025-03-24,2025-03-28,Manaus,3.522784
2025-03-24,2025-03-28,Itaqui,3.542738
2025-03-24,2025-03-28,Suape,3.496854
2025-03-24,2025-03-28,Aratu,3.537234
2025-03-24,2025-03-28,Santos,3.553004
2025-03-24,2025-03-28,Paranagua,3.554088
2025-03-24,2025-03-28,Tramandai,3.547244
2025-03-24,2025-03-28,Guamaré,3.668876
2025-03-24,2025-03-28,Duque de Caxias,3.752652
2025-03-24,2025-03-28,Betim,3.776808
2025-03-24,2025-03-28,Cubatão,3.591226
2025-03-24,2025-03-28,Mauá,3.610858
2025-03-24,2025-03-28,Paulínia,3.661868
2025-03-24,2025-03-28,São José dos Campos,3.643574
2025-03-24,2025-03-28,Araucária,3.620878
2025-03-24,2025-03-28,Canoas,3.615166
2025-03-31,2025-04-04,Manaus,3.513266
2025-03-31,2025-04-04,Itaqui,3.536734
2025-03-31,2025-04-04,Suape,3.489372
2025-03-31,2025-04-04,Aratu,3.531538
2025-03-31,2025-04-04,Santos,3.548016
2025-03-31,2025-04-04,Paranagua,3.549722
2025-03-31,2025-04-04,Tramandai,3.542986
2025-03-31,2025-04-04,Guamaré,3.660456
2025-03-31,2025-04-04,Duque de Caxias,3.746572
2025-03-31,2025-04-04,Betim,3.770602
2025-03-31,2025-04-04,Cubatão,3.586030
2025-03-31,2025-04-04,Mauá,3.605556
2025-03-31,2025-04-04,Paulínia,3.656290
2025-03-31,2025-04-04,São José dos Campos,3.638090
2025-03-31,2025-04-04,Araucária,3.616150
2025-03-31,2025-04-04,Canoas,3.610540
2025-04-07,2025-04-11,Manaus,3.306830
2025-04-07,2025-04-11,Itaqui,3.318810
2025-04-07,2025-04-11,Suape,3.275872
2025-04-07,2025-04-11,Aratu,3.312560
2025-04-07,2025-04-11,Santos,3.326644
2025-04-07,2025-04-11,Paranagua,3.326522
2025-04-07,2025-04-11,Tramandai,3.318846
2025-04-07,2025-04-11,Guamaré,3.453042
2025-04-07,2025-04-11,Duque de Caxias,3.532268
2025-04-07,2025-04-11,Betim,3.557150
2025-04-07,2025-04-11,Cubatão,3.366008
2025-04-07,2025-04-11,Mauá,3.386230
2025-04-07,2025-04-11,Paulínia,3.438768
2025-04-07,2025-04-11,São José dos Campos,3.419922
2025-04-07,2025-04-11,Araucária,3.395312
2025-04-07,2025-04-11,Canoas,3.388806
2025-04-14,2025-04-18,Manaus,3.262063
2025-04-14,2025-04-18,Itaqui,3.275773
2025-04-14,2025-04-18,Suape,3.232430
2025-04-14,2025-04-18,Aratu,3.269360
2025-04-14,2025-04-18,Santos,3.283143
2025-04-14,2025-04-18,Paranagua,3.283255
2025-04-14,2025-04-18,Tramandai,3.274503
2025-04-14,2025-04-18,Guamaré,3.408008
2025-04-14,2025-04-18,Duque de Caxias,3.486923
2025-04-14,2025-04-18,Betim,3.511580
2025-04-14,2025-04-18,Cubatão,3.322160
2025-04-14,2025-04-18,Mauá,3.342198
2025-04-14,2025-04-18,Paulínia,3.394263
2025-04-14,2025-04-18,São José dos Campos,3.375588
2025-04-14,2025-04-18,Araucária,3.351425
2025-04-14,2025-04-18,Canoas,3.343835
2025-04-21,2025-04-25,Manaus,3.219618
2025-04-21,2025-04-25,Itaqui,3.229634
2025-04-21,2025-04-25,Suape,3.188392
2025-04-21,2025-04-25,Aratu,3.223166
2025-04-21,2025-04-25,Santos,3.236686
2025-04-21,2025-04-25,Paranagua,3.235820
2025-04-21,2025-04-25,Tramandai,3.228586
2025-04-21,2025-04-25,Guamaré,3.359926
2025-04-21,2025-04-25,Duque de Caxias,3.435764
2025-04-21,2025-04-25,Betim,3.459852
2025-04-21,2025-04-25,Cubatão,3.274796
2025-04-21,2025-04-25,Mauá,3.294374
2025-04-21,2025-04-25,Paulínia,3.345240
2025-04-21,2025-04-25,São José dos Campos,3.326994
2025-04-21,2025-04-25,Araucária,3.302420
2025-04-21,2025-04-25,Canoas,3.296318
2025-04-28,2025-05-02,Manaus,3.113288
2025-04-28,2025-05-02,Itaqui,3.124420
2025-04-28,2025-05-02,Suape,3.082922
2025-04-28,2025-05-02,Aratu,3.118060
2025-04-28,2025-05-02,Santos,3.131818
2025-04-28,2025-05-02,Paranagua,3.131046
2025-04-28,2025-05-02,Tramandai,3.124094
2025-04-28,2025-05-02,Guamaré,3.252534
2025-04-28,2025-05-02,Duque de Caxias,3.328668
2025-04-28,2025-05-02,Betim,3.352486
2025-04-28,2025-05-02,Cubatão,3.169506
2025-04-28,2025-05-02,Mauá,3.188860
2025-04-28,2025-05-02,Paulínia,3.239160
2025-04-28,2025-05-02,São José dos Campos,3.221118
2025-04-28,2025-05-02,Araucária,3.196900
2025-04-28,2025-05-02,Canoas,3.191068
2025-05-05,2025-05-09,Manaus,3.032470
2025-05-05,2025-05-09,Itaqui,3.042080
2025-05-05,2025-05-09,Suape,3.001144
2025-05-05,2025-05-09,Aratu,3.035574
2025-05-05,2025-05-09,Santos,3.049010
2025-05-05,2025-05-09,Paranagua,3.048004
2025-05-05,2025-05-09,Tramandai,3.040892
2025-05-05,2025-05-09,Guamaré,3.171746
2025-05-05,2025-05-09,Duque de Caxias,3.247006
2025-05-05,2025-05-09,Betim,3.270966
2025-05-05,2025-05-09,Cubatão,3.086914
2025-05-05,2025-05-09,Mauá,3.106384
2025-05-05,2025-05-09,Paulínia,3.156976
2025-05-05,2025-05-09,São José dos Campos,3.138828
2025-05-05,2025-05-09,Araucária,3.114244
2025-05-05,2025-05-09,Canoas,3.108254
2025-05-12,2025-05-16,Manaus,3.202266
2025-05-12,2025-05-16,Itaqui,3.207222
2025-05-12,2025-05-16,Suape,3.168454
2025-05-12,2025-05-16,Aratu,3.200474
2025-05-12,2025-05-16,Santos,3.213260
2025-05-12,2025-05-16,Paranagua,3.211300
2025-05-12,2025-05-16,Tramandai,3.204912
2025-05-12,2025-05-16,Guamaré,3.338090
2025-05-12,2025-05-16,Duque de Caxias,3.410142
2025-05-12,2025-05-16,Betim,3.433962
2025-05-12,2025-05-16,Cubatão,3.250952
2025-05-12,2025-05-16,Mauá,3.270314
2025-05-12,2025-05-16,Paulínia,3.320618
2025-05-12,2025-05-16,São José dos Campos,3.302574
2025-05-12,2025-05-16,Araucária,3.277166
2025-05-12,2025-05-16,Canoas,3.271896
2025-05-19,2025-05-23,Manaus,3.155490
2025-05-19,2025-05-23,Itaqui,3.159888
2025-05-19,2025-05-23,Suape,3.121400
2025-05-19,2025-05-23,Aratu,3.153110
2025-05-19,2025-05-23,Santos,3.165816
2025-05-19,2025-05-23,Paranagua,3.163732
2025-05-19,2025-05-23,Tramandai,3.157450
2025-05-19,2025-05-23,Guamaré,3.290800
2025-05-19,2025-05-23,Duque de Caxias,3.362418
2025-05-19,2025-05-23,Betim,3.386208
2025-05-19,2025-05-23,Cubatão,3.203458
2025-05-19,2025-05-23,Mauá,3.222788
2025-05-19,2025-05-23,Paulínia,3.273022
2025-05-19,2025-05-23,São José dos Campos,3.255006
2025-05-19,2025-05-23,Araucária,3.229506
2025-05-19,2025-05-23,Canoas,3.224340
2025-05-26,2025-05-30,Manaus,3.140978
2025-05-26,2025-05-30,Itaqui,3.155270
2025-05-26,2025-05-30,Suape,3.112168
2025-05-26,2025-05-30,Aratu,3.149380
2025-05-26,2025-05-30,Santos,3.164175
2025-05-26,2025-05-30,Paranagua,3.164050
2025-05-26,2025-05-30,Tramandai,3.157815
2025-05-26,2025-05-30,Guamaré,3.282360
2025-05-26,2025-05-30,Duque de Caxias,3.361700
2025-05-26,2025-05-30,Betim,3.385603
2025-05-26,2025-05-30,Cubatão,3.201993
2025-05-26,2025-05-30,Mauá,3.221415
2025-05-26,2025-05-30,Paulínia,3.271885
2025-05-26,2025-05-30,São José dos Campos,3.253783
2025-05-26,2025-05-30,Araucária,3.230130
2025-05-26,2025-05-30,Canoas,3.225020
2025-06-02,2025-06-06,Manaus,3.124236
2025-06-02,2025-06-06,Itaqui,3.135430
2025-06-02,2025-06-06,Suape,3.093994
2025-06-02,2025-06-06,Aratu,3.129164
2025-06-02,2025-06-06,Santos,3.143102
2025-06-02,2025-06-06,Paranagua,3.142276
2025-06-02,2025-06-06,Tramandai,3.135790
2025-06-02,2025-06-06,Guamaré,3.262650
2025-06-02,2025-06-06,Duque de Caxias,3.338844
2025-06-02,2025-06-06,Betim,3.362528
2025-06-02,2025-06-06,Cubatão,3.180572
2025-06-02,2025-06-06,Mauá,3.199822
2025-06-02,2025-06-06,Paulínia,3.249838
2025-06-02,2025-06-06,São José dos Campos,3.231900
2025-06-02,2025-06-06,Araucária,3.207762
2025-06-02,2025-06-06,Canoas,3.202388
2025-06-09,2025-06-13,Manaus,3.223554
2025-06-09,2025-06-13,Itaqui,3.236594
2025-06-09,2025-06-13,Suape,3.194706
2025-06-09,2025-06-13,Aratu,3.230332
2025-06-09,2025-06-13,Santos,3.244302
2025-06-09,2025-06-13,Paranagua,3.243692
2025-06-09,2025-06-13,Tramandai,3.236822
2025-06-09,2025-06-13,Guamaré,3.361170
2025-06-09,2025-06-13,Duque de Caxias,3.437496
2025-06-09,2025-06-13,Betim,3.460874
2025-06-09,2025-06-13,Cubatão,3.281290
2025-06-09,2025-06-13,Mauá,3.300284
2025-06-09,2025-06-13,Paulínia,3.349652
2025-06-09,2025-06-13,São José dos Campos,3.331944
2025-06-09,2025-06-13,Araucária,3.308326
2025-06-09,2025-06-13,Canoas,3.302550
2025-06-16,2025-06-20,Manaus,3.570808
2025-06-16,2025-06-20,Itaqui,3.592573
2025-06-16,2025-06-20,Suape,3.547070
2025-06-16,2025-06-20,Aratu,3.586743
2025-06-16,2025-06-20,Santos,3.601835
2025-06-16,2025-06-20,Paranagua,3.602815
2025-06-16,2025-06-20,Tramandai,3.594833
2025-06-16,2025-06-20,Guamaré,3.712078
2025-06-16,2025-06-20,Duque de Caxias,3.793338
2025-06-16,2025-06-20,Betim,3.816510
2025-06-16,2025-06-20,Cubatão,3.638498
2025-06-16,2025-06-20,Mauá,3.657328
2025-06-16,2025-06-20,Paulínia,3.706258
2025-06-16,2025-06-20,São José dos Campos,3.688710
2025-06-16,2025-06-20,Araucária,3.666883
2025-06-16,2025-06-20,Canoas,3.659988
2025-06-23,2025-06-27,Manaus,3.520960
2025-06-23,2025-06-27,Itaqui,3.586304
2025-06-23,2025-06-27,Suape,3.534792
2025-06-23,2025-06-27,Aratu,3.576304
2025-06-23,2025-06-27,Santos,3.583662
2025-06-23,2025-06-27,Paranagua,3.588442
2025-06-23,2025-06-27,Tramandai,3.574958
2025-06-23,2025-06-27,Guamaré,3.699962
2025-06-23,2025-06-27,Duque de Caxias,3.775360
2025-06-23,2025-06-27,Betim,3.798554
2025-06-23,2025-06-27,Cubatão,3.620362
2025-06-23,2025-06-27,Mauá,3.639214
2025-06-23,2025-06-27,Paulínia,3.688192
2025-06-23,2025-06-27,São José dos Campos,3.670624
2025-06-23,2025-06-27,Araucária,3.652572
2025-06-23,2025-06-27,Canoas,3.640182
2025-06-30,2025-07-04,Manaus,3.433173
2025-06-30,2025-07-04,Itaqui,3.495800
2025-06-30,2025-07-04,Suape,3.445920
2025-06-30,2025-07-04,Aratu,3.485800
2025-06-30,2025-07-04,Santos,3.493038
2025-06-30,2025-07-04,Paranagua,3.497050
2025-06-30,2025-07-04,Tramandai,3.485320
2025-06-30,2025-07-04,Guamaré,3.608945
2025-06-30,2025-07-04,Duque de Caxias,3.682245
2025-06-30,2025-07-04,Betim,3.705143
2025-06-30,2025-07-04,Cubatão,3.529260
2025-06-30,2025-07-04,Mauá,3.547868
2025-06-30,2025-07-04,Paulínia,3.596213
2025-06-30,2025-07-04,São José dos Campos,3.578870
2025-06-30,2025-07-04,Araucária,3.560350
2025-06-30,2025-07-04,Canoas,3.549693
2025-07-07,2025-07-11,Manaus,3.543622
2025-07-07,2025-07-11,Itaqui,3.578372
2025-07-07,2025-07-11,Suape,3.536322
2025-07-07,2025-07-11,Aratu,3.568372
2025-07-07,2025-07-11,Santos,3.575026
2025-07-07,2025-07-11,Paranagua,3.575368
2025-07-07,2025-07-11,Tramandai,3.564052
2025-07-07,2025-07-11,Guamaré,3.701230
2025-07-07,2025-07-11,Duque de Caxias,3.766420
2025-07-07,2025-07-11,Betim,3.789580
2025-07-07,2025-07-11,Cubatão,3.611668
2025-07-07,2025-07-11,Mauá,3.630486
2025-07-07,2025-07-11,Paulínia,3.679392
2025-07-07,2025-07-11,São José dos Campos,3.661850
2025-07-07,2025-07-11,Araucária,3.639400
2025-07-07,2025-07-11,Canoas,3.629168
2025-07-14,2025-07-18,Manaus,3.550718
2025-07-14,2025-07-18,Itaqui,3.576490
2025-07-14,2025-07-18,Suape,3.536876
2025-07-14,2025-07-18,Aratu,3.566490
2025-07-14,2025-07-18,Santos,3.572962
2025-07-14,2025-07-18,Paranagua,3.572162
2025-07-14,2025-07-18,Tramandai,3.561118
2025-07-14,2025-07-18,Guamaré,3.703904
2025-07-14,2025-07-18,Duque de Caxias,3.766818
2025-07-14,2025-07-18,Betim,3.790272
2025-07-14,2025-07-18,Cubatão,3.610072
2025-07-14,2025-07-18,Mauá,3.629134
2025-07-14,2025-07-18,Paulínia,3.678670
2025-07-14,2025-07-18,São José dos Campos,3.660900
2025-07-14,2025-07-18,Araucária,3.637014
2025-07-14,2025-07-18,Canoas,3.627070
2025-07-21,2025-07-25,Manaus,3.605258
2025-07-21,2025-07-25,Itaqui,3.639520
2025-07-21,2025-07-25,Suape,3.597446
2025-07-21,2025-07-25,Aratu,3.629520
2025-07-21,2025-07-25,Santos,3.636176
2025-07-21,2025-07-25,Paranagua,3.636530
2025-07-21,2025-07-25,Tramandai,3.625156
2025-07-21,2025-07-25,Guamaré,3.763794
2025-07-21,2025-07-25,Duque de Caxias,3.829238
2025-07-21,2025-07-25,Betim,3.852602
2025-07-21,2025-07-25,Cubatão,3.673138
2025-07-21,2025-07-25,Mauá,3.692122
2025-07-21,2025-07-25,Paulínia,3.741452
2025-07-21,2025-07-25,São José dos Campos,3.723760
2025-07-21,2025-07-25,Araucária,3.701118
2025-07-21,2025-07-25,Canoas,3.690840
2025-07-28,2025-08-01,Manaus,3.584938
2025-07-28,2025-08-01,Itaqui,3.625890
2025-07-28,2025-08-01,Suape,3.581930
2025-07-28,2025-08-01,Aratu,3.615890
2025-07-28,2025-08-01,Santos,3.622684
2025-07-28,2025-08-01,Paranagua,3.623920
2025-07-28,2025-08-01,Tramandai,3.612842
2025-07-28,2025-08-01,Guamaré,3.749408
2025-07-28,2025-08-01,Duque de Caxias,3.817060
2025-07-28,2025-08-01,Betim,3.840576
2025-07-28,2025-08-01,Cubatão,3.659894
2025-07-28,2025-08-01,Mauá,3.679008
2025-07-28,2025-08-01,Paulínia,3.728674
2025-07-28,2025-08-01,São José dos Campos,3.710858
2025-07-28,2025-08-01,Araucária,3.688946
2025-07-28,2025-08-01,Canoas,3.678972
2025-08-04,2025-08-08,Manaus,3.369230
2025-08-04,2025-08-08,Itaqui,3.422086
2025-08-04,2025-08-08,Suape,3.375232
2025-08-04,2025-08-08,Aratu,3.412086
2025-08-04,2025-08-08,Santos,3.419100
2025-08-04,2025-08-08,Paranagua,3.421694
2025-08-04,2025-08-08,Tramandai,3.410970
2025-08-04,2025-08-08,Guamaré,3.539326
2025-08-04,2025-08-08,Duque de Caxias,3.609548
2025-08-04,2025-08-08,Betim,3.632594
2025-08-04,2025-08-08,Cubatão,3.455560
2025-08-04,2025-08-08,Mauá,3.474288
2025-08-04,2025-08-08,Paulínia,3.522950
2025-08-04,2025-08-08,São José dos Campos,3.505496
2025-08-04,2025-08-08,Araucária,3.485410
2025-08-04,2025-08-08,Canoas,3.475764
2025-08-11,2025-08-15,Manaus,3.253826
2025-08-11,2025-08-15,Itaqui,3.286580
2025-08-11,2025-08-15,Suape,3.245228
2025-08-11,2025-08-15,Aratu,3.276580
2025-08-11,2025-08-15,Santos,3.283184
2025-08-11,2025-08-15,Paranagua,3.283196
2025-08-11,2025-08-15,Tramandai,3.271554
2025-08-11,2025-08-15,Guamaré,3.407390
2025-08-11,2025-08-15,Duque de Caxias,3.471386
2025-08-11,2025-08-15,Betim,3.494158
2025-08-11,2025-08-15,Cubatão,3.319214
2025-08-11,2025-08-15,Mauá,3.337720
2025-08-11,2025-08-15,Paulínia,3.385810
2025-08-11,2025-08-15,São José dos Campos,3.368562
2025-08-11,2025-08-15,Araucária,3.346160
2025-08-11,2025-08-15,Canoas,3.335584
2025-08-18,2025-08-22,Manaus,3.338048
2025-08-18,2025-08-22,Itaqui,3.390382
2025-08-18,2025-08-22,Suape,3.343706
2025-08-18,2025-08-22,Aratu,3.380382
2025-08-18,2025-08-22,Santos,3.387380
2025-08-18,2025-08-22,Paranagua,3.389890
2025-08-18,2025-08-22,Tramandai,3.379132
2025-08-18,2025-08-22,Guamaré,3.507354
2025-08-18,2025-08-22,Duque de Caxias,3.577310
2025-08-18,2025-08-22,Betim,3.600294
2025-08-18,2025-08-22,Cubatão,3.423740
2025-08-18,2025-08-22,Mauá,3.442420
2025-08-18,2025-08-22,Paulínia,3.490948
2025-08-18,2025-08-22,São José dos Campos,3.473542
2025-08-18,2025-08-22,Araucária,3.453432
2025-08-18,2025-08-22,Canoas,3.443750
2025-08-25,2025-08-29,Manaus,3.420454
2025-08-25,2025-08-29,Itaqui,3.492778
2025-08-25,2025-08-29,Suape,3.440388
2025-08-25,2025-08-29,Aratu,3.482778
2025-08-25,2025-08-29,Santos,3.490204
2025-08-25,2025-08-29,Paranagua,3.495390
2025-08-25,2025-08-29,Tramandai,3.484140
2025-08-25,2025-08-29,Guamaré,3.602908
2025-08-25,2025-08-29,Duque de Caxias,3.678820
2025-08-25,2025-08-29,Betim,3.701644
2025-08-25,2025-08-29,Cubatão,3.526312
2025-08-25,2025-08-29,Mauá,3.544860
2025-08-25,2025-08-29,Paulínia,3.593054
2025-08-25,2025-08-29,São José dos Campos,3.575768
2025-08-25,2025-08-29,Araucária,3.558494
2025-08-25,2025-08-29,Canoas,3.548312
2025-09-01,2025-09-05,Manaus,3.411510
2025-09-01,2025-09-05,Itaqui,3.459625
2025-09-01,2025-09-05,Suape,3.413628
2025-09-01,2025-09-05,Aratu,3.449625
2025-09-01,2025-09-05,Santos,3.456575
2025-09-01,2025-09-05,Paranagua,3.458768
2025-09-01,2025-09-05,Tramandai,3.446545
2025-09-01,2025-09-05,Guamaré,3.576843
2025-09-01,2025-09-05,Duque de Caxias,3.646000
2025-09-01,2025-09-05,Betim,3.668928
2025-09-01,2025-09-05,Cubatão,3.492840
2025-09-01,2025-09-05,Mauá,3.511465
2025-09-01,2025-09-05,Paulínia,3.559870
2025-09-01,2025-09-05,São José dos Campos,3.542510
2025-09-01,2025-09-05,Araucária,3.522143
2025-09-01,2025-09-05,Canoas,3.510993
2025-09-08,2025-09-12,Manaus,3.361140
2025-09-08,2025-09-12,Itaqui,3.403062
2025-09-08,2025-09-12,Suape,3.359438
2025-09-08,2025-09-12,Aratu,3.393062
2025-09-08,2025-09-12,Santos,3.399834
2025-09-08,2025-09-12,Paranagua,3.400912
2025-09-08,2025-09-12,Tramandai,3.390046
2025-09-08,2025-09-12,Guamaré,3.521352
2025-09-08,2025-09-12,Duque de Caxias,3.587748
2025-09-08,2025-09-12,Betim,3.610490
2025-09-08,2025-09-12,Cubatão,3.435808
2025-09-08,2025-09-12,Mauá,3.454288
2025-09-08,2025-09-12,Paulínia,3.502302
2025-09-08,2025-09-12,São José dos Campos,3.485080
2025-09-08,2025-09-12,Araucária,3.463776
2025-09-08,2025-09-12,Canoas,3.453980
2025-09-15,2025-09-19,Manaus,3.328706
2025-09-15,2025-09-19,Itaqui,3.362308
2025-09-15,2025-09-19,Suape,3.320900
2025-09-15,2025-09-19,Aratu,3.352308
2025-09-15,2025-09-19,Santos,3.358910
2025-09-15,2025-09-19,Paranagua,3.358950
2025-09-15,2025-09-19,Tramandai,3.347044
2025-09-15,2025-09-19,Guamaré,3.480020
2025-09-15,2025-09-19,Duque de Caxias,3.543582
2025-09-15,2025-09-19,Betim,3.565930
2025-09-15,2025-09-19,Cubatão,3.394264
2025-09-15,2025-09-19,Mauá,3.412426
2025-09-15,2025-09-19,Paulínia,3.459610
2025-09-15,2025-09-19,São José dos Campos,3.442686
2025-09-15,2025-09-19,Araucária,3.420730
2025-09-15,2025-09-19,Canoas,3.409876
2025-09-22,2025-09-26,Manaus,3.380232
2025-09-22,2025-09-26,Itaqui,3.423176
2025-09-22,2025-09-26,Suape,3.379514
2025-09-22,2025-09-26,Aratu,3.413176
2025-09-22,2025-09-26,Santos,3.419950
2025-09-22,2025-09-26,Paranagua,3.421044
2025-09-22,2025-09-26,Tramandai,3.410324
2025-09-22,2025-09-26,Guamaré,3.539318
2025-09-22,2025-09-26,Duque de Caxias,3.605414
2025-09-22,2025-09-26,Betim,3.627858
2025-09-22,2025-09-26,Cubatão,3.455454
2025-09-22,2025-09-26,Mauá,3.473692
2025-09-22,2025-09-26,Paulínia,3.521082
2025-09-22,2025-09-26,São José dos Campos,3.504086
2025-09-22,2025-09-26,Araucária,3.483090
2025-09-22,2025-09-26,Canoas,3.473422
2025-09-29,2025-10-03,Manaus,3.405852
2025-09-29,2025-10-03,Itaqui,3.466908
2025-09-29,2025-10-03,Suape,3.417566
2025-09-29,2025-10-03,Aratu,3.456908
2025-09-29,2025-10-03,Santos,3.464108
2025-09-29,2025-10-03,Paranagua,3.467872
2025-09-29,2025-10-03,Tramandai,3.455584
2025-09-29,2025-10-03,Guamaré,3.577360
2025-09-29,2025-10-03,Duque de Caxias,3.649568
2025-09-29,2025-10-03,Betim,3.672010
2025-09-29,2025-10-03,Cubatão,3.499614
2025-09-29,2025-10-03,Mauá,3.517850
2025-09-29,2025-10-03,Paulínia,3.565240
2025-09-29,2025-10-03,São José dos Campos,3.548240
2025-09-29,2025-10-03,Araucária,3.529916
2025-09-29,2025-10-03,Canoas,3.518680
2025-10-06,2025-10-10,Manaus,3.287056
2025-10-06,2025-10-10,Itaqui,3.335640
2025-10-06,2025-10-10,Suape,3.289712
2025-10-06,2025-10-10,Aratu,3.325640
2025-10-06,2025-10-10,Santos,3.332582
2025-10-06,2025-10-10,Paranagua,3.334742
2025-10-06,2025-10-10,Tramandai,3.322560
2025-10-06,2025-10-10,Guamaré,3.450932
2025-10-06,2025-10-10,Duque de Caxias,3.519698
2025-10-06,2025-10-10,Betim,3.542342
2025-10-06,2025-10-10,Cubatão,3.368404
2025-10-06,2025-10-10,Mauá,3.386802
2025-10-06,2025-10-10,Paulínia,3.434614
2025-10-06,2025-10-10,São José dos Campos,3.417464
2025-10-06,2025-10-10,Araucária,3.397342
2025-10-06,2025-10-10,Canoas,3.386220
2025-10-13,2025-10-17,Manaus,3.255712
2025-10-13,2025-10-17,Itaqui,3.322714
2025-10-13,2025-10-17,Suape,3.271230
2025-10-13,2025-10-17,Aratu,3.312714
2025-10-13,2025-10-17,Santos,3.320076
2025-10-13,2025-10-17,Paranagua,3.324840
2025-10-13,2025-10-17,Tramandai,3.312182
2025-10-13,2025-10-17,Guamaré,3.434492
2025-10-13,2025-10-17,Duque de Caxias,3.509556
2025-10-13,2025-10-17,Betim,3.532484
2025-10-13,2025-10-17,Cubatão,3.356350
2025-10-13,2025-10-17,Mauá,3.374982
2025-10-13,2025-10-17,Paulínia,3.423398
2025-10-13,2025-10-17,São José dos Campos,3.406032
2025-10-13,2025-10-17,Araucária,3.388230
2025-10-13,2025-10-17,Canoas,3.376650
2025-10-20,2025-10-24,Manaus,3.205210
2025-10-20,2025-10-24,Itaqui,3.254784
2025-10-20,2025-10-24,Suape,3.208224
2025-10-20,2025-10-24,Aratu,3.244784
2025-10-20,2025-10-24,Santos,3.251774
2025-10-20,2025-10-24,Paranagua,3.254228
2025-10-20,2025-10-24,Tramandai,3.241190
2025-10-20,2025-10-24,Guamaré,3.369752
2025-10-20,2025-10-24,Duque de Caxias,3.439234
2025-10-20,2025-10-24,Betim,3.461922
2025-10-20,2025-10-24,Cubatão,3.287660
2025-10-20,2025-10-24,Mauá,3.306096
2025-10-20,2025-10-24,Paulínia,3.353996
2025-10-20,2025-10-24,São José dos Campos,3.336814
2025-10-20,2025-10-24,Araucária,3.316942
2025-10-20,2025-10-24,Canoas,3.304968
2025-10-27,2025-10-31,Manaus,3.448432
2025-10-27,2025-10-31,Itaqui,3.493302
2025-10-27,2025-10-31,Suape,3.447988
2025-10-27,2025-10-31,Aratu,3.483302
2025-10-27,2025-10-31,Santos,3.490200
2025-10-27,2025-10-31,Paranagua,3.492070
2025-10-27,2025-10-31,Tramandai,3.478660
2025-10-27,2025-10-31,Guamaré,3.608918
2025-10-27,2025-10-31,Duque de Caxias,3.676970
2025-10-27,2025-10-31,Betim,3.699570
2025-10-27,2025-10-31,Cubatão,3.525956
2025-10-27,2025-10-31,Mauá,3.544324
2025-10-27,2025-10-31,Paulínia,3.592044
2025-10-27,2025-10-31,São José dos Campos,3.574928
2025-10-27,2025-10-31,Araucária,3.554554
2025-10-27,2025-10-31,Canoas,3.542206
2025-11-03,2025-11-07,Manaus,3.459696
2025-11-03,2025-11-07,Itaqui,3.490452
2025-11-03,2025-11-07,Suape,3.449922
2025-11-03,2025-11-07,Aratu,3.480452
2025-11-03,2025-11-07,Santos,3.486990
2025-11-03,2025-11-07,Paranagua,3.486618
2025-11-03,2025-11-07,Tramandai,3.475308
2025-11-03,2025-11-07,Guamaré,3.610648
2025-11-03,2025-11-07,Duque de Caxias,3.673526
2025-11-03,2025-11-07,Betim,3.696096
2025-11-03,2025-11-07,Cubatão,3.522704
2025-11-03,2025-11-07,Mauá,3.541044
2025-11-03,2025-11-07,Paulínia,3.588708
2025-11-03,2025-11-07,São José dos Campos,3.571612
2025-11-03,2025-11-07,Araucária,3.549024
2025-11-03,2025-11-07,Canoas,3.538772
2025-11-10,2025-11-14,Manaus,3.541432
2025-11-10,2025-11-14,Itaqui,3.591104
2025-11-10,2025-11-14,Suape,3.544392
2025-11-10,2025-11-14,Aratu,3.581104
2025-11-10,2025-11-14,Santos,3.588110
2025-11-10,2025-11-14,Paranagua,3.590634
2025-11-10,2025-11-14,Tramandai,3.576544
2025-11-10,2025-11-14,Guamaré,3.703112
2025-11-10,2025-11-14,Duque de Caxias,3.772324
2025-11-10,2025-11-14,Betim,3.794610
2025-11-10,2025-11-14,Cubatão,3.623374
2025-11-10,2025-11-14,Mauá,3.641488
2025-11-10,2025-11-14,Paulínia,3.688556
2025-11-10,2025-11-14,São José dos Campos,3.671674
2025-11-10,2025-11-14,Araucária,3.652262
2025-11-10,2025-11-14,Canoas,3.639220
2025-11-17,2025-11-21,Manaus,3.635070
2025-11-17,2025-11-21,Itaqui,3.683192
2025-11-17,2025-11-21,Suape,3.637078
2025-11-17,2025-11-21,Aratu,3.673192
2025-11-17,2025-11-21,Santos,3.680152
2025-11-17,2025-11-21,Paranagua,3.682396
2025-11-17,2025-11-21,Tramandai,3.669120
2025-11-17,2025-11-21,Guamaré,3.797272
2025-11-17,2025-11-21,Duque de Caxias,3.866068
2025-11-17,2025-11-21,Betim,3.888568
2025-11-17,2025-11-21,Cubatão,3.715744
2025-11-17,2025-11-21,Mauá,3.734024
2025-11-17,2025-11-21,Paulínia,3.781530
2025-11-17,2025-11-21,São José dos Campos,3.764490
2025-11-17,2025-11-21,Araucária,3.744596
2025-11-17,2025-11-21,Canoas,3.732376
2025-11-24,2025-11-28,Manaus,3.403057
2025-11-24,2025-11-28,Itaqui,3.452337
2025-11-24,2025-11-28,Suape,3.406363
2025-11-24,2025-11-28,Aratu,3.442337
2025-11-24,2025-11-28,Santos,3.449283
2025-11-24,2025-11-28,Paranagua,3.451463
2025-11-24,2025-11-28,Tramandai,3.439613
2025-11-24,2025-11-28,Guamaré,3.567347
2025-11-24,2025-11-28,Duque de Caxias,3.636123
2025-11-24,2025-11-28,Betim,3.658733
2025-11-24,2025-11-28,Cubatão,3.485053
2025-11-24,2025-11-28,Mauá,3.503427
2025-11-24,2025-11-28,Paulínia,3.551170
2025-11-24,2025-11-28,São José dos Campos,3.534040
2025-11-24,2025-11-28,Araucária,3.513973
2025-11-24,2025-11-28,Canoas,3.503180
2025-12-01,2025-12-05,Manaus,3.223126
2025-12-01,2025-12-05,Itaqui,3.269838
2025-12-01,2025-12-05,Suape,3.224474
2025-12-01,2025-12-05,Aratu,3.259838
2025-12-01,2025-12-05,Santos,3.266740
2025-12-01,2025-12-05,Paranagua,3.268636
2025-12-01,2025-12-05,Tramandai,3.256366
2025-12-01,2025-12-05,Guamaré,3.384994
2025-12-01,2025-12-05,Duque de Caxias,3.453040
2025-12-01,2025-12-05,Betim,3.475582
2025-12-01,2025-12-05,Cubatão,3.302408
2025-12-01,2025-12-05,Mauá,3.320728
2025-12-01,2025-12-05,Paulínia,3.368330
2025-12-01,2025-12-05,São José dos Campos,3.351254
2025-12-01,2025-12-05,Araucária,3.330962
2025-12-01,2025-12-05,Canoas,3.319748
2025-12-08,2025-12-12,Manaus,3.193112
2025-12-08,2025-12-12,Itaqui,3.235524
2025-12-08,2025-12-12,Suape,3.190952
2025-12-08,2025-12-12,Aratu,3.225524
2025-12-08,2025-12-12,Santos,3.232368
2025-12-08,2025-12-12,Paranagua,3.233890
2025-12-08,2025-12-12,Tramandai,3.221108
2025-12-08,2025-12-12,Guamaré,3.353826
2025-12-08,2025-12-12,Duque de Caxias,3.421396
2025-12-08,2025-12-12,Betim,3.444272
2025-12-08,2025-12-12,Cubatão,3.268558
2025-12-08,2025-12-12,Mauá,3.287144
2025-12-08,2025-12-12,Paulínia,3.335444
2025-12-08,2025-12-12,São José dos Campos,3.318120
2025-12-08,2025-12-12,Araucária,3.297132
2025-12-08,2025-12-12,Canoas,3.285422
2025-12-15,2025-12-19,Manaus,3.055070
2025-12-15,2025-12-19,Itaqui,3.095466
2025-12-15,2025-12-19,Suape,3.051390
2025-12-15,2025-12-19,Aratu,3.085466
2025-12-15,2025-12-19,Santos,3.092268
2025-12-15,2025-12-19,Paranagua,3.093554
2025-12-15,2025-12-19,Tramandai,3.081048
2025-12-15,2025-12-19,Guamaré,3.216060
2025-12-15,2025-12-19,Duque de Caxias,3.283378
2025-12-15,2025-12-19,Betim,3.306502
2025-12-15,2025-12-19,Cubatão,3.128856
2025-12-15,2025-12-19,Mauá,3.147650
2025-12-15,2025-12-19,Paulínia,3.196480
2025-12-15,2025-12-19,São José dos Campos,3.178962
2025-12-15,2025-12-19,Araucária,3.157492
2025-12-15,2025-12-19,Canoas,3.146068
2025-12-22,2025-12-26,Manaus,3.086103
2025-12-22,2025-12-26,Itaqui,3.119280
2025-12-22,2025-12-26,Suape,3.077580
2025-12-22,2025-12-26,Aratu,3.109280
2025-12-22,2025-12-26,Santos,3.115910
2025-12-22,2025-12-26,Paranagua,3.116083
2025-12-22,2025-12-26,Tramandai,3.104853
2025-12-22,2025-12-26,Guamaré,3.243883
2025-12-22,2025-12-26,Duque de Caxias,3.308917
2025-12-22,2025-12-26,Betim,3.332273
2025-12-22,2025-12-26,Cubatão,3.152857
2025-12-22,2025-12-26,Mauá,3.171840
2025-12-22,2025-12-26,Paulínia,3.221157
2025-12-22,2025-12-26,São José dos Campos,3.203467
2025-12-22,2025-12-26,Araucária,3.180657
2025-12-22,2025-12-26,Canoas,3.170520
2025-12-29,2026-01-02,Manaus,3.055083
2025-12-29,2026-01-02,Itaqui,3.086860
2025-12-29,2026-01-02,Suape,3.045590
2025-12-29,2026-01-02,Aratu,3.076860
2025-12-29,2026-01-02,Santos,3.083455
2025-12-29,2026-01-02,Paranagua,3.083435
2025-12-29,2026-01-02,Tramandai,3.071973
2025-12-29,2026-01-02,Guamaré,3.210558
2025-12-29,2026-01-02,Duque de Caxias,3.274915
2025-12-29,2026-01-02,Betim,3.298085
2025-12-29,2026-01-02,Cubatão,3.120113
2025-12-29,2026-01-02,Mauá,3.138935
2025-12-29,2026-01-02,Paulínia,3.187858
2025-12-29,2026-01-02,São José dos Campos,3.170313
2025-12-29,2026-01-02,Araucária,3.147483
2025-12-29,2026-01-02,Canoas,3.137113
2026-01-05,2026-01-09,Manaus,2.970328
2026-01-05,2026-01-09,Itaqui,3.014610
2026-01-05,2026-01-09,Suape,2.970076
2026-01-05,2026-01-09,Aratu,3.004610
2026-01-05,2026-01-09,Santos,3.011448
2026-01-05,2026-01-09,Paranagua,3.012952
2026-01-05,2026-01-09,Tramandai,3.001318
2026-01-05,2026-01-09,Guamaré,3.131546
2026-01-05,2026-01-09,Duque de Caxias,3.198854
2026-01-05,2026-01-09,Betim,3.221530
2026-01-05,2026-01-09,Cubatão,3.047326
2026-01-05,2026-01-09,Mauá,3.065756
2026-01-05,2026-01-09,Paulínia,3.113638
2026-01-05,2026-01-09,São José dos Campos,3.096462
2026-01-05,2026-01-09,Araucária,3.075650
2026-01-05,2026-01-09,Canoas,3.065076
2026-01-12,2026-01-16,Manaus,3.092638
2026-01-12,2026-01-16,Itaqui,3.139102
2026-01-12,2026-01-16,Suape,3.093636
2026-01-12,2026-01-16,Aratu,3.129102
2026-01-12,2026-01-16,Santos,3.136016
2026-01-12,2026-01-16,Paranagua,3.137954
2026-01-12,2026-01-16,Tramandai,3.125408
2026-01-12,2026-01-16,Guamaré,3.254822
2026-01-12,2026-01-16,Duque de Caxias,3.323082
2026-01-12,2026-01-16,Betim,3.345722
2026-01-12,2026-01-16,Cubatão,3.171826
2026-01-12,2026-01-16,Mauá,3.190220
2026-01-12,2026-01-16,Paulínia,3.238020
2026-01-12,2026-01-16,São José dos Campos,3.220876
2026-01-12,2026-01-16,Araucária,3.200540
2026-01-12,2026-01-16,Canoas,3.189052
2026-01-19,2026-01-23,Manaus,3.157825
2026-01-19,2026-01-23,Itaqui,3.194060
2026-01-19,2026-01-23,Suape,3.152138
2026-01-19,2026-01-23,Aratu,3.184060
2026-01-19,2026-01-23,Santos,3.190700
2026-01-19,2026-01-23,Paranagua,3.190985
2026-01-19,2026-01-23,Tramandai,3.179753
2026-01-19,2026-01-23,Guamaré,3.311565
2026-01-19,2026-01-23,Duque de Caxias,3.375733
2026-01-19,2026-01-23,Betim,3.398123
2026-01-19,2026-01-23,Cubatão,3.226125
2026-01-19,2026-01-23,Mauá,3.244320
2026-01-19,2026-01-23,Paulínia,3.291595
2026-01-19,2026-01-23,São José dos Campos,3.274640
2026-01-19,2026-01-23,Araucária,3.252885
2026-01-19,2026-01-23,Canoas,3.242705
2026-01-26,2026-01-30,Manaus,3.226690
2026-01-26,2026-01-30,Itaqui,3.274668
2026-01-26,2026-01-30,Suape,3.229462
2026-01-26,2026-01-30,Aratu,3.264668
2026-01-26,2026-01-30,Santos,3.271560
2026-01-26,2026-01-30,Paranagua,3.273380
2026-01-26,2026-01-30,Tramandai,3.261542
2026-01-26,2026-01-30,Guamaré,3.386216
2026-01-26,2026-01-30,Duque de Caxias,3.453484
2026-01-26,2026-01-30,Betim,3.475498
2026-01-26,2026-01-30,Cubatão,3.306386
2026-01-26,2026-01-30,Mauá,3.324276
2026-01-26,2026-01-30,Paulínia,3.370760
2026-01-26,2026-01-30,São José dos Campos,3.354086
2026-01-26,2026-01-30,Araucária,3.334244
2026-01-26,2026-01-30,Canoas,3.323434
2026-02-02,2026-02-06,Manaus,3.284984
2026-02-02,2026-02-06,Itaqui,3.366304
2026-02-02,2026-02-06,Suape,3.311486
2026-02-02,2026-02-06,Aratu,3.356304
2026-02-02,2026-02-06,Santos,3.363916
2026-02-02,2026-02-06,Paranagua,3.370244
2026-02-02,2026-02-06,Tramandai,3.357958
2026-02-02,2026-02-06,Guamaré,3.468806
2026-02-02,2026-02-06,Duque de Caxias,3.546498
2026-02-02,2026-02-06,Betim,3.568592
2026-02-02,2026-02-06,Cubatão,3.398870
2026-02-02,2026-02-06,Mauá,3.416822
2026-02-02,2026-02-06,Paulínia,3.463474
2026-02-02,2026-02-06,São José dos Campos,3.446744
2026-02-02,2026-02-06,Araucária,3.431324
2026-02-02,2026-02-06,Canoas,3.420076
2026-02-09,2026-02-13,Manaus,3.180824
2026-02-09,2026-02-13,Itaqui,3.253596
2026-02-09,2026-02-13,Suape,3.201398
2026-02-09,2026-02-13,Aratu,3.243596
2026-02-09,2026-02-13,Santos,3.251008
2026-02-09,2026-02-13,Paranagua,3.256110
2026-02-09,2026-02-13,Tramandai,3.244072
2026-02-09,2026-02-13,Guamaré,3.357418
2026-02-09,2026-02-13,Duque de Caxias,3.432086
2026-02-09,2026-02-13,Betim,3.453994
2026-02-09,2026-02-13,Cubatão,3.285676
2026-02-09,2026-02-13,Mauá,3.303484
2026-02-09,2026-02-13,Paulínia,3.349748
2026-02-09,2026-02-13,São José dos Campos,3.333154
2026-02-09,2026-02-13,Araucária,3.316688
2026-02-09,2026-02-13,Canoas,3.305676
2026-02-16,2026-02-20,Manaus,3.249378
2026-02-16,2026-02-20,Itaqui,3.315435
2026-02-16,2026-02-20,Suape,3.264825
2026-02-16,2026-02-20,Aratu,3.305435
2026-02-16,2026-02-20,Santos,3.312728
2026-02-16,2026-02-20,Paranagua,3.317085
2026-02-16,2026-02-20,Tramandai,3.304340
2026-02-16,2026-02-20,Guamaré,3.421278
2026-02-16,2026-02-20,Duque de Caxias,3.494310
2026-02-16,2026-02-20,Betim,3.516280
2026-02-16,2026-02-20,Cubatão,3.347493
2026-02-16,2026-02-20,Mauá,3.365345
2026-02-16,2026-02-20,Paulínia,3.411743
2026-02-16,2026-02-20,São José dos Campos,3.395105
2026-02-16,2026-02-20,Araucária,3.377833
2026-02-16,2026-02-20,Canoas,3.366115
2026-02-23,2026-02-27,Manaus,3.362668
2026-02-23,2026-02-27,Itaqui,3.436346
2026-02-23,2026-02-27,Suape,3.383516
2026-02-23,2026-02-27,Aratu,3.426346
2026-02-23,2026-02-27,Santos,3.433806
2026-02-23,2026-02-27,Paranagua,3.439202
2026-02-23,2026-02-27,Tramandai,3.425728
2026-02-23,2026-02-27,Guamaré,3.537792
2026-02-23,2026-02-27,Duque de Caxias,3.612862
2026-02-23,2026-02-27,Betim,3.634528
2026-02-23,2026-02-27,Cubatão,3.468086
2026-02-23,2026-02-27,Mauá,3.485694
2026-02-23,2026-02-27,Paulínia,3.531444
2026-02-23,2026-02-27,São José dos Campos,3.515034
2026-02-23,2026-02-27,Araucária,3.499106
2026-02-23,2026-02-27,Canoas,3.486644
2026-03-02,2026-03-06,Manaus,4.471640
2026-03-02,2026-03-06,Itaqui,4.603382
2026-03-02,2026-03-06,Suape,4.535412
2026-03-02,2026-03-06,Aratu,4.593382
2026-03-02,2026-03-06,Santos,4.601976
2026-03-02,2026-03-06,Paranagua,4.614472
2026-03-02,2026-03-06,Tramandai,4.604932
2026-03-02,2026-03-06,Guamaré,4.692456
2026-03-02,2026-03-06,Duque de Caxias,4.784236
2026-03-02,2026-03-06,Betim,4.806292
2026-03-02,2026-03-06,Cubatão,4.636868
2026-03-02,2026-03-06,Mauá,4.654792
2026-03-02,2026-03-06,Paulínia,4.701360
2026-03-02,2026-03-06,São José dos Campos,4.684658
2026-03-02,2026-03-06,Araucária,4.675446
2026-03-02,2026-03-06,Canoas,4.666940
2026-03-09,2026-03-13,Manaus,5.136284
2026-03-09,2026-03-13,Itaqui,5.278782
2026-03-09,2026-03-13,Suape,5.206582
2026-03-09,2026-03-13,Aratu,5.268782
2026-03-09,2026-03-13,Santos,5.277694
2026-03-09,2026-03-13,Paranagua,5.292174
2026-03-09,2026-03-13,Tramandai,5.279340
2026-03-09,2026-03-13,Guamaré,5.363294
2026-03-09,2026-03-13,Duque de Caxias,5.459572
2026-03-09,2026-03-13,Betim,5.481580
2026-03-09,2026-03-13,Cubatão,5.312516
2026-03-09,2026-03-13,Mauá,5.330400
2026-03-09,2026-03-13,Paulínia,5.376874
2026-03-09,2026-03-13,São José dos Campos,5.360200
2026-03-09,2026-03-13,Araucária,5.353022
2026-03-09,2026-03-13,Canoas,5.341222
2026-03-16,2026-03-20,Manaus,5.803716
2026-03-16,2026-03-20,Itaqui,5.967958
2026-03-16,2026-03-20,Suape,5.890468
2026-03-16,2026-03-20,Aratu,5.957958
2026-03-16,2026-03-20,Santos,5.967266
2026-03-16,2026-03-20,Paranagua,5.984226
2026-03-16,2026-03-20,Tramandai,5.973704
2026-03-16,2026-03-20,Guamaré,6.047528
2026-03-16,2026-03-20,Duque de Caxias,6.149548
2026-03-16,2026-03-20,Betim,6.171608
2026-03-16,2026-03-20,Cubatão,6.002162
2026-03-16,2026-03-20,Mauá,6.020088
2026-03-16,2026-03-20,Paulínia,6.066664
2026-03-16,2026-03-20,São José dos Campos,6.049958
2026-03-16,2026-03-20,Araucária,6.045206
2026-03-16,2026-03-20,Canoas,6.035722
2026-03-23,2026-03-27,Manaus,5.969390
2026-03-23,2026-03-27,Itaqui,6.159368
2026-03-23,2026-03-27,Suape,6.072634
2026-03-23,2026-03-27,Aratu,6.149368
2026-03-23,2026-03-27,Santos,6.159368
2026-03-23,2026-03-27,Paranagua,6.180666
2026-03-23,2026-03-27,Tramandai,6.164922
2026-03-23,2026-03-27,Guamaré,6.230092
2026-03-23,2026-03-27,Duque de Caxias,6.342120
2026-03-23,2026-03-27,Betim,6.364232
2026-03-23,2026-03-27,Cubatão,6.194356
2026-03-23,2026-03-27,Mauá,6.212326
2026-03-23,2026-03-27,Paulínia,6.259020
2026-03-23,2026-03-27,São José dos Campos,6.242270
2026-03-23,2026-03-27,Araucária,6.241804
2026-03-23,2026-03-27,Canoas,6.227098
2026-03-30,2026-04-03,Manaus,6.154510
2026-03-30,2026-04-03,Itaqui,6.318780
2026-03-30,2026-04-03,Suape,6.239198
2026-03-30,2026-04-03,Aratu,6.308780
2026-03-30,2026-04-03,Santos,6.318245
2026-03-30,2026-04-03,Paranagua,6.336185
2026-03-30,2026-04-03,Tramandai,6.319783
2026-03-30,2026-04-03,Guamaré,6.394978
2026-03-30,2026-04-03,Duque de Caxias,6.499043
2026-03-30,2026-04-03,Betim,6.520920
2026-03-30,2026-04-03,Cubatão,6.352860
2026-03-30,2026-04-03,Mauá,6.370638
2026-03-30,2026-04-03,Paulínia,6.416830
2026-03-30,2026-04-03,São José dos Campos,6.400263
2026-03-30,2026-04-03,Araucária,6.396670
2026-03-30,2026-04-03,Canoas,6.381293
2026-04-06,2026-04-10,Manaus,6.254416
2026-04-06,2026-04-10,Itaqui,6.357956
2026-04-06,2026-04-10,Suape,6.268220
2026-04-06,2026-04-10,Aratu,6.347956
2026-04-06,2026-04-10,Santos,6.358182
2026-04-06,2026-04-10,Paranagua,6.380886
2026-04-06,2026-04-10,Tramandai,6.366106
2026-04-06,2026-04-10,Guamaré,6.421358
2026-04-06,2026-04-10,Duque de Caxias,6.535912
2026-04-06,2026-04-10,Betim,6.557420
2026-04-06,2026-04-10,Cubatão,6.392208
2026-04-06,2026-04-10,Mauá,6.409686
2026-04-06,2026-04-10,Paulínia,6.455096
2026-04-06,2026-04-10,São José dos Campos,6.438808
2026-04-06,2026-04-10,Araucária,6.440346
2026-04-06,2026-04-10,Canoas,6.426576
2026-04-13,2026-04-17,Manaus,5.610982
2026-04-13,2026-04-17,Itaqui,5.527490
2026-04-13,2026-04-17,Suape,5.436986
2026-04-13,2026-04-17,Aratu,5.517490
2026-04-13,2026-04-17,Santos,5.527774
2026-04-13,2026-04-17,Paranagua,5.550834
2026-04-13,2026-04-17,Tramandai,5.539928
2026-04-13,2026-04-17,Guamaré,5.586840
2026-04-13,2026-04-17,Duque de Caxias,5.701688
2026-04-13,2026-04-17,Betim,5.722734
2026-04-13,2026-04-17,Cubatão,5.561066
2026-04-13,2026-04-17,Mauá,5.578170
2026-04-13,2026-04-17,Paulínia,5.622610
2026-04-13,2026-04-17,São José dos Campos,5.606668
2026-04-13,2026-04-17,Araucária,5.609016
2026-04-13,2026-04-17,Canoas,5.599098
2026-04-20,2026-04-24,Manaus,5.389904
2026-04-20,2026-04-24,Itaqui,5.322080
2026-04-20,2026-04-24,Suape,5.245534
2026-04-20,2026-04-24,Aratu,5.312080
2026-04-20,2026-04-24,Santos,5.321318
2026-04-20,2026-04-24,Paranagua,5.337834
2026-04-20,2026-04-24,Tramandai,5.320548
2026-04-20,2026-04-24,Guamaré,5.395178
2026-04-20,2026-04-24,Duque de Caxias,5.494994
2026-04-20,2026-04-24,Betim,5.516008
2026-04-20,2026-04-24,Cubatão,5.354570
2026-04-20,2026-04-24,Mauá,5.371646
2026-04-20,2026-04-24,Paulínia,5.416024
2026-04-20,2026-04-24,São José dos Campos,5.400106
2026-04-20,2026-04-24,Araucária,5.395940
2026-04-20,2026-04-24,Canoas,5.379636
2026-04-27,2026-05-01,Manaus,5.748190
2026-04-27,2026-05-01,Itaqui,5.681714
2026-04-27,2026-05-01,Suape,5.607630
2026-04-27,2026-05-01,Aratu,5.671714
2026-04-27,2026-05-01,Santos,5.680768
2026-04-27,2026-05-01,Paranagua,5.696130
2026-04-27,2026-05-01,Tramandai,5.679770
2026-04-27,2026-05-01,Guamaré,5.757356
2026-04-27,2026-05-01,Duque de Caxias,5.854538
2026-04-27,2026-05-01,Betim,5.875564
2026-04-27,2026-05-01,Cubatão,5.714034
2026-04-27,2026-05-01,Mauá,5.731122
2026-04-27,2026-05-01,Paulínia,5.775524
2026-04-27,2026-05-01,São José dos Campos,5.759596
2026-04-27,2026-05-01,Araucária,5.754262
2026-04-27,2026-05-01,Canoas,5.738890
2026-05-04,2026-05-08,Manaus,5.431382
2026-05-04,2026-05-08,Itaqui,5.379610
2026-05-04,2026-05-08,Suape,5.321936
2026-05-04,2026-05-08,Aratu,5.369610
2026-05-04,2026-05-08,Santos,5.377434
2026-05-04,2026-05-08,Paranagua,5.385104
2026-05-04,2026-05-08,Tramandai,5.367480
2026-05-04,2026-05-08,Guamaré,5.470090
2026-05-04,2026-05-08,Duque de Caxias,5.549378
2026-05-04,2026-05-08,Betim,5.570186
2026-05-04,2026-05-08,Cubatão,5.410352
2026-05-04,2026-05-08,Mauá,5.427260
2026-05-04,2026-05-08,Paulínia,5.471194
2026-05-04,2026-05-08,São José dos Campos,5.455434
2026-05-04,2026-05-08,Araucária,5.442628
2026-05-04,2026-05-08,Canoas,5.425978
2026-05-11,2026-05-15,Manaus,5.315568
2026-05-11,2026-05-15,Itaqui,5.272656
2026-05-11,2026-05-15,Suape,5.230012
2026-05-11,2026-05-15,Aratu,5.262656
2026-05-11,2026-05-15,Santos,5.269352
2026-05-11,2026-05-15,Paranagua,5.269972
2026-05-11,2026-05-15,Tramandai,5.256746
2026-05-11,2026-05-15,Guamaré,5.379458
2026-05-11,2026-05-15,Duque de Caxias,5.442798
2026-05-11,2026-05-15,Betim,5.463786
2026-05-11,2026-05-15,Cubatão,5.302558
2026-05-11,2026-05-15,Mauá,5.319612
2026-05-11,2026-05-15,Paulínia,5.363932
2026-05-11,2026-05-15,São José dos Campos,5.348036
2026-05-11,2026-05-15,Araucária,5.327996
2026-05-11,2026-05-15,Canoas,5.315758
2026-05-18,2026-05-22,Manaus,5.320032
2026-05-18,2026-05-22,Itaqui,5.277226
2026-05-18,2026-05-22,Suape,5.235554
2026-05-18,2026-05-22,Aratu,5.267226
2026-05-18,2026-05-22,Santos,5.273848
2026-05-18,2026-05-22,Paranagua,5.274012
2026-05-18,2026-05-22,Tramandai,5.261168
2026-05-18,2026-05-22,Guamaré,5.386296
2026-05-18,2026-05-22,Duque de Caxias,5.448798
2026-05-18,2026-05-22,Betim,5.469968
2026-05-18,2026-05-22,Cubatão,5.307342
2026-05-18,2026-05-22,Mauá,5.324546
2026-05-18,2026-05-22,Paulínia,5.369248
2026-05-18,2026-05-22,São José dos Campos,5.353214
2026-05-18,2026-05-22,Araucária,5.332542
2026-05-18,2026-05-22,Canoas,5.320688
2026-05-25,2026-05-29,Manaus,4.912865
2026-05-25,2026-05-29,Itaqui,4.866630
2026-05-25,2026-05-29,Suape,4.820205
2026-05-25,2026-05-29,Aratu,4.856630
2026-05-25,2026-05-29,Santos,4.863610
2026-05-25,2026-05-29,Paranagua,4.866005
2026-05-25,2026-05-29,Tramandai,4.852118
2026-05-25,2026-05-29,Guamaré,4.971733
2026-05-25,2026-05-29,Duque de Caxias,5.039475
2026-05-25,2026-05-29,Betim,5.060758
2026-05-25,2026-05-29,Cubatão,4.897278
2026-05-25,2026-05-29,Mauá,4.914573
2026-05-25,2026-05-29,Paulínia,4.959510
2026-05-25,2026-05-29,São José dos Campos,4.943393
2026-05-25,2026-05-29,Araucária,4.924840
2026-05-25,2026-05-29,Canoas,4.911953
2026-06-01,2026-06-05,Manaus,5.043276
2026-06-01,2026-06-05,Itaqui,4.991720
2026-06-01,2026-06-05,Suape,4.937040
2026-06-01,2026-06-05,Aratu,4.981720
2026-06-01,2026-06-05,Santos,4.989318
2026-06-01,2026-06-05,Paranagua,4.995582
2026-06-01,2026-06-05,Tramandai,4.979264
2026-06-01,2026-06-05,Guamaré,5.089256
2026-06-01,2026-06-05,Duque de Caxias,5.165978
2026-06-01,2026-06-05,Betim,5.187360
2026-06-01,2026-06-05,Cubatão,5.023140
2026-06-01,2026-06-05,Mauá,5.040512
2026-06-01,2026-06-05,Paulínia,5.085652
2026-06-01,2026-06-05,São José dos Campos,5.069460
2026-06-01,2026-06-05,Araucária,5.054682
2026-06-01,2026-06-05,Canoas,5.039368
2026-06-08,2026-06-12,Manaus,4.940714
2026-06-08,2026-06-12,Itaqui,4.886918
2026-06-08,2026-06-12,Suape,4.830038
2026-06-08,2026-06-12,Aratu,4.876918
2026-06-08,2026-06-12,Santos,4.884680
2026-06-08,2026-06-12,Paranagua,4.891974
2026-06-08,2026-06-12,Tramandai,4.875152
2026-06-08,2026-06-12,Guamaré,4.984650
2026-06-08,2026-06-12,Duque de Caxias,5.064118
2026-06-08,2026-06-12,Betim,5.085832
2026-06-08,2026-06-12,Cubatão,4.919032
2026-06-08,2026-06-12,Mauá,4.936678
2026-06-08,2026-06-12,Paulínia,4.982528
2026-06-08,2026-06-12,São José dos Campos,4.966082
2026-06-08,2026-06-12,Araucária,4.952002
2026-06-08,2026-06-12,Canoas,4.936202
2026-06-15,2026-06-19,Manaus,4.372213
2026-06-15,2026-06-19,Itaqui,4.326115
2026-06-15,2026-06-19,Suape,4.279790
2026-06-15,2026-06-19,Aratu,4.316115
2026-06-15,2026-06-19,Santos,4.323090
2026-06-15,2026-06-19,Paranagua,4.325435
2026-06-15,2026-06-19,Tramandai,4.310510
2026-06-15,2026-06-19,Guamaré,4.433243
2026-06-15,2026-06-19,Duque de Caxias,4.501185
2026-06-15,2026-06-19,Betim,4.522738
2026-06-15,2026-06-19,Cubatão,4.357188
2026-06-15,2026-06-19,Mauá,4.374698
2026-06-15,2026-06-19,Paulínia,4.420205
2026-06-15,2026-06-19,São José dos Campos,4.403883
2026-06-15,2026-06-19,Araucária,4.385020
2026-06-15,2026-06-19,Canoas,4.371100
2026-06-22,2026-06-26,Manaus,4.218434
2026-06-22,2026-06-26,Itaqui,4.173704
2026-06-22,2026-06-26,Suape,4.131878
2026-06-22,2026-06-26,Aratu,4.163704
2026-06-22,2026-06-26,Santos,4.170340
2026-06-22,2026-06-26,Paranagua,4.170574
2026-06-22,2026-06-26,Tramandai,4.158006
2026-06-22,2026-06-26,Guamaré,4.287544
2026-06-22,2026-06-26,Duque de Caxias,4.351004
2026-06-22,2026-06-26,Betim,4.372866
2026-06-22,2026-06-26,Cubatão,4.204926
2026-06-22,2026-06-26,Mauá,4.222692
2026-06-22,2026-06-26,Paulínia,4.268852
2026-06-22,2026-06-26,São José dos Campos,4.252298
2026-06-22,2026-06-26,Araucária,4.231016
2026-06-22,2026-06-26,Canoas,4.219474
2026-06-29,2026-07-03,Manaus,4.416028
2026-06-29,2026-07-03,Itaqui,4.365025
2026-06-29,2026-07-03,Suape,4.314760
2026-06-29,2026-07-03,Aratu,4.355025
2026-06-29,2026-07-03,Santos,4.362293
2026-06-29,2026-07-03,Paranagua,4.366490
2026-06-29,2026-07-03,Tramandai,4.352825
2026-06-29,2026-07-03,Guamaré,4.470760
2026-06-29,2026-07-03,Duque de Caxias,4.543353
2026-06-29,2026-07-03,Betim,4.565260
2026-06-29,2026-07-03,Cubatão,4.396960
2026-06-29,2026-07-03,Mauá,4.414760
2026-06-29,2026-07-03,Paulínia,4.461023
2026-06-29,2026-07-03,São José dos Campos,4.444433
2026-06-29,2026-07-03,Araucária,4.427065
2026-06-29,2026-07-03,Canoas,4.414423
2026-07-06,2026-07-10,Manaus,4.670310
2026-07-06,2026-07-10,Itaqui,4.616912
2026-07-06,2026-07-10,Suape,4.561650
2026-07-06,2026-07-10,Aratu,4.606912
2026-07-06,2026-07-10,Santos,4.614558
2026-07-06,2026-07-10,Paranagua,4.621090
2026-07-06,2026-07-10,Tramandai,4.605792
2026-07-06,2026-07-10,Guamaré,4.715994
2026-07-06,2026-07-10,Duque de Caxias,4.793688
2026-07-06,2026-07-10,Betim,4.815362
2026-07-06,2026-07-10,Cubatão,4.648852
2026-07-06,2026-07-10,Mauá,4.666462
2026-07-06,2026-07-10,Paulínia,4.712236
2026-07-06,2026-07-10,São José dos Campos,4.695818
2026-07-06,2026-07-10,Araucária,4.681018
2026-07-06,2026-07-10,Canoas,4.666736
2026-07-13,2026-07-17,Manaus,5.278906
2026-07-13,2026-07-17,Itaqui,5.228596
2026-07-13,2026-07-17,Suape,5.175634
2026-07-13,2026-07-17,Aratu,5.218596
2026-07-13,2026-07-17,Santos,5.226068
2026-07-13,2026-07-17,Paranagua,5.231528
2026-07-13,2026-07-17,Tramandai,5.214890
2026-07-13,2026-07-17,Guamaré,5.328982
2026-07-13,2026-07-17,Duque de Caxias,5.404042
2026-07-13,2026-07-17,Betim,5.425574
2026-07-13,2026-07-17,Cubatão,5.260142
2026-07-13,2026-07-17,Mauá,5.277640
2026-07-13,2026-07-17,Paulínia,5.323114
2026-07-13,2026-07-17,São José dos Campos,5.306804
2026-07-13,2026-07-17,Araucária,5.291066
2026-07-13,2026-07-17,Canoas,5.275438
