semana_inicio,semana_fim,terminal,preco
2018-11-05,2018-11-09,Itaqui,1.602604
2018-11-05,2018-11-09,Suape,1.616238
2018-11-05,2018-11-09,Aratu,1.617774
2018-11-05,2018-11-09,Santos,1.653378
2018-11-05,2018-11-09,Paranagua,1.630454
2018-11-12,2018-11-16,Itaqui,1.524086
2018-11-12,2018-11-16,Suape,1.537714
2018-11-12,2018-11-16,Aratu,1.539262
2018-11-12,2018-11-16,Santos,1.574876
2018-11-12,2018-11-16,Paranagua,1.551936
2018-11-19,2018-11-23,Itaqui,1.482270
2018-11-19,2018-11-23,Suape,1.495897
2018-11-19,2018-11-23,Aratu,1.497443
2018-11-19,2018-11-23,Santos,1.536817
2018-11-19,2018-11-23,Paranagua,1.514050
2018-11-26,2018-11-30,Itaqui,1.402530
2018-11-26,2018-11-30,Suape,1.416134
2018-11-26,2018-11-30,Aratu,1.417722
2018-11-26,2018-11-30,Santos,1.458436
2018-11-26,2018-11-30,Paranagua,1.435668
2018-12-03,2018-12-07,Itaqui,1.413200
2018-12-03,2018-12-07,Suape,1.426800
2018-12-03,2018-12-07,Aratu,1.428400
2018-12-03,2018-12-07,Santos,1.475400
2018-12-03,2018-12-07,Paranagua,1.452900
2018-12-10,2018-12-14,Itaqui,1.426300
2018-12-10,2018-12-14,Suape,1.440000
2018-12-10,2018-12-14,Aratu,1.441500
2018-12-10,2018-12-14,Santos,1.489200
2018-12-10,2018-12-14,Paranagua,1.466700
2018-12-17,2018-12-21,Itaqui,1.354148
2018-12-17,2018-12-21,Suape,1.367754
2018-12-17,2018-12-21,Aratu,1.369344
2018-12-17,2018-12-21,Santos,1.409370
2018-12-17,2018-12-21,Paranagua,1.386564
2018-12-24,2018-12-28,Itaqui,1.272853
2018-12-24,2018-12-28,Suape,1.295700
2018-12-24,2018-12-28,Aratu,1.303328
2018-12-24,2018-12-28,Santos,1.323986
2018-12-24,2018-12-28,Paranagua,1.304272
2018-12-31,2019-01-04,Itaqui,1.262107
2018-12-31,2019-01-04,Suape,1.275827
2018-12-31,2019-01-04,Aratu,1.277187
2018-12-31,2019-01-04,Santos,1.311913
2018-12-31,2019-01-04,Paranagua,1.289253
2019-01-07,2019-01-11,Itaqui,1.291026
2019-01-07,2019-01-11,Suape,1.304758
2019-01-07,2019-01-11,Aratu,1.306098
2019-01-07,2019-01-11,Santos,1.339580
2019-01-07,2019-01-11,Paranagua,1.316866
2019-01-14,2019-01-18,Itaqui,1.344538
2019-01-14,2019-01-18,Suape,1.358272
2019-01-14,2019-01-18,Aratu,1.359602
2019-01-14,2019-01-18,Santos,1.390746
2019-01-14,2019-01-18,Paranagua,1.367942
2019-01-21,2019-01-25,Itaqui,1.373507
2019-01-21,2019-01-25,Suape,1.387242
2019-01-21,2019-01-25,Aratu,1.388572
2019-01-21,2019-01-25,Santos,1.418995
2019-01-21,2019-01-25,Paranagua,1.396152
2019-01-28,2019-02-01,Itaqui,1.301086
2019-01-28,2019-02-01,Suape,1.314842
2019-01-28,2019-02-01,Aratu,1.316134
2019-01-28,2019-02-01,Santos,1.346254
2019-01-28,2019-02-01,Paranagua,1.323462
2019-02-04,2019-02-08,Itaqui,1.351458
2019-02-04,2019-02-08,Suape,1.365224
2019-02-04,2019-02-08,Aratu,1.366490
2019-02-04,2019-02-08,Santos,1.394932
2019-02-04,2019-02-08,Paranagua,1.372094
2019-02-11,2019-02-15,Itaqui,1.392326
2019-02-11,2019-02-15,Suape,1.406056
2019-02-11,2019-02-15,Aratu,1.407394
2019-02-11,2019-02-15,Santos,1.441172
2019-02-11,2019-02-15,Paranagua,1.418480
2019-02-18,2019-02-22,Itaqui,1.541132
2019-02-18,2019-02-22,Suape,1.554818
2019-02-18,2019-02-22,Aratu,1.556242
2019-02-18,2019-02-22,Santos,1.590502
2019-02-18,2019-02-22,Paranagua,1.567692
2019-02-25,2019-03-01,Itaqui,1.536960
2019-02-25,2019-03-01,Suape,1.550660
2019-02-25,2019-03-01,Aratu,1.552060
2019-02-25,2019-03-01,Santos,1.584712
2019-02-25,2019-03-01,Paranagua,1.561866
2019-03-04,2019-03-08,Itaqui,1.608956
2019-03-04,2019-03-08,Suape,1.622698
2019-03-04,2019-03-08,Aratu,1.624012
2019-03-04,2019-03-08,Santos,1.654012
2019-03-04,2019-03-08,Paranagua,1.631174
2019-03-11,2019-03-15,Itaqui,1.658822
2019-03-11,2019-03-15,Suape,1.672598
2019-03-11,2019-03-15,Aratu,1.673848
2019-03-11,2019-03-15,Santos,1.702746
2019-03-11,2019-03-15,Paranagua,1.679960
2019-03-18,2019-03-22,Itaqui,1.693040
2019-03-18,2019-03-22,Suape,1.706752
2019-03-18,2019-03-22,Aratu,1.708126
2019-03-18,2019-03-22,Santos,1.740588
2019-03-18,2019-03-22,Paranagua,1.717766
2019-03-25,2019-03-29,Itaqui,1.735908
2019-03-25,2019-03-29,Suape,1.749600
2019-03-25,2019-03-29,Aratu,1.751020
2019-03-25,2019-03-29,Santos,1.784656
2019-03-25,2019-03-29,Paranagua,1.761822
2019-04-01,2019-04-05,Itaqui,1.747316
2019-04-01,2019-04-05,Suape,1.761016
2019-04-01,2019-04-05,Aratu,1.762414
2019-04-01,2019-04-05,Santos,1.795936
2019-04-01,2019-04-05,Paranagua,1.773126
2019-04-08,2019-04-12,Itaqui,1.828156
2019-04-08,2019-04-12,Suape,1.841864
2019-04-08,2019-04-12,Aratu,1.843248
2019-04-08,2019-04-12,Santos,1.875176
2019-04-08,2019-04-12,Paranagua,1.852320
2019-04-15,2019-04-19,Itaqui,1.864397
2019-04-15,2019-04-19,Suape,1.878090
2019-04-15,2019-04-19,Aratu,1.879502
2019-04-15,2019-04-19,Santos,1.909822
2019-04-15,2019-04-19,Paranagua,1.886843
2019-04-22,2019-04-26,Itaqui,1.951480
2019-04-22,2019-04-26,Suape,1.965185
2019-04-22,2019-04-26,Aratu,1.966575
2019-04-22,2019-04-26,Santos,1.996815
2019-04-22,2019-04-26,Paranagua,1.973865
2019-04-29,2019-05-03,Itaqui,1.945317
2019-04-29,2019-05-03,Suape,1.959050
2019-04-29,2019-05-03,Aratu,1.960390
2019-04-29,2019-05-03,Santos,1.990182
2019-04-29,2019-05-03,Paranagua,1.967295
2019-05-06,2019-05-10,Itaqui,1.902830
2019-05-06,2019-05-10,Suape,1.916557
2019-05-06,2019-05-10,Aratu,1.917907
2019-05-06,2019-05-10,Santos,1.949923
2019-05-06,2019-05-10,Paranagua,1.927120
2019-05-13,2019-05-17,Itaqui,1.921815
2019-05-13,2019-05-17,Suape,1.935505
2019-05-13,2019-05-17,Aratu,1.948722
2019-05-13,2019-05-17,Santos,1.969532
2019-05-13,2019-05-17,Paranagua,1.946652
2019-05-20,2019-05-24,Itaqui,1.992900
2019-05-20,2019-05-24,Suape,2.006585
2019-05-20,2019-05-24,Aratu,2.008018
2019-05-20,2019-05-24,Santos,2.040513
2019-05-20,2019-05-24,Paranagua,2.017602
2019-05-27,2019-05-31,Itaqui,1.854080
2019-05-27,2019-05-31,Suape,1.867785
2019-05-27,2019-05-31,Aratu,1.869177
2019-05-27,2019-05-31,Santos,1.900610
2019-05-27,2019-05-31,Paranagua,1.877715
2019-06-03,2019-06-07,Itaqui,1.639160
2019-06-03,2019-06-07,Suape,1.652914
2019-06-03,2019-06-07,Aratu,1.654202
2019-06-03,2019-06-07,Santos,1.683440
2019-06-03,2019-06-07,Paranagua,1.660606
2019-06-10,2019-06-14,Itaqui,1.623026
2019-06-10,2019-06-14,Suape,1.636792
2019-06-10,2019-06-14,Aratu,1.638058
2019-06-10,2019-06-14,Santos,1.666830
2019-06-10,2019-06-14,Paranagua,1.644012
2019-06-17,2019-06-21,Itaqui,1.630400
2019-06-17,2019-06-21,Suape,1.644100
2019-06-17,2019-06-21,Aratu,1.645500
2019-06-17,2019-06-21,Santos,1.677000
2019-06-17,2019-06-21,Paranagua,1.654200
2019-06-24,2019-06-28,Itaqui,1.700900
2019-06-24,2019-06-28,Suape,1.714600
2019-06-24,2019-06-28,Aratu,1.716000
2019-06-24,2019-06-28,Santos,1.749400
2019-06-24,2019-06-28,Paranagua,1.726500
2019-07-01,2019-07-05,Itaqui,1.722800
2019-07-01,2019-07-05,Suape,1.736500
2019-07-01,2019-07-05,Aratu,1.737900
2019-07-01,2019-07-05,Santos,1.771400
2019-07-01,2019-07-05,Paranagua,1.748500
2019-07-08,2019-07-12,Itaqui,1.736900
2019-07-08,2019-07-12,Suape,1.750600
2019-07-08,2019-07-12,Aratu,1.751900
2019-07-08,2019-07-12,Santos,1.781900
2019-07-08,2019-07-12,Paranagua,1.759000
2019-07-15,2019-07-19,Itaqui,1.714500
2019-07-15,2019-07-19,Suape,1.728300
2019-07-15,2019-07-19,Aratu,1.729500
2019-07-15,2019-07-19,Santos,1.759200
2019-07-15,2019-07-19,Paranagua,1.736300
2019-07-22,2019-07-26,Itaqui,1.699500
2019-07-22,2019-07-26,Suape,1.713300
2019-07-22,2019-07-26,Aratu,1.714600
2019-07-22,2019-07-26,Santos,1.747300
2019-07-22,2019-07-26,Paranagua,1.724400
2019-07-29,2019-08-02,Itaqui,1.749600
2019-07-29,2019-08-02,Suape,1.763300
2019-07-29,2019-08-02,Aratu,1.764600
2019-07-29,2019-08-02,Santos,1.797300
2019-07-29,2019-08-02,Paranagua,1.774300
2019-08-05,2019-08-09,Itaqui,1.680300
2019-08-05,2019-08-09,Suape,1.694000
2019-08-05,2019-08-09,Aratu,1.695400
2019-08-05,2019-08-09,Santos,1.729700
2019-08-05,2019-08-09,Paranagua,1.706600
2019-08-12,2019-08-16,Itaqui,1.681100
2019-08-12,2019-08-16,Suape,1.694800
2019-08-12,2019-08-16,Aratu,1.696200
2019-08-12,2019-08-16,Santos,1.730200
2019-08-12,2019-08-16,Paranagua,1.707000
2019-08-19,2019-08-23,Itaqui,1.640600
2019-08-19,2019-08-23,Suape,1.654300
2019-08-19,2019-08-23,Aratu,1.655700
2019-08-19,2019-08-23,Santos,1.689500
2019-08-19,2019-08-23,Paranagua,1.666400
2019-08-26,2019-08-30,Itaqui,1.556000
2019-08-26,2019-08-30,Suape,1.569700
2019-08-26,2019-08-30,Aratu,1.571200
2019-08-26,2019-08-30,Santos,1.606800
2019-08-26,2019-08-30,Paranagua,1.583700
2019-09-02,2019-09-06,Manaus,1.568330
2019-09-02,2019-09-06,Itaqui,1.582060
2019-09-02,2019-09-06,Suape,1.568330
2019-09-02,2019-09-06,Aratu,1.569793
2019-09-02,2019-09-06,Santos,1.612183
2019-09-02,2019-09-06,Paranagua,1.600593
2019-09-02,2019-09-06,Tramandai,1.594580
2019-09-02,2019-09-06,Guamaré,1.624593
2019-09-02,2019-09-06,Duque de Caxias,1.677640
2019-09-02,2019-09-06,Betim,1.684678
2019-09-02,2019-09-06,Cubatão,1.620830
2019-09-02,2019-09-06,Mauá,1.638248
2019-09-02,2019-09-06,Paulínia,1.645648
2019-09-02,2019-09-06,São José dos Campos,1.643408
2019-09-02,2019-09-06,Araucária,1.619163
2019-09-02,2019-09-06,Canoas,1.613930
2019-09-09,2019-09-13,Manaus,1.598412
2019-09-09,2019-09-13,Itaqui,1.612116
2019-09-09,2019-09-13,Suape,1.598412
2019-09-09,2019-09-13,Aratu,1.599816
2019-09-09,2019-09-13,Santos,1.640850
2019-09-09,2019-09-13,Paranagua,1.629300
2019-09-09,2019-09-13,Tramandai,1.623172
2019-09-09,2019-09-13,Guamaré,1.654672
2019-09-09,2019-09-13,Duque de Caxias,1.706304
2019-09-09,2019-09-13,Betim,1.713344
2019-09-09,2019-09-13,Cubatão,1.649494
2019-09-09,2019-09-13,Mauá,1.666914
2019-09-09,2019-09-13,Paulínia,1.674314
2019-09-09,2019-09-13,São José dos Campos,1.672074
2019-09-09,2019-09-13,Araucária,1.647868
2019-09-09,2019-09-13,Canoas,1.642522
2019-09-16,2019-09-20,Manaus,1.696246
2019-09-16,2019-09-20,Itaqui,1.709912
2019-09-16,2019-09-20,Suape,1.696246
2019-09-16,2019-09-20,Aratu,1.697578
2019-09-16,2019-09-20,Santos,1.738114
2019-09-16,2019-09-20,Paranagua,1.726666
2019-09-16,2019-09-20,Tramandai,1.720304
2019-09-16,2019-09-20,Guamaré,1.752506
2019-09-16,2019-09-20,Duque de Caxias,1.803574
2019-09-16,2019-09-20,Betim,1.810608
2019-09-16,2019-09-20,Cubatão,1.746764
2019-09-16,2019-09-20,Mauá,1.764178
2019-09-16,2019-09-20,Paulínia,1.771578
2019-09-16,2019-09-20,São José dos Campos,1.769338
2019-09-16,2019-09-20,Araucária,1.745232
2019-09-16,2019-09-20,Canoas,1.739654
2019-09-23,2019-09-27,Manaus,1.701888
2019-09-23,2019-09-27,Itaqui,1.715564
2019-09-23,2019-09-27,Suape,1.701888
2019-09-23,2019-09-27,Aratu,1.703242
2019-09-23,2019-09-27,Santos,1.743742
2019-09-23,2019-09-27,Paranagua,1.732258
2019-09-23,2019-09-27,Tramandai,1.725970
2019-09-23,2019-09-27,Guamaré,1.758150
2019-09-23,2019-09-27,Duque de Caxias,1.809198
2019-09-23,2019-09-27,Betim,1.816236
2019-09-23,2019-09-27,Cubatão,1.752388
2019-09-23,2019-09-27,Mauá,1.769804
2019-09-23,2019-09-27,Paulínia,1.777204
2019-09-23,2019-09-27,São José dos Campos,1.774964
2019-09-23,2019-09-27,Araucária,1.750826
2019-09-23,2019-09-27,Canoas,1.745322
2019-09-30,2019-10-04,Manaus,1.621876
2019-09-30,2019-10-04,Itaqui,1.635580
2019-09-30,2019-10-04,Suape,1.621876
2019-09-30,2019-10-04,Aratu,1.623282
2019-09-30,2019-10-04,Santos,1.664508
2019-09-30,2019-10-04,Paranagua,1.652960
2019-09-30,2019-10-04,Tramandai,1.646832
2019-09-30,2019-10-04,Guamaré,1.678136
2019-09-30,2019-10-04,Duque de Caxias,1.729966
2019-09-30,2019-10-04,Betim,1.737000
2019-09-30,2019-10-04,Cubatão,1.673156
2019-09-30,2019-10-04,Mauá,1.690570
2019-09-30,2019-10-04,Paulínia,1.697970
2019-09-30,2019-10-04,São José dos Campos,1.695730
2019-09-30,2019-10-04,Araucária,1.671530
2019-09-30,2019-10-04,Canoas,1.666182
2019-10-07,2019-10-11,Manaus,1.640566
2019-10-07,2019-10-11,Itaqui,1.654320
2019-10-07,2019-10-11,Suape,1.640566
2019-10-07,2019-10-11,Aratu,1.642072
2019-10-07,2019-10-11,Santos,1.687612
2019-10-07,2019-10-11,Paranagua,1.676044
2019-10-07,2019-10-11,Tramandai,1.670026
2019-10-07,2019-10-11,Guamaré,1.696826
2019-10-07,2019-10-11,Duque de Caxias,1.753070
2019-10-07,2019-10-11,Betim,1.760106
2019-10-07,2019-10-11,Cubatão,1.696260
2019-10-07,2019-10-11,Mauá,1.713674
2019-10-07,2019-10-11,Paulínia,1.721074
2019-10-07,2019-10-11,São José dos Campos,1.718834
2019-10-07,2019-10-11,Araucária,1.694610
2019-10-07,2019-10-11,Canoas,1.689376
2019-10-14,2019-10-18,Manaus,1.727456
2019-10-14,2019-10-18,Itaqui,1.741316
2019-10-14,2019-10-18,Suape,1.727456
2019-10-14,2019-10-18,Aratu,1.729178
2019-10-14,2019-10-18,Santos,1.779102
2019-10-14,2019-10-18,Paranagua,1.767336
2019-10-14,2019-10-18,Tramandai,1.761838
2019-10-14,2019-10-18,Guamaré,1.783718
2019-10-14,2019-10-18,Duque de Caxias,1.844562
2019-10-14,2019-10-18,Betim,1.851600
2019-10-14,2019-10-18,Cubatão,1.787752
2019-10-14,2019-10-18,Mauá,1.805168
2019-10-14,2019-10-18,Paulínia,1.812568
2019-10-14,2019-10-18,São José dos Campos,1.810328
2019-10-14,2019-10-18,Araucária,1.785904
2019-10-14,2019-10-18,Canoas,1.781188
2019-10-21,2019-10-25,Manaus,1.707400
2019-10-21,2019-10-25,Itaqui,1.721144
2019-10-21,2019-10-25,Suape,1.707400
2019-10-21,2019-10-25,Aratu,1.708884
2019-10-21,2019-10-25,Santos,1.755378
2019-10-21,2019-10-25,Paranagua,1.743872
2019-10-21,2019-10-25,Tramandai,1.737720
2019-10-21,2019-10-25,Guamaré,1.763660
2019-10-21,2019-10-25,Duque de Caxias,1.820836
2019-10-21,2019-10-25,Betim,1.827872
2019-10-21,2019-10-25,Cubatão,1.764026
2019-10-21,2019-10-25,Mauá,1.781442
2019-10-21,2019-10-25,Paulínia,1.788842
2019-10-21,2019-10-25,São José dos Campos,1.786602
2019-10-21,2019-10-25,Araucária,1.762438
2019-10-21,2019-10-25,Canoas,1.757072
2019-10-28,2019-11-01,Manaus,1.711706
2019-10-28,2019-11-01,Itaqui,1.725428
2019-10-28,2019-11-01,Suape,1.711706
2019-10-28,2019-11-01,Aratu,1.713156
2019-10-28,2019-11-01,Santos,1.758632
2019-10-28,2019-11-01,Paranagua,1.747152
2019-10-28,2019-11-01,Tramandai,1.740928
2019-10-28,2019-11-01,Guamaré,1.767968
2019-10-28,2019-11-01,Duque de Caxias,1.824086
2019-10-28,2019-11-01,Betim,1.831124
2019-10-28,2019-11-01,Cubatão,1.767276
2019-10-28,2019-11-01,Mauá,1.784694
2019-10-28,2019-11-01,Paulínia,1.792094
2019-10-28,2019-11-01,São José dos Campos,1.789854
2019-10-28,2019-11-01,Araucária,1.765718
2019-10-28,2019-11-01,Canoas,1.760278
2019-11-04,2019-11-08,Manaus,1.749092
2019-11-04,2019-11-08,Itaqui,1.762884
2019-11-04,2019-11-08,Suape,1.749092
2019-11-04,2019-11-08,Aratu,1.750674
2019-11-04,2019-11-08,Santos,1.800856
2019-11-04,2019-11-08,Paranagua,1.789316
2019-11-04,2019-11-08,Tramandai,1.783294
2019-11-04,2019-11-08,Guamaré,1.805352
2019-11-04,2019-11-08,Duque de Caxias,1.866310
2019-11-04,2019-11-08,Betim,1.873350
2019-11-04,2019-11-08,Cubatão,1.809500
2019-11-04,2019-11-08,Mauá,1.826920
2019-11-04,2019-11-08,Paulínia,1.834320
2019-11-04,2019-11-08,São José dos Campos,1.832080
2019-11-04,2019-11-08,Araucária,1.807880
2019-11-04,2019-11-08,Canoas,1.802648
2019-11-11,2019-11-15,Manaus,1.781404
2019-11-11,2019-11-15,Itaqui,1.795294
2019-11-11,2019-11-15,Suape,1.781404
2019-11-11,2019-11-15,Aratu,1.783188
2019-11-11,2019-11-15,Santos,1.835686
2019-11-11,2019-11-15,Paranagua,1.823900
2019-11-11,2019-11-15,Tramandai,1.818476
2019-11-11,2019-11-15,Guamaré,1.837664
2019-11-11,2019-11-15,Duque de Caxias,1.901146
2019-11-11,2019-11-15,Betim,1.908178
2019-11-11,2019-11-15,Cubatão,1.844336
2019-11-11,2019-11-15,Mauá,1.861748
2019-11-11,2019-11-15,Paulínia,1.869148
2019-11-11,2019-11-15,São José dos Campos,1.866908
2019-11-11,2019-11-15,Araucária,1.842470
2019-11-11,2019-11-15,Canoas,1.837828
2019-11-18,2019-11-22,Manaus,1.817020
2019-11-18,2019-11-22,Itaqui,1.830916
2019-11-18,2019-11-22,Suape,1.817020
2019-11-18,2019-11-22,Aratu,1.818812
2019-11-18,2019-11-22,Santos,1.870416
2019-11-18,2019-11-22,Paranagua,1.858592
2019-11-18,2019-11-22,Tramandai,1.853248
2019-11-18,2019-11-22,Guamaré,1.873280
2019-11-18,2019-11-22,Duque de Caxias,1.935876
2019-11-18,2019-11-22,Betim,1.942910
2019-11-18,2019-11-22,Cubatão,1.879064
2019-11-18,2019-11-22,Mauá,1.896478
2019-11-18,2019-11-22,Paulínia,1.903878
2019-11-18,2019-11-22,São José dos Campos,1.901638
2019-11-18,2019-11-22,Araucária,1.877158
2019-11-18,2019-11-22,Canoas,1.872598
2019-11-25,2019-11-29,Manaus,1.887197
2019-11-25,2019-11-29,Itaqui,1.901083
2019-11-25,2019-11-29,Suape,1.887197
2019-11-25,2019-11-29,Aratu,1.888973
2019-11-25,2019-11-29,Santos,1.939277
2019-11-25,2019-11-29,Paranagua,1.927437
2019-11-25,2019-11-29,Tramandai,1.922117
2019-11-25,2019-11-29,Guamaré,1.943457
2019-11-25,2019-11-29,Duque de Caxias,2.004737
2019-11-25,2019-11-29,Betim,2.011773
2019-11-25,2019-11-29,Cubatão,1.947927
2019-11-25,2019-11-29,Mauá,1.965340
2019-11-25,2019-11-29,Paulínia,1.972740
2019-11-25,2019-11-29,São José dos Campos,1.970500
2019-11-25,2019-11-29,Araucária,1.946003
2019-11-25,2019-11-29,Canoas,1.941467
2019-12-02,2019-12-06,Manaus,1.787856
2019-12-02,2019-12-06,Itaqui,1.801736
2019-12-02,2019-12-06,Suape,1.787856
2019-12-02,2019-12-06,Aratu,1.789618
2019-12-02,2019-12-06,Santos,1.841122
2019-12-02,2019-12-06,Paranagua,1.829348
2019-12-02,2019-12-06,Tramandai,1.823888
2019-12-02,2019-12-06,Guamaré,1.844122
2019-12-02,2019-12-06,Duque de Caxias,1.906580
2019-12-02,2019-12-06,Betim,1.913616
2019-12-02,2019-12-06,Cubatão,1.849770
2019-12-02,2019-12-06,Mauá,1.867184
2019-12-02,2019-12-06,Paulínia,1.874584
2019-12-02,2019-12-06,São José dos Campos,1.872344
2019-12-02,2019-12-06,Araucária,1.847916
2019-12-02,2019-12-06,Canoas,1.843238
2019-12-09,2019-12-13,Manaus,1.811928
2019-12-09,2019-12-13,Itaqui,1.825838
2019-12-09,2019-12-13,Suape,1.811928
2019-12-09,2019-12-13,Aratu,1.813748
2019-12-09,2019-12-13,Santos,1.867812
2019-12-09,2019-12-13,Paranagua,1.856010
2019-12-09,2019-12-13,Tramandai,1.850642
2019-12-09,2019-12-13,Guamaré,1.868188
2019-12-09,2019-12-13,Duque de Caxias,1.933268
2019-12-09,2019-12-13,Betim,1.940302
2019-12-09,2019-12-13,Cubatão,1.876456
2019-12-09,2019-12-13,Mauá,1.893872
2019-12-09,2019-12-13,Paulínia,1.901272
2019-12-09,2019-12-13,São José dos Campos,1.899032
2019-12-09,2019-12-13,Araucária,1.874578
2019-12-09,2019-12-13,Canoas,1.869994
2019-12-16,2019-12-20,Manaus,1.833946
2019-12-16,2019-12-20,Itaqui,1.847874
2019-12-16,2019-12-20,Suape,1.833946
2019-12-16,2019-12-20,Aratu,1.835804
2019-12-16,2019-12-20,Santos,1.889330
2019-12-16,2019-12-20,Paranagua,1.877454
2019-12-16,2019-12-20,Tramandai,1.872252
2019-12-16,2019-12-20,Guamaré,1.890206
2019-12-16,2019-12-20,Duque de Caxias,1.954784
2019-12-16,2019-12-20,Betim,1.961820
2019-12-16,2019-12-20,Cubatão,1.897972
2019-12-16,2019-12-20,Mauá,1.915390
2019-12-16,2019-12-20,Paulínia,1.922790
2019-12-16,2019-12-20,São José dos Campos,1.920550
2019-12-16,2019-12-20,Araucária,1.896020
2019-12-16,2019-12-20,Canoas,1.891602
2019-12-23,2019-12-27,Manaus,1.872648
2019-12-23,2019-12-27,Itaqui,1.886605
2019-12-23,2019-12-27,Suape,1.872648
2019-12-23,2019-12-27,Aratu,1.874568
2019-12-23,2019-12-27,Santos,1.927973
2019-12-23,2019-12-27,Paranagua,1.916005
2019-12-23,2019-12-27,Tramandai,1.911018
2019-12-23,2019-12-27,Guamaré,1.928908
2019-12-23,2019-12-27,Duque de Caxias,1.993433
2019-12-23,2019-12-27,Betim,2.000465
2019-12-23,2019-12-27,Cubatão,1.936623
2019-12-23,2019-12-27,Mauá,1.954033
2019-12-23,2019-12-27,Paulínia,1.961433
2019-12-23,2019-12-27,São José dos Campos,1.959193
2019-12-23,2019-12-27,Araucária,1.934570
2019-12-23,2019-12-27,Canoas,1.930370
2019-12-30,2020-01-03,Manaus,1.837683
2019-12-30,2020-01-03,Itaqui,1.851668
2019-12-30,2020-01-03,Suape,1.837683
2019-12-30,2020-01-03,Aratu,1.839658
2019-12-30,2020-01-03,Santos,1.894080
2019-12-30,2020-01-03,Paranagua,1.881873
2019-12-30,2020-01-03,Tramandai,1.877610
2019-12-30,2020-01-03,Guamaré,1.893943
2019-12-30,2020-01-03,Duque de Caxias,1.959535
2019-12-30,2020-01-03,Betim,1.966573
2019-12-30,2020-01-03,Cubatão,1.902725
2019-12-30,2020-01-03,Mauá,1.920143
2019-12-30,2020-01-03,Paulínia,1.927543
2019-12-30,2020-01-03,São José dos Campos,1.925303
2019-12-30,2020-01-03,Araucária,1.900440
2019-12-30,2020-01-03,Canoas,1.896960
2020-01-06,2020-01-10,Manaus,1.799836
2020-01-06,2020-01-10,Itaqui,1.813916
2020-01-06,2020-01-10,Suape,1.799836
2020-01-06,2020-01-10,Aratu,1.802000
2020-01-06,2020-01-10,Santos,1.860792
2020-01-06,2020-01-10,Paranagua,1.848204
2020-01-06,2020-01-10,Tramandai,1.845072
2020-01-06,2020-01-10,Guamaré,1.856098
2020-01-06,2020-01-10,Duque de Caxias,1.926248
2020-01-06,2020-01-10,Betim,1.933284
2020-01-06,2020-01-10,Cubatão,1.869438
2020-01-06,2020-01-10,Mauá,1.886854
2020-01-06,2020-01-10,Paulínia,1.894254
2020-01-06,2020-01-10,São José dos Campos,1.892014
2020-01-06,2020-01-10,Araucária,1.866768
2020-01-06,2020-01-10,Canoas,1.864422
2020-01-13,2020-01-17,Manaus,1.785022
2020-01-13,2020-01-17,Itaqui,1.799218
2020-01-13,2020-01-17,Suape,1.785022
2020-01-13,2020-01-17,Aratu,1.787414
2020-01-13,2020-01-17,Santos,1.854378
2020-01-13,2020-01-17,Paranagua,1.841592
2020-01-13,2020-01-17,Tramandai,1.839110
2020-01-13,2020-01-17,Guamaré,1.841284
2020-01-13,2020-01-17,Duque de Caxias,1.919836
2020-01-13,2020-01-17,Betim,1.926872
2020-01-13,2020-01-17,Cubatão,1.863026
2020-01-13,2020-01-17,Mauá,1.880442
2020-01-13,2020-01-17,Paulínia,1.887840
2020-01-13,2020-01-17,São José dos Campos,1.885600
2020-01-13,2020-01-17,Araucária,1.860162
2020-01-13,2020-01-17,Canoas,1.858460
2020-01-20,2020-01-24,Manaus,1.751238
2020-01-20,2020-01-24,Itaqui,1.765510
2020-01-20,2020-01-24,Suape,1.751238
2020-01-20,2020-01-24,Aratu,1.753788
2020-01-20,2020-01-24,Santos,1.822388
2020-01-20,2020-01-24,Paranagua,1.809395
2020-01-20,2020-01-24,Tramandai,1.807430
2020-01-20,2020-01-24,Guamaré,1.807498
2020-01-20,2020-01-24,Duque de Caxias,1.887848
2020-01-20,2020-01-24,Betim,1.894885
2020-01-20,2020-01-24,Cubatão,1.831038
2020-01-20,2020-01-24,Mauá,1.848455
2020-01-20,2020-01-24,Paulínia,1.855855
2020-01-20,2020-01-24,São José dos Campos,1.853615
2020-01-20,2020-01-24,Araucária,1.827963
2020-01-20,2020-01-24,Canoas,1.826780
2020-01-27,2020-01-31,Manaus,1.662984
2020-01-27,2020-01-31,Itaqui,1.677112
2020-01-27,2020-01-31,Suape,1.662984
2020-01-27,2020-01-31,Aratu,1.665240
2020-01-27,2020-01-31,Santos,1.729618
2020-01-27,2020-01-31,Paranagua,1.716992
2020-01-27,2020-01-31,Tramandai,1.714080
2020-01-27,2020-01-31,Guamaré,1.719246
2020-01-27,2020-01-31,Duque de Caxias,1.795076
2020-01-27,2020-01-31,Betim,1.802112
2020-01-27,2020-01-31,Cubatão,1.738266
2020-01-27,2020-01-31,Mauá,1.755682
2020-01-27,2020-01-31,Paulínia,1.763080
2020-01-27,2020-01-31,São José dos Campos,1.760840
2020-01-27,2020-01-31,Araucária,1.735560
2020-01-27,2020-01-31,Canoas,1.733432
2020-02-03,2020-02-07,Manaus,1.634184
2020-02-03,2020-02-07,Itaqui,1.648024
2020-02-03,2020-02-07,Suape,1.634184
2020-02-03,2020-02-07,Aratu,1.635860
2020-02-03,2020-02-07,Santos,1.688416
2020-02-03,2020-02-07,Paranagua,1.676460
2020-02-03,2020-02-07,Tramandai,1.671726
2020-02-03,2020-02-07,Guamaré,1.690448
2020-02-03,2020-02-07,Duque de Caxias,1.753876
2020-02-03,2020-02-07,Betim,1.760908
2020-02-03,2020-02-07,Cubatão,1.697066
2020-02-03,2020-02-07,Mauá,1.714478
2020-02-03,2020-02-07,Paulínia,1.721878
2020-02-03,2020-02-07,São José dos Campos,1.719638
2020-02-03,2020-02-07,Araucária,1.695028
2020-02-03,2020-02-07,Canoas,1.691078
2020-02-10,2020-02-14,Manaus,1.724834
2020-02-10,2020-02-14,Itaqui,1.738616
2020-02-10,2020-02-14,Suape,1.724834
2020-02-10,2020-02-14,Aratu,1.726400
2020-02-10,2020-02-14,Santos,1.774162
2020-02-10,2020-02-14,Paranagua,1.762282
2020-02-10,2020-02-14,Tramandai,1.757262
2020-02-10,2020-02-14,Guamaré,1.781094
2020-02-10,2020-02-14,Duque de Caxias,1.839620
2020-02-10,2020-02-14,Betim,1.846656
2020-02-10,2020-02-14,Cubatão,1.782810
2020-02-10,2020-02-14,Mauá,1.800226
2020-02-10,2020-02-14,Paulínia,1.807626
2020-02-10,2020-02-14,São José dos Campos,1.805386
2020-02-10,2020-02-14,Araucária,1.780850
2020-02-10,2020-02-14,Canoas,1.776614
2020-02-17,2020-02-21,Manaus,1.839078
2020-02-17,2020-02-21,Itaqui,1.852888
2020-02-17,2020-02-21,Suape,1.839078
2020-02-17,2020-02-21,Aratu,1.840703
2020-02-17,2020-02-21,Santos,1.888380
2020-02-17,2020-02-21,Paranagua,1.876410
2020-02-17,2020-02-21,Tramandai,1.871598
2020-02-17,2020-02-21,Guamaré,1.895340
2020-02-17,2020-02-21,Duque de Caxias,1.953840
2020-02-17,2020-02-21,Betim,1.960878
2020-02-17,2020-02-21,Cubatão,1.897028
2020-02-17,2020-02-21,Mauá,1.914448
2020-02-17,2020-02-21,Paulínia,1.921848
2020-02-17,2020-02-21,São José dos Campos,1.919608
2020-02-17,2020-02-21,Araucária,1.894978
2020-02-17,2020-02-21,Canoas,1.890953
2020-02-24,2020-02-28,Manaus,1.730464
2020-02-24,2020-02-28,Itaqui,1.744346
2020-02-24,2020-02-28,Suape,1.730464
2020-02-24,2020-02-28,Aratu,1.732228
2020-02-24,2020-02-28,Santos,1.783374
2020-02-24,2020-02-28,Paranagua,1.771264
2020-02-24,2020-02-28,Tramandai,1.766854
2020-02-24,2020-02-28,Guamaré,1.786730
2020-02-24,2020-02-28,Duque de Caxias,1.848834
2020-02-24,2020-02-28,Betim,1.855866
2020-02-24,2020-02-28,Cubatão,1.792024
2020-02-24,2020-02-28,Mauá,1.809436
2020-02-24,2020-02-28,Paulínia,1.816836
2020-02-24,2020-02-28,São José dos Campos,1.814596
2020-02-24,2020-02-28,Araucária,1.789832
2020-02-24,2020-02-28,Canoas,1.786206
2020-03-02,2020-03-06,Manaus,1.633466
2020-03-02,2020-03-06,Itaqui,1.647502
2020-03-02,2020-03-06,Suape,1.633466
2020-03-02,2020-03-06,Aratu,1.635538
2020-03-02,2020-03-06,Santos,1.693990
2020-03-02,2020-03-06,Paranagua,1.681534
2020-03-02,2020-03-06,Tramandai,1.678090
2020-03-02,2020-03-06,Guamaré,1.689728
2020-03-02,2020-03-06,Duque de Caxias,1.759448
2020-03-02,2020-03-06,Betim,1.766484
2020-03-02,2020-03-06,Cubatão,1.702638
2020-03-02,2020-03-06,Mauá,1.720052
2020-03-02,2020-03-06,Paulínia,1.727452
2020-03-02,2020-03-06,São José dos Campos,1.725212
2020-03-02,2020-03-06,Araucária,1.700102
2020-03-02,2020-03-06,Canoas,1.697440
2020-03-09,2020-03-13,Manaus,1.220940
2020-03-09,2020-03-13,Itaqui,1.235144
2020-03-09,2020-03-13,Suape,1.220940
2020-03-09,2020-03-13,Aratu,1.223348
2020-03-09,2020-03-13,Santos,1.285318
2020-03-09,2020-03-13,Paranagua,1.272422
2020-03-09,2020-03-13,Tramandai,1.270078
2020-03-09,2020-03-13,Guamaré,1.277202
2020-03-09,2020-03-13,Duque de Caxias,1.350776
2020-03-09,2020-03-13,Betim,1.357812
2020-03-09,2020-03-13,Cubatão,1.293966
2020-03-09,2020-03-13,Mauá,1.311380
2020-03-09,2020-03-13,Paulínia,1.318780
2020-03-09,2020-03-13,São José dos Campos,1.316540
2020-03-09,2020-03-13,Araucária,1.290986
2020-03-09,2020-03-13,Canoas,1.289430
2020-03-16,2020-03-20,Manaus,0.745932
2020-03-16,2020-03-20,Itaqui,0.760080
2020-03-16,2020-03-20,Suape,0.745932
2020-03-16,2020-03-20,Aratu,0.748228
2020-03-16,2020-03-20,Santos,0.808354
2020-03-16,2020-03-20,Paranagua,0.795588
2020-03-16,2020-03-20,Tramandai,0.792900
2020-03-16,2020-03-20,Guamaré,0.802194
2020-03-16,2020-03-20,Duque de Caxias,0.873810
2020-03-16,2020-03-20,Betim,0.880846
2020-03-16,2020-03-20,Cubatão,0.817000
2020-03-16,2020-03-20,Mauá,0.834416
2020-03-16,2020-03-20,Paulínia,0.841816
2020-03-16,2020-03-20,São José dos Campos,0.839576
2020-03-16,2020-03-20,Araucária,0.814154
2020-03-16,2020-03-20,Canoas,0.812250
2020-03-23,2020-03-27,Manaus,0.619046
2020-03-23,2020-03-27,Itaqui,0.633018
2020-03-23,2020-03-27,Suape,0.619046
2020-03-23,2020-03-27,Aratu,0.620990
2020-03-23,2020-03-27,Santos,0.673764
2020-03-23,2020-03-27,Paranagua,0.661394
2020-03-23,2020-03-27,Tramandai,0.657614
2020-03-23,2020-03-27,Guamaré,0.675306
2020-03-23,2020-03-27,Duque de Caxias,0.739222
2020-03-23,2020-03-27,Betim,0.746260
2020-03-23,2020-03-27,Cubatão,0.682410
2020-03-23,2020-03-27,Mauá,0.699826
2020-03-23,2020-03-27,Paulínia,0.707226
2020-03-23,2020-03-27,São José dos Campos,0.704986
2020-03-23,2020-03-27,Araucária,0.679964
2020-03-23,2020-03-27,Canoas,0.676966
2020-03-30,2020-04-03,Manaus,0.683016
2020-03-30,2020-04-03,Itaqui,0.696950
2020-03-30,2020-04-03,Suape,0.683016
2020-03-30,2020-04-03,Aratu,0.684884
2020-03-30,2020-04-03,Santos,0.736560
2020-03-30,2020-04-03,Paranagua,0.724292
2020-03-30,2020-04-03,Tramandai,0.720260
2020-03-30,2020-04-03,Guamaré,0.739278
2020-03-30,2020-04-03,Duque de Caxias,0.802018
2020-03-30,2020-04-03,Betim,0.809052
2020-03-30,2020-04-03,Cubatão,0.745206
2020-03-30,2020-04-03,Mauá,0.762622
2020-03-30,2020-04-03,Paulínia,0.770022
2020-03-30,2020-04-03,São José dos Campos,0.767782
2020-03-30,2020-04-03,Araucária,0.742852
2020-03-30,2020-04-03,Canoas,0.739610
2020-04-06,2020-04-09,Manaus,0.767568
2020-04-06,2020-04-09,Itaqui,0.781508
2020-04-06,2020-04-09,Suape,0.767568
2020-04-06,2020-04-09,Aratu,0.769443
2020-04-06,2020-04-09,Santos,0.820668
2020-04-06,2020-04-09,Paranagua,0.808378
2020-04-06,2020-04-09,Tramandai,0.804378
2020-04-06,2020-04-09,Guamaré,0.823835
2020-04-06,2020-04-09,Duque de Caxias,0.886123
2020-04-06,2020-04-09,Betim,0.893158
2020-04-06,2020-04-09,Cubatão,0.829313
2020-04-06,2020-04-09,Mauá,0.846728
2020-04-06,2020-04-09,Paulínia,0.854128
2020-04-06,2020-04-09,São José dos Campos,0.851888
2020-04-06,2020-04-09,Araucária,0.826945
2020-04-06,2020-04-09,Canoas,0.823728
2020-04-13,2020-04-17,Manaus,0.809246
2020-04-13,2020-04-17,Itaqui,0.823340
2020-04-13,2020-04-17,Suape,0.809246
2020-04-13,2020-04-17,Aratu,0.811438
2020-04-13,2020-04-17,Santos,0.867388
2020-04-13,2020-04-17,Paranagua,0.854704
2020-04-13,2020-04-17,Tramandai,0.851730
2020-04-13,2020-04-17,Guamaré,0.865506
2020-04-13,2020-04-17,Duque de Caxias,0.932848
2020-04-13,2020-04-17,Betim,0.939880
2020-04-13,2020-04-17,Cubatão,0.876038
2020-04-13,2020-04-17,Mauá,0.893450
2020-04-13,2020-04-17,Paulínia,0.900850
2020-04-13,2020-04-17,São José dos Campos,0.898610
2020-04-13,2020-04-17,Araucária,0.873272
2020-04-13,2020-04-17,Canoas,0.871080
2020-04-20,2020-04-24,Manaus,0.792114
2020-04-20,2020-04-24,Itaqui,0.806978
2020-04-20,2020-04-24,Suape,0.792114
2020-04-20,2020-04-24,Aratu,0.795848
2020-04-20,2020-04-24,Santos,0.886290
2020-04-20,2020-04-24,Paranagua,0.871892
2020-04-20,2020-04-24,Tramandai,0.873674
2020-04-20,2020-04-24,Guamaré,0.848374
2020-04-20,2020-04-24,Duque de Caxias,0.951748
2020-04-20,2020-04-24,Betim,0.958784
2020-04-20,2020-04-24,Cubatão,0.894938
2020-04-20,2020-04-24,Mauá,0.912354
2020-04-20,2020-04-24,Paulínia,0.919754
2020-04-20,2020-04-24,São José dos Campos,0.917514
2020-04-20,2020-04-24,Araucária,0.890456
2020-04-20,2020-04-24,Canoas,0.893028
2020-04-27,2020-05-01,Manaus,0.911526
2020-04-27,2020-05-01,Itaqui,0.926802
2020-04-27,2020-05-01,Suape,0.911526
2020-04-27,2020-05-01,Aratu,0.916076
2020-04-27,2020-05-01,Santos,1.016818
2020-04-27,2020-05-01,Paranagua,1.001358
2020-04-27,2020-05-01,Tramandai,1.005822
2020-04-27,2020-05-01,Guamaré,0.989342
2020-04-27,2020-05-01,Duque de Caxias,1.107488
2020-04-27,2020-05-01,Betim,1.117528
2020-04-27,2020-05-01,Cubatão,1.031050
2020-04-27,2020-05-01,Mauá,1.048670
2020-04-27,2020-05-01,Paulínia,1.063610
2020-04-27,2020-05-01,São José dos Campos,1.058932
2020-04-27,2020-05-01,Araucária,1.028852
2020-04-27,2020-05-01,Canoas,1.033896
2020-05-04,2020-05-08,Manaus,1.208048
2020-05-04,2020-05-08,Itaqui,1.222506
2020-05-04,2020-05-08,Suape,1.208048
2020-05-04,2020-05-08,Aratu,1.210966
2020-05-04,2020-05-08,Santos,1.282336
2020-05-04,2020-05-08,Paranagua,1.268830
2020-05-04,2020-05-08,Tramandai,1.268112
2020-05-04,2020-05-08,Guamaré,1.377802
2020-05-04,2020-05-08,Duque de Caxias,1.480546
2020-05-04,2020-05-08,Betim,1.503364
2020-05-04,2020-05-08,Cubatão,1.320186
2020-05-04,2020-05-08,Mauá,1.339266
2020-05-04,2020-05-08,Paulínia,1.385936
2020-05-04,2020-05-08,São José dos Campos,1.371002
2020-05-04,2020-05-08,Araucária,1.334234
2020-05-04,2020-05-08,Canoas,1.333286
2020-05-11,2020-05-15,Manaus,1.297110
2020-05-11,2020-05-15,Itaqui,1.311192
2020-05-11,2020-05-15,Suape,1.297110
2020-05-11,2020-05-15,Aratu,1.299278
2020-05-11,2020-05-15,Santos,1.355918
2020-05-11,2020-05-15,Paranagua,1.343282
2020-05-11,2020-05-15,Tramandai,1.340210
2020-05-11,2020-05-15,Guamaré,1.472416
2020-05-11,2020-05-15,Duque de Caxias,1.560606
2020-05-11,2020-05-15,Betim,1.584174
2020-05-11,2020-05-15,Cubatão,1.395002
2020-05-11,2020-05-15,Mauá,1.414706
2020-05-11,2020-05-15,Paulínia,1.462904
2020-05-11,2020-05-15,São José dos Campos,1.447480
2020-05-11,2020-05-15,Araucária,1.410824
2020-05-11,2020-05-15,Canoas,1.407516
2020-05-18,2020-05-22,Manaus,1.409870
2020-05-18,2020-05-22,Itaqui,1.423874
2020-05-18,2020-05-22,Suape,1.409870
2020-05-18,2020-05-22,Aratu,1.412878
2020-05-18,2020-05-22,Santos,1.467726
2020-05-18,2020-05-22,Paranagua,1.454266
2020-05-18,2020-05-22,Tramandai,1.453702
2020-05-18,2020-05-22,Guamaré,1.578872
2020-05-18,2020-05-22,Duque de Caxias,1.665058
2020-05-18,2020-05-22,Betim,1.687774
2020-05-18,2020-05-22,Cubatão,1.505410
2020-05-18,2020-05-22,Mauá,1.524402
2020-05-18,2020-05-22,Paulínia,1.570866
2020-05-18,2020-05-22,São José dos Campos,1.556000
2020-05-18,2020-05-22,Araucária,1.519384
2020-05-18,2020-05-22,Canoas,1.518590
2020-05-25,2020-05-29,Manaus,1.340570
2020-05-25,2020-05-29,Itaqui,1.354570
2020-05-25,2020-05-29,Suape,1.340570
2020-05-25,2020-05-29,Aratu,1.343565
2020-05-25,2020-05-29,Santos,1.398523
2020-05-25,2020-05-29,Paranagua,1.385083
2020-05-25,2020-05-29,Tramandai,1.384465
2020-05-25,2020-05-29,Guamaré,1.500040
2020-05-25,2020-05-29,Duque de Caxias,1.584715
2020-05-25,2020-05-29,Betim,1.606155
2020-05-25,2020-05-29,Cubatão,1.434078
2020-05-25,2020-05-29,Mauá,1.451998
2020-05-25,2020-05-29,Paulínia,1.495845
2020-05-25,2020-05-29,São José dos Campos,1.481813
2020-05-25,2020-05-29,Araucária,1.446530
2020-05-25,2020-05-29,Canoas,1.445693
2020-06-01,2020-06-05,Manaus,1.391448
2020-06-01,2020-06-05,Itaqui,1.405430
2020-06-01,2020-06-05,Suape,1.391448
2020-06-01,2020-06-05,Aratu,1.394392
2020-06-01,2020-06-05,Santos,1.448748
2020-06-01,2020-06-05,Paranagua,1.435368
2020-06-01,2020-06-05,Tramandai,1.434600
2020-06-01,2020-06-05,Guamaré,1.545388
2020-06-01,2020-06-05,Duque de Caxias,1.628494
2020-06-01,2020-06-05,Betim,1.649188
2020-06-01,2020-06-05,Cubatão,1.483072
2020-06-01,2020-06-05,Mauá,1.500376
2020-06-01,2020-06-05,Paulínia,1.542698
2020-06-01,2020-06-05,São José dos Campos,1.529154
2020-06-01,2020-06-05,Araucária,1.494680
2020-06-01,2020-06-05,Canoas,1.493702
2020-06-08,2020-06-12,Manaus,1.458646
2020-06-08,2020-06-12,Itaqui,1.472560
2020-06-08,2020-06-12,Suape,1.458646
2020-06-08,2020-06-12,Aratu,1.461384
2020-06-08,2020-06-12,Santos,1.512458
2020-06-08,2020-06-12,Paranagua,1.499294
2020-06-08,2020-06-12,Tramandai,1.497902
2020-06-08,2020-06-12,Guamaré,1.606378
2020-06-08,2020-06-12,Duque de Caxias,1.684950
2020-06-08,2020-06-12,Betim,1.704810
2020-06-08,2020-06-12,Cubatão,1.545398
2020-06-08,2020-06-12,Mauá,1.562000
2020-06-08,2020-06-12,Paulínia,1.602616
2020-06-08,2020-06-12,São José dos Campos,1.589622
2020-06-08,2020-06-12,Araucária,1.556214
2020-06-08,2020-06-12,Canoas,1.554622
2020-06-15,2020-06-19,Manaus,1.555876
2020-06-15,2020-06-19,Itaqui,1.569772
2020-06-15,2020-06-19,Suape,1.555876
2020-06-15,2020-06-19,Aratu,1.558570
2020-06-15,2020-06-19,Santos,1.606036
2020-06-15,2020-06-19,Paranagua,1.592866
2020-06-15,2020-06-19,Tramandai,1.591396
2020-06-15,2020-06-19,Guamaré,1.712374
2020-06-15,2020-06-19,Duque de Caxias,1.788768
2020-06-15,2020-06-19,Betim,1.809806
2020-06-15,2020-06-19,Cubatão,1.640928
2020-06-15,2020-06-19,Mauá,1.658516
2020-06-15,2020-06-19,Paulínia,1.701546
2020-06-15,2020-06-19,São José dos Campos,1.687776
2020-06-15,2020-06-19,Araucária,1.653160
2020-06-15,2020-06-19,Canoas,1.651478
2020-06-22,2020-06-26,Manaus,1.639032
2020-06-22,2020-06-26,Itaqui,1.652932
2020-06-22,2020-06-26,Suape,1.639032
2020-06-22,2020-06-26,Aratu,1.641732
2020-06-22,2020-06-26,Santos,1.687796
2020-06-22,2020-06-26,Paranagua,1.674592
2020-06-22,2020-06-26,Tramandai,1.673164
2020-06-22,2020-06-26,Guamaré,1.797478
2020-06-22,2020-06-26,Duque de Caxias,1.872796
2020-06-22,2020-06-26,Betim,1.894096
2020-06-22,2020-06-26,Cubatão,1.723124
2020-06-22,2020-06-26,Mauá,1.740930
2020-06-22,2020-06-26,Paulínia,1.784490
2020-06-22,2020-06-26,São José dos Campos,1.770552
2020-06-22,2020-06-26,Araucária,1.735642
2020-06-22,2020-06-26,Canoas,1.733998
2020-06-29,2020-07-02,Manaus,1.597638
2020-06-29,2020-07-02,Itaqui,1.611605
2020-06-29,2020-07-02,Suape,1.597638
2020-06-29,2020-07-02,Aratu,1.600540
2020-06-29,2020-07-02,Santos,1.649400
2020-06-29,2020-07-02,Paranagua,1.635973
2020-06-29,2020-07-02,Tramandai,1.635178
2020-06-29,2020-07-02,Guamaré,1.758515
2020-06-29,2020-07-02,Duque de Caxias,1.837243
2020-06-29,2020-07-02,Betim,1.858868
2020-06-29,2020-07-02,Cubatão,1.685273
2020-06-29,2020-07-02,Mauá,1.703353
2020-06-29,2020-07-02,Paulínia,1.747583
2020-06-29,2020-07-02,São José dos Campos,1.733428
2020-06-29,2020-07-02,Araucária,1.697953
2020-06-29,2020-07-02,Canoas,1.696943
2020-07-06,2020-07-10,Manaus,1.687780
2020-07-06,2020-07-10,Itaqui,1.701720
2020-07-06,2020-07-10,Suape,1.687780
2020-07-06,2020-07-10,Aratu,1.690606
2020-07-06,2020-07-10,Santos,1.740304
2020-07-06,2020-07-10,Paranagua,1.726992
2020-07-06,2020-07-10,Tramandai,1.725928
2020-07-06,2020-07-10,Guamaré,1.847622
2020-07-06,2020-07-10,Duque de Caxias,1.926936
2020-07-06,2020-07-10,Betim,1.948426
2020-07-06,2020-07-10,Cubatão,1.775940
2020-07-06,2020-07-10,Mauá,1.793906
2020-07-06,2020-07-10,Paulínia,1.837852
2020-07-06,2020-07-10,São José dos Campos,1.823790
2020-07-06,2020-07-10,Araucária,1.788576
2020-07-06,2020-07-10,Canoas,1.787294
2020-07-13,2020-07-17,Manaus,1.689334
2020-07-13,2020-07-17,Itaqui,1.703296
2020-07-13,2020-07-17,Suape,1.689334
2020-07-13,2020-07-17,Aratu,1.692222
2020-07-13,2020-07-17,Santos,1.751528
2020-07-13,2020-07-17,Paranagua,1.738314
2020-07-13,2020-07-17,Tramandai,1.737268
2020-07-13,2020-07-17,Guamaré,1.849328
2020-07-13,2020-07-17,Duque de Caxias,1.938342
2020-07-13,2020-07-17,Betim,1.959850
2020-07-13,2020-07-17,Cubatão,1.787202
2020-07-13,2020-07-17,Mauá,1.805184
2020-07-13,2020-07-17,Paulínia,1.849172
2020-07-13,2020-07-17,São José dos Campos,1.835100
2020-07-13,2020-07-17,Araucária,1.799958
2020-07-13,2020-07-17,Canoas,1.798696
2020-07-20,2020-07-24,Manaus,1.642260
2020-07-20,2020-07-24,Itaqui,1.656360
2020-07-20,2020-07-24,Suape,1.642260
2020-07-20,2020-07-24,Aratu,1.645554
2020-07-20,2020-07-24,Santos,1.707948
2020-07-20,2020-07-24,Paranagua,1.694240
2020-07-20,2020-07-24,Tramandai,1.694484
2020-07-20,2020-07-24,Guamaré,1.797514
2020-07-20,2020-07-24,Duque de Caxias,1.889222
2020-07-20,2020-07-24,Betim,1.910092
2020-07-20,2020-07-24,Cubatão,1.742564
2020-07-20,2020-07-24,Mauá,1.760012
2020-07-20,2020-07-24,Paulínia,1.802698
2020-07-20,2020-07-24,São José dos Campos,1.789036
2020-07-20,2020-07-24,Araucária,1.754060
2020-07-20,2020-07-24,Canoas,1.754090
2020-07-27,2020-07-31,Manaus,1.609140
2020-07-27,2020-07-31,Itaqui,1.623164
2020-07-27,2020-07-31,Suape,1.609140
2020-07-27,2020-07-31,Aratu,1.612210
2020-07-27,2020-07-31,Santos,1.669336
2020-07-27,2020-07-31,Paranagua,1.655832
2020-07-27,2020-07-31,Tramandai,1.655434
2020-07-27,2020-07-31,Guamaré,1.763552
2020-07-27,2020-07-31,Duque de Caxias,1.849624
2020-07-27,2020-07-31,Betim,1.870384
2020-07-27,2020-07-31,Cubatão,1.703762
2020-07-27,2020-07-31,Mauá,1.721116
2020-07-27,2020-07-31,Paulínia,1.763568
2020-07-27,2020-07-31,São José dos Campos,1.749982
2020-07-27,2020-07-31,Araucária,1.715322
2020-07-27,2020-07-31,Canoas,1.714716
2020-08-03,2020-08-07,Manaus,1.598146
2020-08-03,2020-08-07,Itaqui,1.612164
2020-08-03,2020-08-07,Suape,1.598146
2020-08-03,2020-08-07,Aratu,1.601198
2020-08-03,2020-08-07,Santos,1.656474
2020-08-03,2020-08-07,Paranagua,1.642962
2020-08-03,2020-08-07,Tramandai,1.642534
2020-08-03,2020-08-07,Guamaré,1.757672
2020-08-03,2020-08-07,Duque de Caxias,1.842736
2020-08-03,2020-08-07,Betim,1.864180
2020-08-03,2020-08-07,Cubatão,1.692042
2020-08-03,2020-08-07,Mauá,1.709970
2020-08-03,2020-08-07,Paulínia,1.753828
2020-08-03,2020-08-07,São José dos Campos,1.739796
2020-08-03,2020-08-07,Araucária,1.704424
2020-08-03,2020-08-07,Canoas,1.703780
2020-08-10,2020-08-14,Manaus,1.694842
2020-08-10,2020-08-14,Itaqui,1.708946
2020-08-10,2020-08-14,Suape,1.694842
2020-08-10,2020-08-14,Aratu,1.698162
2020-08-10,2020-08-14,Santos,1.758660
2020-08-10,2020-08-14,Paranagua,1.744878
2020-08-10,2020-08-14,Tramandai,1.745250
2020-08-10,2020-08-14,Guamaré,1.857006
2020-08-10,2020-08-14,Duque de Caxias,1.948002
2020-08-10,2020-08-14,Betim,1.969802
2020-08-10,2020-08-14,Cubatão,1.794814
2020-08-10,2020-08-14,Mauá,1.813038
2020-08-10,2020-08-14,Paulínia,1.857624
2020-08-10,2020-08-14,São José dos Campos,1.843358
2020-08-10,2020-08-14,Araucária,1.807362
2020-08-10,2020-08-14,Canoas,1.807510
2020-08-17,2020-08-21,Manaus,1.805232
2020-08-17,2020-08-21,Itaqui,1.819488
2020-08-17,2020-08-21,Suape,1.805232
2020-08-17,2020-08-21,Aratu,1.808998
2020-08-17,2020-08-21,Santos,1.872554
2020-08-17,2020-08-21,Paranagua,1.858222
2020-08-17,2020-08-21,Tramandai,1.860038
2020-08-17,2020-08-21,Guamaré,1.970706
2020-08-17,2020-08-21,Duque de Caxias,2.065762
2020-08-17,2020-08-21,Betim,2.088006
2020-08-17,2020-08-21,Cubatão,1.909448
2020-08-17,2020-08-21,Mauá,1.928046
2020-08-17,2020-08-21,Paulínia,1.973540
2020-08-17,2020-08-21,São José dos Campos,1.958986
2020-08-17,2020-08-21,Araucária,1.921976
2020-08-17,2020-08-21,Canoas,1.923566
2020-08-24,2020-08-28,Manaus,1.875398
2020-08-24,2020-08-28,Itaqui,1.889530
2020-08-24,2020-08-28,Suape,1.875398
2020-08-24,2020-08-28,Aratu,1.878790
2020-08-24,2020-08-28,Santos,1.937366
2020-08-24,2020-08-28,Paranagua,1.923448
2020-08-24,2020-08-28,Tramandai,1.924106
2020-08-24,2020-08-28,Guamaré,2.041094
2020-08-24,2020-08-28,Duque de Caxias,2.130836
2020-08-24,2020-08-28,Betim,2.153112
2020-08-24,2020-08-28,Cubatão,1.974310
2020-08-24,2020-08-28,Mauá,1.992932
2020-08-24,2020-08-28,Paulínia,2.038490
2020-08-24,2020-08-28,São José dos Campos,2.023912
2020-08-24,2020-08-28,Araucária,1.987288
2020-08-24,2020-08-28,Canoas,1.987724
2020-08-31,2020-09-04,Manaus,1.757864
2020-08-31,2020-09-04,Itaqui,1.771788
2020-08-31,2020-09-04,Suape,1.757864
2020-08-31,2020-09-04,Aratu,1.760638
2020-08-31,2020-09-04,Santos,1.811136
2020-08-31,2020-09-04,Paranagua,1.797914
2020-08-31,2020-09-04,Tramandai,1.796650
2020-08-31,2020-09-04,Guamaré,1.918078
2020-08-31,2020-09-04,Duque de Caxias,1.998202
2020-08-31,2020-09-04,Betim,2.019738
2020-08-31,2020-09-04,Cubatão,1.846856
2020-08-31,2020-09-04,Mauá,1.864864
2020-08-31,2020-09-04,Paulínia,1.908912
2020-08-31,2020-09-04,São José dos Campos,1.894818
2020-08-31,2020-09-04,Araucária,1.859640
2020-08-31,2020-09-04,Canoas,1.858160
2020-09-07,2020-09-11,Manaus,1.604355
2020-09-07,2020-09-11,Itaqui,1.618218
2020-09-07,2020-09-11,Suape,1.604355
2020-09-07,2020-09-11,Aratu,1.606940
2020-09-07,2020-09-11,Santos,1.653273
2020-09-07,2020-09-11,Paranagua,1.640230
2020-09-07,2020-09-11,Tramandai,1.638413
2020-09-07,2020-09-11,Guamaré,1.763353
2020-09-07,2020-09-11,Duque de Caxias,1.838913
2020-09-07,2020-09-11,Betim,1.860285
2020-09-07,2020-09-11,Cubatão,1.688720
2020-09-07,2020-09-11,Mauá,1.706590
2020-09-07,2020-09-11,Paulínia,1.750303
2020-09-07,2020-09-11,São José dos Campos,1.736318
2020-09-07,2020-09-11,Araucária,1.701488
2020-09-07,2020-09-11,Canoas,1.699455
2020-09-14,2020-09-18,Manaus,1.616958
2020-09-14,2020-09-18,Itaqui,1.630812
2020-09-14,2020-09-18,Suape,1.616958
2020-09-14,2020-09-18,Aratu,1.619520
2020-09-14,2020-09-18,Santos,1.662492
2020-09-14,2020-09-18,Paranagua,1.649416
2020-09-14,2020-09-18,Tramandai,1.647590
2020-09-14,2020-09-18,Guamaré,1.774514
2020-09-14,2020-09-18,Duque de Caxias,1.846456
2020-09-14,2020-09-18,Betim,1.867634
2020-09-14,2020-09-18,Cubatão,1.697620
2020-09-14,2020-09-18,Mauá,1.715326
2020-09-14,2020-09-18,Paulínia,1.758642
2020-09-14,2020-09-18,São José dos Campos,1.744784
2020-09-14,2020-09-18,Araucária,1.710118
2020-09-14,2020-09-18,Canoas,1.708080
2020-09-21,2020-09-25,Manaus,1.726672
2020-09-21,2020-09-25,Itaqui,1.740562
2020-09-21,2020-09-25,Suape,1.726672
2020-09-21,2020-09-25,Aratu,1.729342
2020-09-21,2020-09-25,Santos,1.773188
2020-09-21,2020-09-25,Paranagua,1.759978
2020-09-21,2020-09-25,Tramandai,1.758506
2020-09-21,2020-09-25,Guamaré,1.890978
2020-09-21,2020-09-25,Duque de Caxias,1.965032
2020-09-21,2020-09-25,Betim,1.987120
2020-09-21,2020-09-25,Cubatão,1.809820
2020-09-21,2020-09-25,Mauá,1.828288
2020-09-21,2020-09-25,Paulínia,1.873462
2020-09-21,2020-09-25,São José dos Campos,1.859008
2020-09-21,2020-09-25,Araucária,1.823284
2020-09-21,2020-09-25,Canoas,1.821586
2020-09-28,2020-10-02,Manaus,1.740272
2020-09-28,2020-10-02,Itaqui,1.754272
2020-09-28,2020-10-02,Suape,1.740272
2020-09-28,2020-10-02,Aratu,1.743268
2020-09-28,2020-10-02,Santos,1.793276
2020-09-28,2020-10-02,Paranagua,1.779740
2020-09-28,2020-10-02,Tramandai,1.779232
2020-09-28,2020-10-02,Guamaré,1.908642
2020-09-28,2020-10-02,Duque de Caxias,1.989860
2020-09-28,2020-10-02,Betim,2.012496
2020-09-28,2020-10-02,Cubatão,1.830814
2020-09-28,2020-10-02,Mauá,1.849736
2020-09-28,2020-10-02,Paulínia,1.896026
2020-09-28,2020-10-02,São José dos Campos,1.881216
2020-09-28,2020-10-02,Araucária,1.844612
2020-09-28,2020-10-02,Canoas,1.843874
2020-10-05,2020-10-09,Manaus,1.753864
2020-10-05,2020-10-09,Itaqui,1.767852
2020-10-05,2020-10-09,Suape,1.753864
2020-10-05,2020-10-09,Aratu,1.756826
2020-10-05,2020-10-09,Santos,1.805260
2020-10-05,2020-10-09,Paranagua,1.791738
2020-10-05,2020-10-09,Tramandai,1.791156
2020-10-05,2020-10-09,Guamaré,1.920428
2020-10-05,2020-10-09,Duque de Caxias,1.999744
2020-10-05,2020-10-09,Betim,2.022132
2020-10-05,2020-10-09,Cubatão,1.842398
2020-10-05,2020-10-09,Mauá,1.861118
2020-10-05,2020-10-09,Paulínia,1.906910
2020-10-05,2020-10-09,São José dos Campos,1.892260
2020-10-05,2020-10-09,Araucária,1.855916
2020-10-05,2020-10-09,Canoas,1.855106
2020-10-12,2020-10-16,Manaus,1.720954
2020-10-12,2020-10-16,Itaqui,1.734866
2020-10-12,2020-10-16,Suape,1.720954
2020-10-12,2020-10-16,Aratu,1.723696
2020-10-12,2020-10-16,Santos,1.767750
2020-10-12,2020-10-16,Paranagua,1.754444
2020-10-12,2020-10-16,Tramandai,1.753214
2020-10-12,2020-10-16,Guamaré,1.887866
2020-10-12,2020-10-16,Duque de Caxias,1.962636
2020-10-12,2020-10-16,Betim,1.985072
2020-10-12,2020-10-16,Cubatão,1.804964
2020-10-12,2020-10-16,Mauá,1.823720
2020-10-12,2020-10-16,Paulínia,1.869614
2020-10-12,2020-10-16,São José dos Campos,1.854928
2020-10-12,2020-10-16,Araucária,1.818752
2020-10-12,2020-10-16,Canoas,1.817298
2020-10-19,2020-10-23,Manaus,1.662472
2020-10-19,2020-10-23,Itaqui,1.676378
2020-10-19,2020-10-23,Suape,1.662472
2020-10-19,2020-10-23,Aratu,1.665186
2020-10-19,2020-10-23,Santos,1.707834
2020-10-19,2020-10-23,Paranagua,1.694544
2020-10-19,2020-10-23,Tramandai,1.693242
2020-10-19,2020-10-23,Guamaré,1.829540
2020-10-19,2020-10-23,Duque de Caxias,1.902904
2020-10-19,2020-10-23,Betim,1.925364
2020-10-19,2020-10-23,Cubatão,1.745084
2020-10-19,2020-10-23,Mauá,1.763862
2020-10-19,2020-10-23,Paulínia,1.809796
2020-10-19,2020-10-23,São José dos Campos,1.795096
2020-10-19,2020-10-23,Araucária,1.758914
2020-10-19,2020-10-23,Canoas,1.757386
2020-10-26,2020-10-30,Manaus,1.581168
2020-10-26,2020-10-30,Itaqui,1.595062
2020-10-26,2020-10-30,Suape,1.581168
2020-10-26,2020-10-30,Aratu,1.583856
2020-10-26,2020-10-30,Santos,1.626102
2020-10-26,2020-10-30,Paranagua,1.612838
2020-10-26,2020-10-30,Tramandai,1.611458
2020-10-26,2020-10-30,Guamaré,1.751604
2020-10-26,2020-10-30,Duque de Caxias,1.825104
2020-10-26,2020-10-30,Betim,1.848018
2020-10-26,2020-10-30,Cubatão,1.664100
2020-10-26,2020-10-30,Mauá,1.683258
2020-10-26,2020-10-30,Paulínia,1.730116
2020-10-26,2020-10-30,São José dos Campos,1.715122
2020-10-26,2020-10-30,Araucária,1.678506
2020-10-26,2020-10-30,Canoas,1.676892
2020-11-02,2020-11-06,Manaus,1.592060
2020-11-02,2020-11-06,Itaqui,1.605942
2020-11-02,2020-11-06,Suape,1.592060
2020-11-02,2020-11-06,Aratu,1.594710
2020-11-02,2020-11-06,Santos,1.636524
2020-11-02,2020-11-06,Paranagua,1.623302
2020-11-02,2020-11-06,Tramandai,1.621804
2020-11-02,2020-11-06,Guamaré,1.760078
2020-11-02,2020-11-06,Duque de Caxias,1.832700
2020-11-02,2020-11-06,Betim,1.855284
2020-11-02,2020-11-06,Cubatão,1.673984
2020-11-02,2020-11-06,Mauá,1.692864
2020-11-02,2020-11-06,Paulínia,1.739060
2020-11-02,2020-11-06,São José dos Campos,1.724276
2020-11-02,2020-11-06,Araucária,1.688038
2020-11-02,2020-11-06,Canoas,1.686310
2020-11-09,2020-11-13,Manaus,1.645628
2020-11-09,2020-11-13,Itaqui,1.659498
2020-11-09,2020-11-13,Suape,1.645628
2020-11-09,2020-11-13,Aratu,1.648250
2020-11-09,2020-11-13,Santos,1.688998
2020-11-09,2020-11-13,Paranagua,1.675798
2020-11-09,2020-11-13,Tramandai,1.674224
2020-11-09,2020-11-13,Guamaré,1.807902
2020-11-09,2020-11-13,Duque de Caxias,1.878474
2020-11-09,2020-11-13,Betim,1.900290
2020-11-09,2020-11-13,Cubatão,1.725148
2020-11-09,2020-11-13,Mauá,1.743420
2020-11-09,2020-11-13,Paulínia,1.788032
2020-11-09,2020-11-13,São José dos Campos,1.773760
2020-11-09,2020-11-13,Araucária,1.738322
2020-11-09,2020-11-13,Canoas,1.736526
2020-11-16,2020-11-20,Manaus,1.602860
2020-11-16,2020-11-20,Itaqui,1.616718
2020-11-16,2020-11-20,Suape,1.602860
2020-11-16,2020-11-20,Aratu,1.605434
2020-11-16,2020-11-20,Santos,1.645232
2020-11-16,2020-11-20,Paranagua,1.632080
2020-11-16,2020-11-20,Tramandai,1.630362
2020-11-16,2020-11-20,Guamaré,1.763060
2020-11-16,2020-11-20,Duque de Caxias,1.832286
2020-11-16,2020-11-20,Betim,1.853822
2020-11-16,2020-11-20,Cubatão,1.680954
2020-11-16,2020-11-20,Mauá,1.698958
2020-11-16,2020-11-20,Paulínia,1.743002
2020-11-16,2020-11-20,São José dos Campos,1.728908
2020-11-16,2020-11-20,Araucária,1.693806
2020-11-16,2020-11-20,Canoas,1.691870
2020-11-23,2020-11-25,Manaus,1.673877
2020-11-23,2020-11-25,Itaqui,1.687750
2020-11-23,2020-11-25,Suape,1.673877
2020-11-23,2020-11-25,Aratu,1.676493
2020-11-23,2020-11-25,Santos,1.716540
2020-11-23,2020-11-25,Paranagua,1.703337
2020-11-23,2020-11-25,Tramandai,1.701750
2020-11-23,2020-11-25,Guamaré,1.834723
2020-11-23,2020-11-25,Duque de Caxias,1.904347
2020-11-23,2020-11-25,Betim,1.925967
2020-11-23,2020-11-25,Cubatão,1.752403
2020-11-23,2020-11-25,Mauá,1.770483
2020-11-23,2020-11-25,Paulínia,1.814703
2020-11-23,2020-11-25,São José dos Campos,1.800550
2020-11-23,2020-11-25,Araucária,1.765310
2020-11-23,2020-11-25,Canoas,1.763503
2020-11-30,2020-12-04,Manaus,1.678766
2020-11-30,2020-12-04,Itaqui,1.692596
2020-11-30,2020-12-04,Suape,1.678766
2020-11-30,2020-12-04,Aratu,1.681256
2020-11-30,2020-12-04,Santos,1.720078
2020-11-30,2020-12-04,Paranagua,1.707022
2020-11-30,2020-12-04,Tramandai,1.705044
2020-11-30,2020-12-04,Guamaré,1.834760
2020-11-30,2020-12-04,Duque de Caxias,1.902220
2020-11-30,2020-12-04,Betim,1.923190
2020-11-30,2020-12-04,Cubatão,1.754862
2020-11-30,2020-12-04,Mauá,1.772390
2020-11-30,2020-12-04,Paulínia,1.815280
2020-11-30,2020-12-04,São José dos Campos,1.801556
2020-11-30,2020-12-04,Araucária,1.767124
2020-11-30,2020-12-04,Canoas,1.764936
2020-12-07,2020-12-11,Manaus,1.681452
2020-12-07,2020-12-11,Itaqui,1.695250
2020-12-07,2020-12-11,Suape,1.681452
2020-12-07,2020-12-11,Aratu,1.683856
2020-12-07,2020-12-11,Santos,1.722182
2020-12-07,2020-12-11,Paranagua,1.709234
2020-12-07,2020-12-11,Tramandai,1.706972
2020-12-07,2020-12-11,Guamaré,1.833808
2020-12-07,2020-12-11,Duque de Caxias,1.900072
2020-12-07,2020-12-11,Betim,1.920554
2020-12-07,2020-12-11,Cubatão,1.756152
2020-12-07,2020-12-11,Mauá,1.773270
2020-12-07,2020-12-11,Paulínia,1.815164
2020-12-07,2020-12-11,São José dos Campos,1.801760
2020-12-07,2020-12-11,Araucária,1.767936
2020-12-07,2020-12-11,Canoas,1.765464
2020-12-14,2020-12-18,Manaus,1.796294
2020-12-14,2020-12-18,Itaqui,1.810138
2020-12-14,2020-12-18,Suape,1.796294
2020-12-14,2020-12-18,Aratu,1.798828
2020-12-14,2020-12-18,Santos,1.839594
2020-12-14,2020-12-18,Paranagua,1.826514
2020-12-14,2020-12-18,Tramandai,1.824642
2020-12-14,2020-12-18,Guamaré,1.948622
2020-12-14,2020-12-18,Duque de Caxias,2.017450
2020-12-14,2020-12-18,Betim,2.037932
2020-12-14,2020-12-18,Cubatão,1.873558
2020-12-14,2020-12-18,Mauá,1.890678
2020-12-14,2020-12-18,Paulínia,1.932556
2020-12-14,2020-12-18,São José dos Campos,1.919154
2020-12-14,2020-12-18,Araucária,1.885204
2020-12-14,2020-12-18,Canoas,1.883124
2020-12-21,2020-12-24,Manaus,1.869870
2020-12-21,2020-12-24,Itaqui,1.883833
2020-12-21,2020-12-24,Suape,1.869870
2020-12-21,2020-12-24,Aratu,1.872755
2020-12-21,2020-12-24,Santos,1.921640
2020-12-21,2020-12-24,Paranagua,1.908233
2020-12-21,2020-12-24,Tramandai,1.907378
2020-12-21,2020-12-24,Guamaré,2.024583
2020-12-21,2020-12-24,Duque de Caxias,2.102283
2020-12-21,2020-12-24,Betim,2.123080
2020-12-21,2020-12-24,Cubatão,1.956133
2020-12-21,2020-12-24,Mauá,1.973523
2020-12-21,2020-12-24,Paulínia,2.016055
2020-12-21,2020-12-24,São José dos Campos,2.002445
2020-12-21,2020-12-24,Araucária,1.967840
2020-12-21,2020-12-24,Canoas,1.966778
2020-12-28,2020-12-31,Manaus,1.915075
2020-12-28,2020-12-31,Itaqui,1.929003
2020-12-28,2020-12-31,Suape,1.915075
2020-12-28,2020-12-31,Aratu,1.917860
2020-12-28,2020-12-31,Santos,1.965718
2020-12-28,2020-12-31,Paranagua,1.952425
2020-12-28,2020-12-31,Tramandai,1.951268
2020-12-28,2020-12-31,Guamaré,2.070520
2020-12-28,2020-12-31,Duque de Caxias,2.147220
2020-12-28,2020-12-31,Betim,2.168115
2020-12-28,2020-12-31,Cubatão,2.000375
2020-12-28,2020-12-31,Mauá,2.017848
2020-12-28,2020-12-31,Paulínia,2.060585
2020-12-28,2020-12-31,São José dos Campos,2.046910
2020-12-28,2020-12-31,Araucária,2.012320
2020-12-28,2020-12-31,Canoas,2.010948
2021-01-04,2021-01-08,Manaus,2.040430
2021-01-04,2021-01-08,Itaqui,2.054354
2021-01-04,2021-01-08,Suape,2.040430
2021-01-04,2021-01-08,Aratu,2.043200
2021-01-04,2021-01-08,Santos,2.088434
2021-01-04,2021-01-08,Paranagua,2.075246
2021-01-04,2021-01-08,Tramandai,2.073510
2021-01-04,2021-01-08,Guamaré,2.199498
2021-01-04,2021-01-08,Duque de Caxias,2.274162
2021-01-04,2021-01-08,Betim,2.295546
2021-01-04,2021-01-08,Cubatão,2.123898
2021-01-04,2021-01-08,Mauá,2.141776
2021-01-04,2021-01-08,Paulínia,2.185508
2021-01-04,2021-01-08,São José dos Campos,2.171516
2021-01-04,2021-01-08,Araucária,2.136532
2021-01-04,2021-01-08,Canoas,2.134578
2021-01-11,2021-01-15,Manaus,2.172256
2021-01-11,2021-01-15,Itaqui,2.186218
2021-01-11,2021-01-15,Suape,2.172256
2021-01-11,2021-01-15,Aratu,2.175146
2021-01-11,2021-01-15,Santos,2.222048
2021-01-11,2021-01-15,Paranagua,2.208736
2021-01-11,2021-01-15,Tramandai,2.207334
2021-01-11,2021-01-15,Guamaré,2.331310
2021-01-11,2021-01-15,Duque de Caxias,2.407764
2021-01-11,2021-01-15,Betim,2.429146
2021-01-11,2021-01-15,Cubatão,2.257516
2021-01-11,2021-01-15,Mauá,2.275388
2021-01-11,2021-01-15,Paulínia,2.319118
2021-01-11,2021-01-15,São José dos Campos,2.305124
2021-01-11,2021-01-15,Araucária,2.270018
2021-01-11,2021-01-15,Canoas,2.268400
2021-01-18,2021-01-22,Manaus,2.201430
2021-01-18,2021-01-22,Itaqui,2.215380
2021-01-18,2021-01-22,Suape,2.201430
2021-01-18,2021-01-22,Aratu,2.204288
2021-01-18,2021-01-22,Santos,2.252448
2021-01-18,2021-01-22,Paranagua,2.239205
2021-01-18,2021-01-22,Tramandai,2.237640
2021-01-18,2021-01-22,Guamaré,2.362020
2021-01-18,2021-01-22,Duque de Caxias,2.439953
2021-01-18,2021-01-22,Betim,2.461543
2021-01-18,2021-01-22,Cubatão,2.288250
2021-01-18,2021-01-22,Mauá,2.306300
2021-01-18,2021-01-22,Paulínia,2.350453
2021-01-18,2021-01-22,São José dos Campos,2.336325
2021-01-18,2021-01-22,Araucária,2.301080
2021-01-18,2021-01-22,Canoas,2.299295
2021-01-25,2021-01-29,Manaus,2.254624
2021-01-25,2021-01-29,Itaqui,2.268544
2021-01-25,2021-01-29,Suape,2.254624
2021-01-25,2021-01-29,Aratu,2.257384
2021-01-25,2021-01-29,Santos,2.303660
2021-01-25,2021-01-29,Paranagua,2.290516
2021-01-25,2021-01-29,Tramandai,2.288688
2021-01-25,2021-01-29,Guamaré,2.416644
2021-01-25,2021-01-29,Duque de Caxias,2.492836
2021-01-25,2021-01-29,Betim,2.514616
2021-01-25,2021-01-29,Cubatão,2.339784
2021-01-25,2021-01-29,Mauá,2.357992
2021-01-25,2021-01-29,Paulínia,2.402538
2021-01-25,2021-01-29,São José dos Campos,2.388282
2021-01-25,2021-01-29,Araucária,2.352938
2021-01-25,2021-01-29,Canoas,2.350892
2021-02-01,2021-02-05,Manaus,2.305622
2021-02-01,2021-02-05,Itaqui,2.319534
2021-02-01,2021-02-05,Suape,2.305622
2021-02-01,2021-02-05,Aratu,2.308356
2021-02-01,2021-02-05,Santos,2.355186
2021-02-01,2021-02-05,Paranagua,2.342088
2021-02-01,2021-02-05,Tramandai,2.340150
2021-02-01,2021-02-05,Guamaré,2.467076
2021-02-01,2021-02-05,Duque de Caxias,2.543702
2021-02-01,2021-02-05,Betim,2.565408
2021-02-01,2021-02-05,Cubatão,2.391186
2021-02-01,2021-02-05,Mauá,2.409332
2021-02-01,2021-02-05,Paulínia,2.453720
2021-02-01,2021-02-05,São José dos Campos,2.439514
2021-02-01,2021-02-05,Araucária,2.404294
2021-02-01,2021-02-05,Canoas,2.402138
2021-02-08,2021-02-12,Manaus,2.329042
2021-02-08,2021-02-12,Itaqui,2.329950
2021-02-08,2021-02-12,Suape,2.329042
2021-02-08,2021-02-12,Aratu,2.331752
2021-02-08,2021-02-12,Santos,2.371054
2021-02-08,2021-02-12,Paranagua,2.365186
2021-02-08,2021-02-12,Tramandai,2.363174
2021-02-08,2021-02-12,Guamaré,2.489836
2021-02-08,2021-02-12,Duque de Caxias,2.558796
2021-02-08,2021-02-12,Betim,2.580410
2021-02-08,2021-02-12,Cubatão,2.406906
2021-02-08,2021-02-12,Mauá,2.424978
2021-02-08,2021-02-12,Paulínia,2.469184
2021-02-08,2021-02-12,São José dos Campos,2.455038
2021-02-08,2021-02-12,Araucária,2.427138
2021-02-08,2021-02-12,Canoas,2.424904
2021-02-15,2021-02-19,Manaus,2.469293
2021-02-15,2021-02-19,Itaqui,2.470173
2021-02-15,2021-02-19,Suape,2.469293
2021-02-15,2021-02-19,Aratu,2.471920
2021-02-15,2021-02-19,Santos,2.504875
2021-02-15,2021-02-19,Paranagua,2.503878
2021-02-15,2021-02-19,Tramandai,2.501668
2021-02-15,2021-02-19,Guamaré,2.630923
2021-02-15,2021-02-19,Duque de Caxias,2.693598
2021-02-15,2021-02-19,Betim,2.715325
2021-02-15,2021-02-19,Cubatão,2.540915
2021-02-15,2021-02-19,Mauá,2.559078
2021-02-15,2021-02-19,Paulínia,2.603518
2021-02-15,2021-02-19,São José dos Campos,2.589298
2021-02-15,2021-02-19,Araucária,2.566150
2021-02-15,2021-02-19,Canoas,2.563723
2021-02-22,2021-02-26,Manaus,2.607214
2021-02-22,2021-02-26,Itaqui,2.608102
2021-02-22,2021-02-26,Suape,2.607214
2021-02-22,2021-02-26,Aratu,2.609878
2021-02-22,2021-02-26,Santos,2.642888
2021-02-22,2021-02-26,Paranagua,2.641838
2021-02-22,2021-02-26,Tramandai,2.639750
2021-02-22,2021-02-26,Guamaré,2.771066
2021-02-22,2021-02-26,Duque de Caxias,2.834202
2021-02-22,2021-02-26,Betim,2.856230
2021-02-22,2021-02-26,Cubatão,2.679420
2021-02-22,2021-02-26,Mauá,2.697838
2021-02-22,2021-02-26,Paulínia,2.742884
2021-02-22,2021-02-26,São José dos Campos,2.728468
2021-02-22,2021-02-26,Araucária,2.704970
2021-02-22,2021-02-26,Canoas,2.702662
2021-03-01,2021-03-05,Manaus,2.733144
2021-03-01,2021-03-05,Itaqui,2.734074
2021-03-01,2021-03-05,Suape,2.733144
2021-03-01,2021-03-05,Aratu,2.735934
2021-03-01,2021-03-05,Santos,2.769390
2021-03-01,2021-03-05,Paranagua,2.768178
2021-03-01,2021-03-05,Tramandai,2.766498
2021-03-01,2021-03-05,Guamaré,2.902682
2021-03-01,2021-03-05,Duque de Caxias,2.967342
2021-03-01,2021-03-05,Betim,2.990134
2021-03-01,2021-03-05,Cubatão,2.807190
2021-03-01,2021-03-05,Mauá,2.826244
2021-03-01,2021-03-05,Paulínia,2.872854
2021-03-01,2021-03-05,São José dos Campos,2.857940
2021-03-01,2021-03-05,Araucária,2.833504
2021-03-01,2021-03-05,Canoas,2.831590
2021-03-08,2021-03-12,Manaus,2.899150
2021-03-08,2021-03-12,Itaqui,2.900128
2021-03-08,2021-03-12,Suape,2.899150
2021-03-08,2021-03-12,Aratu,2.902080
2021-03-08,2021-03-12,Santos,2.927684
2021-03-08,2021-03-12,Paranagua,2.913238
2021-03-08,2021-03-12,Tramandai,2.934986
2021-03-08,2021-03-12,Guamaré,3.068410
2021-03-08,2021-03-12,Duque de Caxias,3.125316
2021-03-08,2021-03-12,Betim,3.148068
2021-03-08,2021-03-12,Cubatão,2.965424
2021-03-08,2021-03-12,Mauá,2.984444
2021-03-08,2021-03-12,Paulínia,3.030980
2021-03-08,2021-03-12,São José dos Campos,3.016092
2021-03-08,2021-03-12,Araucária,2.978454
2021-03-08,2021-03-12,Canoas,2.999968
2021-03-15,2021-03-19,Manaus,2.861520
2021-03-15,2021-03-19,Itaqui,2.862480
2021-03-15,2021-03-19,Suape,2.861520
2021-03-15,2021-03-19,Aratu,2.864400
2021-03-15,2021-03-19,Santos,2.890266
2021-03-15,2021-03-19,Paranagua,2.875830
2021-03-15,2021-03-19,Tramandai,2.897430
2021-03-15,2021-03-19,Guamaré,3.027920
2021-03-15,2021-03-19,Duque de Caxias,3.084556
2021-03-15,2021-03-19,Betim,3.106924
2021-03-15,2021-03-19,Cubatão,2.927366
2021-03-15,2021-03-19,Mauá,2.946070
2021-03-15,2021-03-19,Paulínia,2.991820
2021-03-15,2021-03-19,São José dos Campos,2.977178
2021-03-15,2021-03-19,Araucária,2.939942
2021-03-15,2021-03-19,Canoas,2.961316
2021-03-22,2021-03-26,Manaus,2.689708
2021-03-22,2021-03-26,Itaqui,2.690662
2021-03-22,2021-03-26,Suape,2.689708
2021-03-22,2021-03-26,Aratu,2.692570
2021-03-22,2021-03-26,Santos,2.717732
2021-03-22,2021-03-26,Paranagua,2.703280
2021-03-22,2021-03-26,Tramandai,2.724862
2021-03-22,2021-03-26,Guamaré,2.856894
2021-03-22,2021-03-26,Duque de Caxias,2.912942
2021-03-22,2021-03-26,Betim,2.935414
2021-03-22,2021-03-26,Cubatão,2.755010
2021-03-22,2021-03-26,Mauá,2.773798
2021-03-22,2021-03-26,Paulínia,2.819764
2021-03-22,2021-03-26,São José dos Campos,2.805056
2021-03-22,2021-03-26,Araucária,2.767696
2021-03-22,2021-03-26,Canoas,2.789048
2021-03-29,2021-04-01,Manaus,2.803178
2021-03-29,2021-04-01,Itaqui,2.804210
2021-03-29,2021-04-01,Suape,2.803178
2021-03-29,2021-04-01,Aratu,2.806280
2021-03-29,2021-04-01,Santos,2.835575
2021-03-29,2021-04-01,Paranagua,2.821218
2021-03-29,2021-04-01,Tramandai,2.843263
2021-03-29,2021-04-01,Guamaré,2.973998
2021-03-29,2021-04-01,Duque de Caxias,3.035028
2021-03-29,2021-04-01,Betim,3.057993
2021-03-29,2021-04-01,Cubatão,2.873660
2021-03-29,2021-04-01,Mauá,2.892858
2021-03-29,2021-04-01,Paulínia,2.939825
2021-03-29,2021-04-01,São José dos Campos,2.924798
2021-03-29,2021-04-01,Araucária,2.887035
2021-03-29,2021-04-01,Canoas,2.908845
2021-04-05,2021-04-09,Manaus,2.710082
2021-04-05,2021-04-09,Itaqui,2.711086
2021-04-05,2021-04-09,Suape,2.710082
2021-04-05,2021-04-09,Aratu,2.713100
2021-04-05,2021-04-09,Santos,2.742080
2021-04-05,2021-04-09,Paranagua,2.727716
2021-04-05,2021-04-09,Tramandai,2.749544
2021-04-05,2021-04-09,Guamaré,2.878018
2021-04-05,2021-04-09,Duque de Caxias,2.938158
2021-04-05,2021-04-09,Betim,2.960736
2021-04-05,2021-04-09,Cubatão,2.779520
2021-04-05,2021-04-09,Mauá,2.798396
2021-04-05,2021-04-09,Paulínia,2.844568
2021-04-05,2021-04-09,São José dos Campos,2.829792
2021-04-05,2021-04-09,Araucária,2.792422
2021-04-05,2021-04-09,Canoas,2.814016
2021-04-12,2021-04-16,Manaus,2.626882
2021-04-12,2021-04-16,Itaqui,2.627880
2021-04-12,2021-04-16,Suape,2.626882
2021-04-12,2021-04-16,Aratu,2.629870
2021-04-12,2021-04-16,Santos,2.656812
2021-04-12,2021-04-16,Paranagua,2.642398
2021-04-12,2021-04-16,Tramandai,2.664242
2021-04-12,2021-04-16,Guamaré,2.795854
2021-04-12,2021-04-16,Duque de Caxias,2.854102
2021-04-12,2021-04-16,Betim,2.876816
2021-04-12,2021-04-16,Cubatão,2.694484
2021-04-12,2021-04-16,Mauá,2.713474
2021-04-12,2021-04-16,Paulínia,2.759930
2021-04-12,2021-04-16,São José dos Campos,2.745064
2021-04-12,2021-04-16,Araucária,2.707498
2021-04-12,2021-04-16,Canoas,2.729116
2021-04-19,2021-04-23,Manaus,2.584800
2021-04-19,2021-04-23,Itaqui,2.585700
2021-04-19,2021-04-23,Suape,2.584800
2021-04-19,2021-04-23,Aratu,2.587600
2021-04-19,2021-04-23,Santos,2.612100
2021-04-19,2021-04-23,Paranagua,2.597700
2021-04-19,2021-04-23,Tramandai,2.619200
2021-04-19,2021-04-23,Guamaré,2.749700
2021-04-19,2021-04-23,Duque de Caxias,2.804800
2021-04-19,2021-04-23,Betim,2.826900
2021-04-19,2021-04-23,Cubatão,2.648900
2021-04-19,2021-04-23,Mauá,2.667500
2021-04-19,2021-04-23,Paulínia,2.712800
2021-04-19,2021-04-23,São José dos Campos,2.698300
2021-04-19,2021-04-23,Araucária,2.661200
2021-04-19,2021-04-23,Canoas,2.682500
2021-04-26,2021-04-30,Manaus,2.561080
2021-04-26,2021-04-30,Itaqui,2.561986
2021-04-26,2021-04-30,Suape,2.561080
2021-04-26,2021-04-30,Aratu,2.563802
2021-04-26,2021-04-30,Santos,2.588646
2021-04-26,2021-04-30,Paranagua,2.574188
2021-04-26,2021-04-30,Tramandai,2.595404
2021-04-26,2021-04-30,Guamaré,2.722820
2021-04-26,2021-04-30,Duque de Caxias,2.777498
2021-04-26,2021-04-30,Betim,2.799240
2021-04-26,2021-04-30,Cubatão,2.624706
2021-04-26,2021-04-30,Mauá,2.642886
2021-04-26,2021-04-30,Paulínia,2.687354
2021-04-26,2021-04-30,São José dos Campos,2.673126
2021-04-26,2021-04-30,Araucária,2.636504
2021-04-26,2021-04-30,Canoas,2.657506
2021-05-03,2021-05-07,Manaus,2.637606
2021-05-03,2021-05-07,Itaqui,2.638582
2021-05-03,2021-05-07,Suape,2.637606
2021-05-03,2021-05-07,Aratu,2.640532
2021-05-03,2021-05-07,Santos,2.667216
2021-05-03,2021-05-07,Paranagua,2.652796
2021-05-03,2021-05-07,Tramandai,2.674488
2021-05-03,2021-05-07,Guamaré,2.797240
2021-05-03,2021-05-07,Duque de Caxias,2.853604
2021-05-03,2021-05-07,Betim,2.875066
2021-05-03,2021-05-07,Cubatão,2.702806
2021-05-03,2021-05-07,Mauá,2.720748
2021-05-03,2021-05-07,Paulínia,2.764636
2021-05-03,2021-05-07,São José dos Campos,2.750592
2021-05-03,2021-05-07,Araucária,2.714300
2021-05-03,2021-05-07,Canoas,2.735778
2021-05-10,2021-05-14,Manaus,2.614380
2021-05-10,2021-05-14,Itaqui,2.615662
2021-05-10,2021-05-14,Suape,2.614380
2021-05-10,2021-05-14,Aratu,2.618230
2021-05-10,2021-05-14,Santos,2.656952
2021-05-10,2021-05-14,Paranagua,2.642812
2021-05-10,2021-05-14,Tramandai,2.666430
2021-05-10,2021-05-14,Guamaré,2.771718
2021-05-10,2021-05-14,Duque de Caxias,2.840660
2021-05-10,2021-05-14,Betim,2.861810
2021-05-10,2021-05-14,Cubatão,2.692032
2021-05-10,2021-05-14,Mauá,2.709716
2021-05-10,2021-05-14,Paulínia,2.752970
2021-05-10,2021-05-14,São José dos Campos,2.739130
2021-05-10,2021-05-14,Araucária,2.703430
2021-05-10,2021-05-14,Canoas,2.726834
2021-05-17,2021-05-21,Manaus,2.513714
2021-05-17,2021-05-21,Itaqui,2.514660
2021-05-17,2021-05-21,Suape,2.513714
2021-05-17,2021-05-21,Aratu,2.516554
2021-05-17,2021-05-21,Santos,2.542894
2021-05-17,2021-05-21,Paranagua,2.528468
2021-05-17,2021-05-21,Tramandai,2.549936
2021-05-17,2021-05-21,Guamaré,2.671722
2021-05-17,2021-05-21,Duque de Caxias,2.727380
2021-05-17,2021-05-21,Betim,2.748620
2021-05-17,2021-05-21,Cubatão,2.578122
2021-05-17,2021-05-21,Mauá,2.595878
2021-05-17,2021-05-21,Paulínia,2.639322
2021-05-17,2021-05-21,São José dos Campos,2.625420
2021-05-17,2021-05-21,Araucária,2.589348
2021-05-17,2021-05-21,Canoas,2.610598
2021-05-24,2021-05-28,Manaus,2.486104
2021-05-24,2021-05-28,Itaqui,2.486994
2021-05-24,2021-05-28,Suape,2.486104
2021-05-24,2021-05-28,Aratu,2.488776
2021-05-24,2021-05-28,Santos,2.512428
2021-05-24,2021-05-28,Paranagua,2.497944
2021-05-24,2021-05-28,Tramandai,2.519088
2021-05-24,2021-05-28,Guamaré,2.644082
2021-05-24,2021-05-28,Duque de Caxias,2.696886
2021-05-24,2021-05-28,Betim,2.718120
2021-05-24,2021-05-28,Cubatão,2.547654
2021-05-24,2021-05-28,Mauá,2.565406
2021-05-24,2021-05-28,Paulínia,2.608844
2021-05-24,2021-05-28,São José dos Campos,2.594944
2021-05-24,2021-05-28,Araucária,2.558810
2021-05-24,2021-05-28,Canoas,2.579738
2021-05-31,2021-06-04,Manaus,2.466415
2021-05-31,2021-06-04,Itaqui,2.467245
2021-05-31,2021-06-04,Suape,2.466415
2021-05-31,2021-06-04,Aratu,2.468905
2021-05-31,2021-06-04,Santos,2.490763
2021-05-31,2021-06-04,Paranagua,2.476238
2021-05-31,2021-06-04,Tramandai,2.496970
2021-05-31,2021-06-04,Guamaré,2.618508
2021-05-31,2021-06-04,Duque de Caxias,2.668348
2021-05-31,2021-06-04,Betim,2.688790
2021-05-31,2021-06-04,Cubatão,2.524678
2021-05-31,2021-06-04,Mauá,2.541768
2021-05-31,2021-06-04,Paulínia,2.583583
2021-05-31,2021-06-04,São José dos Campos,2.570203
2021-05-31,2021-06-04,Araucária,2.534835
2021-05-31,2021-06-04,Canoas,2.555363
2021-06-07,2021-06-11,Manaus,2.506214
2021-06-07,2021-06-11,Itaqui,2.507076
2021-06-07,2021-06-11,Suape,2.506214
2021-06-07,2021-06-11,Aratu,2.508806
2021-06-07,2021-06-11,Santos,2.533016
2021-06-07,2021-06-11,Paranagua,2.518548
2021-06-07,2021-06-11,Tramandai,2.539442
2021-06-07,2021-06-11,Guamaré,2.657648
2021-06-07,2021-06-11,Duque de Caxias,2.709832
2021-06-07,2021-06-11,Betim,2.730188
2021-06-07,2021-06-11,Cubatão,2.566780
2021-06-07,2021-06-11,Mauá,2.583800
2021-06-07,2021-06-11,Paulínia,2.625434
2021-06-07,2021-06-11,São José dos Campos,2.612114
2021-06-07,2021-06-11,Araucária,2.576896
2021-06-07,2021-06-11,Canoas,2.597586
2021-06-14,2021-06-18,Manaus,2.521110
2021-06-14,2021-06-18,Itaqui,2.521994
2021-06-14,2021-06-18,Suape,2.521110
2021-06-14,2021-06-18,Aratu,2.523766
2021-06-14,2021-06-18,Santos,2.550476
2021-06-14,2021-06-18,Paranagua,2.536072
2021-06-14,2021-06-18,Tramandai,2.557018
2021-06-14,2021-06-18,Guamaré,2.672082
2021-06-14,2021-06-18,Duque de Caxias,2.726758
2021-06-14,2021-06-18,Betim,2.747052
2021-06-14,2021-06-18,Cubatão,2.584140
2021-06-14,2021-06-18,Mauá,2.601108
2021-06-14,2021-06-18,Paulínia,2.642616
2021-06-14,2021-06-18,São José dos Campos,2.629336
2021-06-14,2021-06-18,Araucária,2.594240
2021-06-14,2021-06-18,Canoas,2.614984
2021-06-21,2021-06-25,Manaus,2.587836
2021-06-21,2021-06-25,Itaqui,2.588680
2021-06-21,2021-06-25,Suape,2.587836
2021-06-21,2021-06-25,Aratu,2.590368
2021-06-21,2021-06-25,Santos,2.614340
2021-06-21,2021-06-25,Paranagua,2.599868
2021-06-21,2021-06-25,Tramandai,2.620594
2021-06-21,2021-06-25,Guamaré,2.736338
2021-06-21,2021-06-25,Duque de Caxias,2.787728
2021-06-21,2021-06-25,Betim,2.807688
2021-06-21,2021-06-25,Cubatão,2.647446
2021-06-21,2021-06-25,Mauá,2.664136
2021-06-21,2021-06-25,Paulínia,2.704964
2021-06-21,2021-06-25,São José dos Campos,2.691900
2021-06-21,2021-06-25,Araucária,2.657082
2021-06-21,2021-06-25,Canoas,2.677608
2021-06-28,2021-07-02,Manaus,2.626884
2021-06-28,2021-07-02,Itaqui,2.627818
2021-06-28,2021-07-02,Suape,2.626884
2021-06-28,2021-07-02,Aratu,2.629688
2021-06-28,2021-07-02,Santos,2.657206
2021-06-28,2021-07-02,Paranagua,2.642812
2021-06-28,2021-07-02,Tramandai,2.664130
2021-06-28,2021-07-02,Guamaré,2.775828
2021-06-28,2021-07-02,Duque de Caxias,2.831112
2021-06-28,2021-07-02,Betim,2.851136
2021-06-28,2021-07-02,Cubatão,2.690412
2021-06-28,2021-07-02,Mauá,2.707152
2021-06-28,2021-07-02,Paulínia,2.748104
2021-06-28,2021-07-02,São José dos Campos,2.735002
2021-06-28,2021-07-02,Araucária,2.700198
2021-06-28,2021-07-02,Canoas,2.721316
2021-07-05,2021-07-09,Manaus,2.813463
2021-07-05,2021-07-09,Itaqui,2.814330
2021-07-05,2021-07-09,Suape,2.813463
2021-07-05,2021-07-09,Aratu,2.816073
2021-07-05,2021-07-09,Santos,2.841663
2021-07-05,2021-07-09,Paranagua,2.827225
2021-07-05,2021-07-09,Tramandai,2.848113
2021-07-05,2021-07-09,Guamaré,2.969668
2021-07-05,2021-07-09,Duque de Caxias,3.024045
2021-07-05,2021-07-09,Betim,3.045045
2021-07-05,2021-07-09,Cubatão,2.876488
2021-07-05,2021-07-09,Mauá,2.894040
2021-07-05,2021-07-09,Paulínia,2.936988
2021-07-05,2021-07-09,São José dos Campos,2.923250
2021-07-05,2021-07-09,Araucária,2.887408
2021-07-05,2021-07-09,Canoas,2.908083
2021-07-12,2021-07-16,Manaus,2.844496
2021-07-12,2021-07-16,Itaqui,2.845374
2021-07-12,2021-07-16,Suape,2.844496
2021-07-12,2021-07-16,Aratu,2.847120
2021-07-12,2021-07-16,Santos,2.871738
2021-07-12,2021-07-16,Paranagua,2.857276
2021-07-12,2021-07-16,Tramandai,2.878240
2021-07-12,2021-07-16,Guamaré,2.997848
2021-07-12,2021-07-16,Duque de Caxias,3.050790
2021-07-12,2021-07-16,Betim,3.071402
2021-07-12,2021-07-16,Cubatão,2.905928
2021-07-12,2021-07-16,Mauá,2.923162
2021-07-12,2021-07-16,Paulínia,2.965322
2021-07-12,2021-07-16,São José dos Campos,2.951832
2021-07-12,2021-07-16,Araucária,2.916360
2021-07-12,2021-07-16,Canoas,2.937114
2021-07-19,2021-07-23,Manaus,2.698716
2021-07-19,2021-07-23,Itaqui,2.699612
2021-07-19,2021-07-23,Suape,2.698716
2021-07-19,2021-07-23,Aratu,2.701398
2021-07-19,2021-07-23,Santos,2.726432
2021-07-19,2021-07-23,Paranagua,2.711980
2021-07-19,2021-07-23,Tramandai,2.733080
2021-07-19,2021-07-23,Guamaré,2.854552
2021-07-19,2021-07-23,Duque de Caxias,2.908388
2021-07-19,2021-07-23,Betim,2.929334
2021-07-19,2021-07-23,Cubatão,2.761178
2021-07-19,2021-07-23,Mauá,2.778692
2021-07-19,2021-07-23,Paulínia,2.821538
2021-07-19,2021-07-23,São José dos Campos,2.807828
2021-07-19,2021-07-23,Araucária,2.772020
2021-07-19,2021-07-23,Canoas,2.792910
2021-07-26,2021-07-30,Manaus,2.864880
2021-07-26,2021-07-30,Itaqui,2.865784
2021-07-26,2021-07-30,Suape,2.864880
2021-07-26,2021-07-30,Aratu,2.867590
2021-07-26,2021-07-30,Santos,2.893152
2021-07-26,2021-07-30,Paranagua,2.878708
2021-07-26,2021-07-30,Tramandai,2.899862
2021-07-26,2021-07-30,Guamaré,3.018952
2021-07-26,2021-07-30,Duque de Caxias,3.073044
2021-07-26,2021-07-30,Betim,3.093758
2021-07-26,2021-07-30,Cubatão,2.927500
2021-07-26,2021-07-30,Mauá,2.944820
2021-07-26,2021-07-30,Paulínia,2.987176
2021-07-26,2021-07-30,São José dos Campos,2.973622
2021-07-26,2021-07-30,Araucária,2.938074
2021-07-26,2021-07-30,Canoas,2.959014
2021-08-02,2021-08-06,Manaus,2.877314
2021-08-02,2021-08-06,Itaqui,2.878212
2021-08-02,2021-08-06,Suape,2.877314
2021-08-02,2021-08-06,Aratu,2.880004
2021-08-02,2021-08-06,Santos,2.905892
2021-08-02,2021-08-06,Paranagua,2.891462
2021-08-02,2021-08-06,Tramandai,2.912542
2021-08-02,2021-08-06,Guamaré,3.032762
2021-08-02,2021-08-06,Duque de Caxias,3.087390
2021-08-02,2021-08-06,Betim,3.108286
2021-08-02,2021-08-06,Cubatão,2.940550
2021-08-02,2021-08-06,Mauá,2.958018
2021-08-02,2021-08-06,Paulínia,3.000756
2021-08-02,2021-08-06,São José dos Campos,2.987082
2021-08-02,2021-08-06,Araucária,2.951354
2021-08-02,2021-08-06,Canoas,2.972220
2021-08-09,2021-08-13,Manaus,2.822408
2021-08-09,2021-08-13,Itaqui,2.823294
2021-08-09,2021-08-13,Suape,2.822408
2021-08-09,2021-08-13,Aratu,2.825064
2021-08-09,2021-08-13,Santos,2.850134
2021-08-09,2021-08-13,Paranagua,2.835686
2021-08-09,2021-08-13,Tramandai,2.856712
2021-08-09,2021-08-13,Guamaré,2.978500
2021-08-09,2021-08-13,Duque de Caxias,3.032384
2021-08-09,2021-08-13,Betim,3.053364
2021-08-09,2021-08-13,Cubatão,2.884932
2021-08-09,2021-08-13,Mauá,2.902478
2021-08-09,2021-08-13,Paulínia,2.945390
2021-08-09,2021-08-13,São José dos Campos,2.931658
2021-08-09,2021-08-13,Araucária,2.895824
2021-08-09,2021-08-13,Canoas,2.916638
2021-08-16,2021-08-20,Manaus,2.694874
2021-08-16,2021-08-20,Itaqui,2.695778
2021-08-16,2021-08-20,Suape,2.694874
2021-08-16,2021-08-20,Aratu,2.697588
2021-08-16,2021-08-20,Santos,2.721412
2021-08-16,2021-08-20,Paranagua,2.706932
2021-08-16,2021-08-20,Tramandai,2.728188
2021-08-16,2021-08-20,Guamaré,2.854568
2021-08-16,2021-08-20,Duque de Caxias,2.907876
2021-08-16,2021-08-20,Betim,2.929342
2021-08-16,2021-08-20,Cubatão,2.757018
2021-08-16,2021-08-20,Mauá,2.774966
2021-08-16,2021-08-20,Paulínia,2.818872
2021-08-16,2021-08-20,São José dos Campos,2.804824
2021-08-16,2021-08-20,Araucária,2.768458
2021-08-16,2021-08-20,Canoas,2.789500
2021-08-23,2021-08-27,Manaus,2.632014
2021-08-23,2021-08-27,Itaqui,2.632888
2021-08-23,2021-08-27,Suape,2.632014
2021-08-23,2021-08-27,Aratu,2.634644
2021-08-23,2021-08-27,Santos,2.657316
2021-08-23,2021-08-27,Paranagua,2.642806
2021-08-23,2021-08-27,Tramandai,2.663882
2021-08-23,2021-08-27,Guamaré,2.789246
2021-08-23,2021-08-27,Duque de Caxias,2.840906
2021-08-23,2021-08-27,Betim,2.862044
2021-08-23,2021-08-27,Cubatão,2.692374
2021-08-23,2021-08-27,Mauá,2.710046
2021-08-23,2021-08-27,Paulínia,2.753278
2021-08-23,2021-08-27,São José dos Campos,2.739442
2021-08-23,2021-08-27,Araucária,2.703390
2021-08-23,2021-08-27,Canoas,2.724248
2021-08-30,2021-09-03,Manaus,2.733924
2021-08-30,2021-09-03,Itaqui,2.734766
2021-08-30,2021-09-03,Suape,2.733924
2021-08-30,2021-09-03,Aratu,2.736452
2021-08-30,2021-09-03,Santos,2.757518
2021-08-30,2021-09-03,Paranagua,2.742968
2021-08-30,2021-09-03,Tramandai,2.763848
2021-08-30,2021-09-03,Guamaré,2.888622
2021-08-30,2021-09-03,Duque de Caxias,2.938146
2021-08-30,2021-09-03,Betim,2.958938
2021-08-30,2021-09-03,Cubatão,2.792006
2021-08-30,2021-09-03,Mauá,2.809394
2021-08-30,2021-09-03,Paulínia,2.851924
2021-08-30,2021-09-03,São José dos Campos,2.838318
2021-08-30,2021-09-03,Araucária,2.802572
2021-08-30,2021-09-03,Canoas,2.823240
2021-09-06,2021-09-10,Manaus,2.756328
2021-09-06,2021-09-10,Itaqui,2.757170
2021-09-06,2021-09-10,Suape,2.756328
2021-09-06,2021-09-10,Aratu,2.758855
2021-09-06,2021-09-10,Santos,2.779435
2021-09-06,2021-09-10,Paranagua,2.764873
2021-09-06,2021-09-10,Tramandai,2.785765
2021-09-06,2021-09-10,Guamaré,2.913438
2021-09-06,2021-09-10,Duque de Caxias,2.962878
2021-09-06,2021-09-10,Betim,2.983998
2021-09-06,2021-09-10,Cubatão,2.814465
2021-09-06,2021-09-10,Mauá,2.832120
2021-09-06,2021-09-10,Paulínia,2.875315
2021-09-06,2021-09-10,São José dos Campos,2.861493
2021-09-06,2021-09-10,Araucária,2.825405
2021-09-06,2021-09-10,Canoas,2.846085
2021-09-13,2021-09-17,Manaus,2.829272
2021-09-13,2021-09-17,Itaqui,2.830080
2021-09-13,2021-09-17,Suape,2.829272
2021-09-13,2021-09-17,Aratu,2.831690
2021-09-13,2021-09-17,Santos,2.851706
2021-09-13,2021-09-17,Paranagua,2.837136
2021-09-13,2021-09-17,Tramandai,2.857766
2021-09-13,2021-09-17,Guamaré,2.986458
2021-09-13,2021-09-17,Duque de Caxias,3.035238
2021-09-13,2021-09-17,Betim,3.056366
2021-09-13,2021-09-17,Cubatão,2.886752
2021-09-13,2021-09-17,Mauá,2.904418
2021-09-13,2021-09-17,Paulínia,2.947634
2021-09-13,2021-09-17,São José dos Campos,2.933806
2021-09-13,2021-09-17,Araucária,2.897698
2021-09-13,2021-09-17,Canoas,2.918114
2021-09-20,2021-09-24,Manaus,2.808282
2021-09-20,2021-09-24,Itaqui,2.809106
2021-09-20,2021-09-24,Suape,2.808282
2021-09-20,2021-09-24,Aratu,2.810754
2021-09-20,2021-09-24,Santos,2.830632
2021-09-20,2021-09-24,Paranagua,2.816054
2021-09-20,2021-09-24,Tramandai,2.836838
2021-09-20,2021-09-24,Guamaré,2.966970
2021-09-20,2021-09-24,Duque de Caxias,3.015918
2021-09-20,2021-09-24,Betim,3.037250
2021-09-20,2021-09-24,Cubatão,2.866012
2021-09-20,2021-09-24,Mauá,2.883848
2021-09-20,2021-09-24,Paulínia,2.927476
2021-09-20,2021-09-24,São José dos Campos,2.913516
2021-09-20,2021-09-24,Araucária,2.877196
2021-09-20,2021-09-24,Canoas,2.897764
2021-09-27,2021-10-01,Manaus,2.990120
2021-09-27,2021-10-01,Itaqui,2.991046
2021-09-27,2021-10-01,Suape,2.990120
2021-09-27,2021-10-01,Aratu,2.992892
2021-09-27,2021-10-01,Santos,3.018194
2021-09-27,2021-10-01,Paranagua,3.003746
2021-09-27,2021-10-01,Tramandai,3.025070
2021-09-27,2021-10-01,Guamaré,3.151944
2021-09-27,2021-10-01,Duque de Caxias,3.207142
2021-09-27,2021-10-01,Betim,3.228898
2021-09-27,2021-10-01,Cubatão,3.054276
2021-09-27,2021-10-01,Mauá,3.072458
2021-09-27,2021-10-01,Paulínia,3.116956
2021-09-27,2021-10-01,São José dos Campos,3.102718
2021-09-27,2021-10-01,Araucária,3.066096
2021-09-27,2021-10-01,Canoas,3.087202
2021-10-04,2021-10-08,Manaus,3.169912
2021-10-04,2021-10-08,Itaqui,3.170840
2021-10-04,2021-10-08,Suape,3.169912
2021-10-04,2021-10-08,Aratu,3.172698
2021-10-04,2021-10-08,Santos,3.198948
2021-10-04,2021-10-08,Paranagua,3.184526
2021-10-04,2021-10-08,Tramandai,3.205854
2021-10-04,2021-10-08,Guamaré,3.333718
2021-10-04,2021-10-08,Duque de Caxias,3.390214
2021-10-04,2021-10-08,Betim,3.412232
2021-10-04,2021-10-08,Cubatão,3.235470
2021-10-04,2021-10-08,Mauá,3.253880
2021-10-04,2021-10-08,Paulínia,3.298918
2021-10-04,2021-10-08,São José dos Campos,3.284504
2021-10-04,2021-10-08,Araucária,3.247636
2021-10-04,2021-10-08,Canoas,3.268746
2021-10-11,2021-10-15,Manaus,3.294434
2021-10-11,2021-10-15,Itaqui,3.295328
2021-10-11,2021-10-15,Suape,3.294434
2021-10-11,2021-10-15,Aratu,3.297110
2021-10-11,2021-10-15,Santos,3.321986
2021-10-11,2021-10-15,Paranagua,3.307528
2021-10-11,2021-10-15,Tramandai,3.328620
2021-10-11,2021-10-15,Guamaré,3.459030
2021-10-11,2021-10-15,Duque de Caxias,3.514170
2021-10-11,2021-10-15,Betim,3.536296
2021-10-11,2021-10-15,Cubatão,3.358684
2021-10-11,2021-10-15,Mauá,3.377184
2021-10-11,2021-10-15,Paulínia,3.422434
2021-10-11,2021-10-15,São José dos Campos,3.407956
2021-10-11,2021-10-15,Araucária,3.370946
2021-10-11,2021-10-15,Canoas,3.391812
2021-10-18,2021-10-22,Manaus,3.488754
2021-10-18,2021-10-22,Itaqui,3.489678
2021-10-18,2021-10-22,Suape,3.488754
2021-10-18,2021-10-22,Aratu,3.491530
2021-10-18,2021-10-22,Santos,3.517188
2021-10-18,2021-10-22,Paranagua,3.502748
2021-10-18,2021-10-22,Tramandai,3.524074
2021-10-18,2021-10-22,Guamaré,3.656018
2021-10-18,2021-10-22,Duque de Caxias,3.712484
2021-10-18,2021-10-22,Betim,3.734972
2021-10-18,2021-10-22,Cubatão,3.554478
2021-10-18,2021-10-22,Mauá,3.573280
2021-10-18,2021-10-22,Paulínia,3.619266
2021-10-18,2021-10-22,São José dos Campos,3.604552
2021-10-18,2021-10-22,Araucária,3.567194
2021-10-18,2021-10-22,Canoas,3.588292
2021-10-25,2021-10-29,Manaus,3.456516
2021-10-25,2021-10-29,Itaqui,3.457526
2021-10-25,2021-10-29,Suape,3.456516
2021-10-25,2021-10-29,Aratu,3.459550
2021-10-25,2021-10-29,Santos,3.491016
2021-10-25,2021-10-29,Paranagua,3.476716
2021-10-25,2021-10-29,Tramandai,3.498456
2021-10-25,2021-10-29,Guamaré,3.623386
2021-10-25,2021-10-29,Duque de Caxias,3.685854
2021-10-25,2021-10-29,Betim,3.708286
2021-10-25,2021-10-29,Cubatão,3.528220
2021-10-25,2021-10-29,Mauá,3.546976
2021-10-25,2021-10-29,Paulínia,3.592856
2021-10-25,2021-10-29,São José dos Campos,3.578170
2021-10-25,2021-10-29,Araucária,3.541008
2021-10-25,2021-10-29,Canoas,3.562524
2021-11-01,2021-11-05,Manaus,3.414194
2021-11-01,2021-11-05,Itaqui,3.415368
2021-11-01,2021-11-05,Suape,3.414194
2021-11-01,2021-11-05,Aratu,3.417722
2021-11-01,2021-11-05,Santos,3.456898
2021-11-01,2021-11-05,Paranagua,3.442780
2021-11-01,2021-11-05,Tramandai,3.465502
2021-11-01,2021-11-05,Guamaré,3.582026
2021-11-01,2021-11-05,Duque de Caxias,3.652862
2021-11-01,2021-11-05,Betim,3.675422
2021-11-01,2021-11-05,Cubatão,3.494318
2021-11-01,2021-11-05,Mauá,3.513180
2021-11-01,2021-11-05,Paulínia,3.559324
2021-11-01,2021-11-05,São José dos Campos,3.544562
2021-11-01,2021-11-05,Araucária,3.507444
2021-11-01,2021-11-05,Canoas,3.529938
2021-11-08,2021-11-12,Manaus,3.259098
2021-11-08,2021-11-12,Itaqui,3.260250
2021-11-08,2021-11-12,Suape,3.259098
2021-11-08,2021-11-12,Aratu,3.262556
2021-11-08,2021-11-12,Santos,3.301464
2021-11-08,2021-11-12,Paranagua,3.287342
2021-11-08,2021-11-12,Tramandai,3.309884
2021-11-08,2021-11-12,Guamaré,3.422742
2021-11-08,2021-11-12,Duque de Caxias,3.492536
2021-11-08,2021-11-12,Betim,3.514534
2021-11-08,2021-11-12,Cubatão,3.337950
2021-11-08,2021-11-12,Mauá,3.356342
2021-11-08,2021-11-12,Paulínia,3.401332
2021-11-08,2021-11-12,São José dos Campos,3.386936
2021-11-08,2021-11-12,Araucária,3.350390
2021-11-08,2021-11-12,Canoas,3.372708
2021-11-15,2021-11-19,Manaus,3.246178
2021-11-15,2021-11-19,Itaqui,3.247256
2021-11-15,2021-11-19,Suape,3.246178
2021-11-15,2021-11-19,Aratu,3.249404
2021-11-15,2021-11-19,Santos,3.284582
2021-11-15,2021-11-19,Paranagua,3.270370
2021-11-15,2021-11-19,Tramandai,3.292450
2021-11-15,2021-11-19,Guamaré,3.411440
2021-11-15,2021-11-19,Duque de Caxias,3.477538
2021-11-15,2021-11-19,Betim,3.499754
2021-11-15,2021-11-19,Cubatão,3.321426
2021-11-15,2021-11-19,Mauá,3.340000
2021-11-15,2021-11-19,Paulínia,3.385436
2021-11-15,2021-11-19,São José dos Campos,3.370896
2021-11-15,2021-11-19,Araucária,3.334042
2021-11-15,2021-11-19,Canoas,3.355898
2021-11-22,2021-11-24,Manaus,3.203157
2021-11-22,2021-11-24,Itaqui,3.204170
2021-11-22,2021-11-24,Suape,3.203157
2021-11-22,2021-11-24,Aratu,3.206197
2021-11-22,2021-11-24,Santos,3.238087
2021-11-22,2021-11-24,Paranagua,3.223800
2021-11-22,2021-11-24,Tramandai,3.245537
2021-11-22,2021-11-24,Guamaré,3.370460
2021-11-22,2021-11-24,Duque de Caxias,3.433427
2021-11-22,2021-11-24,Betim,3.455917
2021-11-22,2021-11-24,Cubatão,3.275390
2021-11-22,2021-11-24,Mauá,3.294193
2021-11-22,2021-11-24,Paulínia,3.340190
2021-11-22,2021-11-24,São José dos Campos,3.325470
2021-11-22,2021-11-24,Araucária,3.288257
2021-11-22,2021-11-24,Canoas,3.309773
2021-11-29,2021-12-03,Manaus,2.929306
2021-11-29,2021-12-03,Itaqui,2.930318
2021-11-29,2021-12-03,Suape,2.929306
2021-11-29,2021-12-03,Aratu,2.932342
2021-11-29,2021-12-03,Santos,2.963438
2021-11-29,2021-12-03,Paranagua,2.949130
2021-11-29,2021-12-03,Tramandai,2.970900
2021-11-29,2021-12-03,Guamaré,3.098156
2021-11-29,2021-12-03,Duque de Caxias,3.160596
2021-11-29,2021-12-03,Betim,3.183292
2021-11-29,2021-12-03,Cubatão,3.001088
2021-11-29,2021-12-03,Mauá,3.020064
2021-11-29,2021-12-03,Paulínia,3.066490
2021-11-29,2021-12-03,São José dos Campos,3.051636
2021-11-29,2021-12-03,Araucária,3.014190
2021-11-29,2021-12-03,Canoas,3.035726
2021-12-06,2021-12-10,Manaus,2.976262
2021-12-06,2021-12-10,Itaqui,2.977382
2021-12-06,2021-12-10,Suape,2.976262
2021-12-06,2021-12-10,Aratu,2.979626
2021-12-06,2021-12-10,Santos,3.017262
2021-12-06,2021-12-10,Paranagua,3.003110
2021-12-06,2021-12-10,Tramandai,3.025454
2021-12-06,2021-12-10,Guamaré,3.143836
2021-12-06,2021-12-10,Duque de Caxias,3.212920
2021-12-06,2021-12-10,Betim,3.235444
2021-12-06,2021-12-10,Cubatão,3.054622
2021-12-06,2021-12-10,Mauá,3.073456
2021-12-06,2021-12-10,Paulínia,3.119528
2021-12-06,2021-12-10,São José dos Campos,3.104786
2021-12-06,2021-12-10,Araucária,3.067670
2021-12-06,2021-12-10,Canoas,3.089788
2021-12-13,2021-12-17,Manaus,3.106780
2021-12-13,2021-12-17,Itaqui,3.107976
2021-12-13,2021-12-17,Suape,3.106780
2021-12-13,2021-12-17,Aratu,3.110372
2021-12-13,2021-12-17,Santos,3.151580
2021-12-13,2021-12-17,Paranagua,3.137514
2021-12-13,2021-12-17,Tramandai,3.160310
2021-12-13,2021-12-17,Guamaré,3.276808
2021-12-13,2021-12-17,Duque de Caxias,3.350108
2021-12-13,2021-12-17,Betim,3.372968
2021-12-13,2021-12-17,Cubatão,3.189492
2021-12-13,2021-12-17,Mauá,3.208600
2021-12-13,2021-12-17,Paulínia,3.255348
2021-12-13,2021-12-17,São José dos Campos,3.240392
2021-12-13,2021-12-17,Araucária,3.203026
2021-12-13,2021-12-17,Canoas,3.225590
2021-12-20,2021-12-23,Manaus,3.137833
2021-12-20,2021-12-23,Itaqui,3.138918
2021-12-20,2021-12-23,Suape,3.137833
2021-12-20,2021-12-23,Aratu,3.141090
2021-12-20,2021-12-23,Santos,3.178948
2021-12-20,2021-12-23,Paranagua,3.164808
2021-12-20,2021-12-23,Tramandai,3.186853
2021-12-20,2021-12-23,Guamaré,3.308243
2021-12-20,2021-12-23,Duque de Caxias,3.377920
2021-12-20,2021-12-23,Betim,3.400828
2021-12-20,2021-12-23,Cubatão,3.216945
2021-12-20,2021-12-23,Mauá,3.236098
2021-12-20,2021-12-23,Paulínia,3.282948
2021-12-20,2021-12-23,São José dos Campos,3.267955
2021-12-20,2021-12-23,Araucária,3.230460
2021-12-20,2021-12-23,Canoas,3.252278
2021-12-27,2021-12-30,Manaus,3.253805
2021-12-27,2021-12-30,Itaqui,3.254870
2021-12-27,2021-12-30,Suape,3.253805
2021-12-27,2021-12-30,Aratu,3.257003
2021-12-27,2021-12-30,Santos,3.293285
2021-12-27,2021-12-30,Paranagua,3.279103
2021-12-27,2021-12-30,Tramandai,3.301065
2021-12-27,2021-12-30,Guamaré,3.422208
2021-12-27,2021-12-30,Duque de Caxias,3.489915
2021-12-27,2021-12-30,Betim,3.512553
2021-12-27,2021-12-30,Cubatão,3.330830
2021-12-27,2021-12-30,Mauá,3.349760
2021-12-27,2021-12-30,Paulínia,3.396058
2021-12-27,2021-12-30,São José dos Campos,3.381243
2021-12-27,2021-12-30,Araucária,3.343985
2021-12-27,2021-12-30,Canoas,3.365723
2022-01-03,2022-01-07,Manaus,3.332078
2022-01-03,2022-01-07,Itaqui,3.333114
2022-01-03,2022-01-07,Suape,3.332078
2022-01-03,2022-01-07,Aratu,3.335190
2022-01-03,2022-01-07,Santos,3.368930
2022-01-03,2022-01-07,Paranagua,3.354626
2022-01-03,2022-01-07,Tramandai,3.376606
2022-01-03,2022-01-07,Guamaré,3.501572
2022-01-03,2022-01-07,Duque de Caxias,3.566834
2022-01-03,2022-01-07,Betim,3.589616
2022-01-03,2022-01-07,Cubatão,3.406722
2022-01-03,2022-01-07,Mauá,3.425770
2022-01-03,2022-01-07,Paulínia,3.472368
2022-01-03,2022-01-07,São José dos Campos,3.457458
2022-01-03,2022-01-07,Araucária,3.419930
2022-01-03,2022-01-07,Canoas,3.441680
2022-01-10,2022-01-14,Manaus,3.287478
2022-01-10,2022-01-14,Itaqui,3.288494
2022-01-10,2022-01-14,Suape,3.287478
2022-01-10,2022-01-14,Aratu,3.290530
2022-01-10,2022-01-14,Santos,3.324582
2022-01-10,2022-01-14,Paranagua,3.310286
2022-01-10,2022-01-14,Tramandai,3.332092
2022-01-10,2022-01-14,Guamaré,3.453770
2022-01-10,2022-01-14,Duque de Caxias,3.518750
2022-01-10,2022-01-14,Betim,3.541104
2022-01-10,2022-01-14,Cubatão,3.361660
2022-01-10,2022-01-14,Mauá,3.380350
2022-01-10,2022-01-14,Paulínia,3.426070
2022-01-10,2022-01-14,São José dos Campos,3.411440
2022-01-10,2022-01-14,Araucária,3.374360
2022-01-10,2022-01-14,Canoas,3.395936
2022-01-17,2022-01-21,Manaus,3.365360
2022-01-17,2022-01-21,Itaqui,3.366335
2022-01-17,2022-01-21,Suape,3.365360
2022-01-17,2022-01-21,Aratu,3.368293
2022-01-17,2022-01-21,Santos,3.400303
2022-01-17,2022-01-21,Paranagua,3.385963
2022-01-17,2022-01-21,Tramandai,3.407533
2022-01-17,2022-01-21,Guamaré,3.528900
2022-01-17,2022-01-21,Duque de Caxias,3.591253
2022-01-17,2022-01-21,Betim,3.613240
2022-01-17,2022-01-21,Cubatão,3.436765
2022-01-17,2022-01-21,Mauá,3.455145
2022-01-17,2022-01-21,Paulínia,3.500108
2022-01-17,2022-01-21,São José dos Campos,3.485723
2022-01-17,2022-01-21,Araucária,3.448973
2022-01-17,2022-01-21,Canoas,3.470318
2022-01-24,2022-01-28,Manaus,3.386052
2022-01-24,2022-01-28,Itaqui,3.386992
2022-01-24,2022-01-28,Suape,3.386052
2022-01-24,2022-01-28,Aratu,3.388864
2022-01-24,2022-01-28,Santos,3.418916
2022-01-24,2022-01-28,Paranagua,3.404534
2022-01-24,2022-01-28,Tramandai,3.425854
2022-01-24,2022-01-28,Guamaré,3.548420
2022-01-24,2022-01-28,Duque de Caxias,3.608498
2022-01-24,2022-01-28,Betim,3.630326
2022-01-24,2022-01-28,Cubatão,3.455116
2022-01-24,2022-01-28,Mauá,3.473368
2022-01-24,2022-01-28,Paulínia,3.518008
2022-01-24,2022-01-28,São José dos Campos,3.503722
2022-01-24,2022-01-28,Araucária,3.467094
2022-01-24,2022-01-28,Canoas,3.488194
2022-01-31,2022-02-04,Manaus,3.475714
2022-01-31,2022-02-04,Itaqui,3.476654
2022-01-31,2022-02-04,Suape,3.475714
2022-01-31,2022-02-04,Aratu,3.478532
2022-01-31,2022-02-04,Santos,3.508106
2022-01-31,2022-02-04,Paranagua,3.493710
2022-01-31,2022-02-04,Tramandai,3.515066
2022-01-31,2022-02-04,Guamaré,3.633970
2022-01-31,2022-02-04,Duque de Caxias,3.692882
2022-01-31,2022-02-04,Betim,3.714154
2022-01-31,2022-02-04,Cubatão,3.543390
2022-01-31,2022-02-04,Mauá,3.561176
2022-01-31,2022-02-04,Paulínia,3.604682
2022-01-31,2022-02-04,São José dos Campos,3.590760
2022-01-31,2022-02-04,Araucária,3.554682
2022-01-31,2022-02-04,Canoas,3.575824
2022-02-07,2022-02-11,Manaus,3.550366
2022-02-07,2022-02-11,Itaqui,3.551332
2022-02-07,2022-02-11,Suape,3.550366
2022-02-07,2022-02-11,Aratu,3.553256
2022-02-07,2022-02-11,Santos,3.586034
2022-02-07,2022-02-11,Paranagua,3.571712
2022-02-07,2022-02-11,Tramandai,3.593128
2022-02-07,2022-02-11,Guamaré,3.706912
2022-02-07,2022-02-11,Duque de Caxias,3.768822
2022-02-07,2022-02-11,Betim,3.789864
2022-02-07,2022-02-11,Cubatão,3.620938
2022-02-07,2022-02-11,Mauá,3.638532
2022-02-07,2022-02-11,Paulínia,3.681572
2022-02-07,2022-02-11,São José dos Campos,3.667800
2022-02-07,2022-02-11,Araucária,3.632028
2022-02-07,2022-02-11,Canoas,3.653234
2022-02-14,2022-02-18,Manaus,3.549812
2022-02-14,2022-02-18,Itaqui,3.550854
2022-02-14,2022-02-18,Suape,3.549812
2022-02-14,2022-02-18,Aratu,3.552940
2022-02-14,2022-02-18,Santos,3.590126
2022-02-14,2022-02-18,Paranagua,3.575900
2022-02-14,2022-02-18,Tramandai,3.597776
2022-02-14,2022-02-18,Guamaré,3.704202
2022-02-14,2022-02-18,Duque de Caxias,3.770396
2022-02-14,2022-02-18,Betim,3.791152
2022-02-14,2022-02-18,Cubatão,3.624552
2022-02-14,2022-02-18,Mauá,3.641898
2022-02-14,2022-02-18,Paulínia,3.684350
2022-02-14,2022-02-18,São José dos Campos,3.670766
2022-02-14,2022-02-18,Araucária,3.635384
2022-02-14,2022-02-18,Canoas,3.657050
2022-02-21,2022-02-25,Manaus,3.501628
2022-02-21,2022-02-25,Itaqui,3.502790
2022-02-21,2022-02-25,Suape,3.501628
2022-02-21,2022-02-25,Aratu,3.505115
2022-02-21,2022-02-25,Santos,3.547268
2022-02-21,2022-02-25,Paranagua,3.533148
2022-02-21,2022-02-25,Tramandai,3.555778
2022-02-21,2022-02-25,Guamaré,3.653488
2022-02-21,2022-02-25,Duque de Caxias,3.724583
2022-02-21,2022-02-25,Betim,3.745000
2022-02-21,2022-02-25,Cubatão,3.581128
2022-02-21,2022-02-25,Mauá,3.598195
2022-02-21,2022-02-25,Paulínia,3.639948
2022-02-21,2022-02-25,São José dos Campos,3.626588
2022-02-21,2022-02-25,Araucária,3.591655
2022-02-21,2022-02-25,Canoas,3.614083
2022-02-28,2022-03-04,Manaus,3.862356
2022-02-28,2022-03-04,Itaqui,3.863566
2022-02-28,2022-03-04,Suape,3.862356
2022-02-28,2022-03-04,Aratu,3.865986
2022-02-28,2022-03-04,Santos,3.912738
2022-02-28,2022-03-04,Paranagua,3.898718
2022-02-28,2022-03-04,Tramandai,3.921542
2022-02-28,2022-03-04,Guamaré,4.014930
2022-02-28,2022-03-04,Duque de Caxias,4.090888
2022-02-28,2022-03-04,Betim,4.111396
2022-02-28,2022-03-04,Cubatão,3.946754
2022-02-28,2022-03-04,Mauá,3.963902
2022-02-28,2022-03-04,Paulínia,4.005850
2022-02-28,2022-03-04,São José dos Campos,3.992430
2022-02-28,2022-03-04,Araucária,3.957506
2022-02-28,2022-03-04,Canoas,3.980122
2022-03-07,2022-03-11,Manaus,4.261772
2022-03-07,2022-03-11,Itaqui,4.263052
2022-03-07,2022-03-11,Suape,4.261772
2022-03-07,2022-03-11,Aratu,4.265620
2022-03-07,2022-03-11,Santos,4.315028
2022-03-07,2022-03-11,Paranagua,4.301066
2022-03-07,2022-03-11,Tramandai,4.324354
2022-03-07,2022-03-11,Guamaré,4.412462
2022-03-07,2022-03-11,Duque de Caxias,4.490974
2022-03-07,2022-03-11,Betim,4.511230
2022-03-07,2022-03-11,Cubatão,4.348626
2022-03-07,2022-03-11,Mauá,4.365560
2022-03-07,2022-03-11,Paulínia,4.406988
2022-03-07,2022-03-11,São José dos Campos,4.393732
2022-03-07,2022-03-11,Araucária,4.359126
2022-03-07,2022-03-11,Canoas,4.382208
2022-03-14,2022-03-18,Manaus,3.858630
2022-03-14,2022-03-18,Itaqui,3.859902
2022-03-14,2022-03-18,Suape,3.858630
2022-03-14,2022-03-18,Aratu,3.862446
2022-03-14,2022-03-18,Santos,3.912168
2022-03-14,2022-03-18,Paranagua,3.898216
2022-03-14,2022-03-18,Tramandai,3.921406
2022-03-14,2022-03-18,Guamaré,4.010920
2022-03-14,2022-03-18,Duque de Caxias,4.089984
2022-03-14,2022-03-18,Betim,4.110456
2022-03-14,2022-03-18,Cubatão,3.946124
2022-03-14,2022-03-18,Mauá,3.963240
2022-03-14,2022-03-18,Paulínia,4.005108
2022-03-14,2022-03-18,São José dos Campos,3.991712
2022-03-14,2022-03-18,Araucária,3.956890
2022-03-14,2022-03-18,Canoas,3.979874
2022-03-21,2022-03-25,Manaus,3.968666
2022-03-21,2022-03-25,Itaqui,3.969720
2022-03-21,2022-03-25,Suape,3.968666
2022-03-21,2022-03-25,Aratu,3.971834
2022-03-21,2022-03-25,Santos,4.012316
2022-03-21,2022-03-25,Paranagua,3.998166
2022-03-21,2022-03-25,Tramandai,4.020000
2022-03-21,2022-03-25,Guamaré,4.113948
2022-03-21,2022-03-25,Duque de Caxias,4.181946
2022-03-21,2022-03-25,Betim,4.201476
2022-03-21,2022-03-25,Cubatão,4.044708
2022-03-21,2022-03-25,Mauá,4.061036
2022-03-21,2022-03-25,Paulínia,4.100980
2022-03-21,2022-03-25,São José dos Campos,4.088196
2022-03-21,2022-03-25,Araucária,4.054142
2022-03-21,2022-03-25,Canoas,4.075782
2022-03-28,2022-04-01,Manaus,3.737622
2022-03-28,2022-04-01,Itaqui,3.738868
2022-03-28,2022-04-01,Suape,3.737622
2022-03-28,2022-04-01,Aratu,3.741354
2022-03-28,2022-04-01,Santos,3.791174
2022-03-28,2022-04-01,Paranagua,3.777226
2022-03-28,2022-04-01,Tramandai,3.800170
2022-03-28,2022-04-01,Guamaré,3.879544
2022-03-28,2022-04-01,Duque de Caxias,3.956882
2022-03-28,2022-04-01,Betim,3.975958
2022-03-28,2022-04-01,Cubatão,3.822818
2022-03-28,2022-04-01,Mauá,3.838766
2022-03-28,2022-04-01,Paulínia,3.877784
2022-03-28,2022-04-01,São José dos Campos,3.865300
2022-03-28,2022-04-01,Araucária,3.831906
2022-03-28,2022-04-01,Canoas,3.854654
2022-04-04,2022-04-08,Manaus,3.544168
2022-04-04,2022-04-08,Itaqui,3.546628
2022-04-04,2022-04-08,Suape,3.544168
2022-04-04,2022-04-08,Aratu,3.551546
2022-04-04,2022-04-08,Santos,3.640458
2022-04-04,2022-04-08,Paranagua,3.627310
2022-04-04,2022-04-08,Tramandai,3.658462
2022-04-04,2022-04-08,Guamaré,3.684338
2022-04-04,2022-04-08,Duque de Caxias,3.804120
2022-04-04,2022-04-08,Betim,3.822962
2022-04-04,2022-04-08,Cubatão,3.671708
2022-04-04,2022-04-08,Mauá,3.687462
2022-04-04,2022-04-08,Paulínia,3.726000
2022-04-04,2022-04-08,São José dos Campos,3.713670
2022-04-04,2022-04-08,Araucária,3.681316
2022-04-04,2022-04-08,Canoas,3.712276
2022-04-11,2022-04-14,Manaus,3.573775
2022-04-11,2022-04-14,Itaqui,3.576465
2022-04-11,2022-04-14,Suape,3.573775
2022-04-11,2022-04-14,Aratu,3.581843
2022-04-11,2022-04-14,Santos,3.674580
2022-04-11,2022-04-14,Paranagua,3.661503
2022-04-11,2022-04-14,Tramandai,3.694373
2022-04-11,2022-04-14,Guamaré,3.713823
2022-04-11,2022-04-14,Duque de Caxias,3.838100
2022-04-11,2022-04-14,Betim,3.856925
2022-04-11,2022-04-14,Cubatão,3.705805
2022-04-11,2022-04-14,Mauá,3.721545
2022-04-11,2022-04-14,Paulínia,3.760048
2022-04-11,2022-04-14,São José dos Campos,3.747730
2022-04-11,2022-04-14,Araucária,3.715460
2022-04-11,2022-04-14,Canoas,3.748138
2022-04-18,2022-04-22,Manaus,3.769524
2022-04-18,2022-04-22,Itaqui,3.770700
2022-04-18,2022-04-22,Suape,3.769524
2022-04-18,2022-04-22,Aratu,3.773048
2022-04-18,2022-04-22,Santos,3.825974
2022-04-18,2022-04-22,Paranagua,3.812106
2022-04-18,2022-04-22,Tramandai,3.834358
2022-04-18,2022-04-22,Guamaré,3.909272
2022-04-18,2022-04-22,Duque de Caxias,3.989144
2022-04-18,2022-04-22,Betim,4.007928
2022-04-18,2022-04-22,Cubatão,3.857132
2022-04-18,2022-04-22,Mauá,3.872838
2022-04-18,2022-04-22,Paulínia,3.911258
2022-04-18,2022-04-22,São José dos Campos,3.898964
2022-04-18,2022-04-22,Araucária,3.865946
2022-04-18,2022-04-22,Canoas,3.888012
2022-04-25,2022-04-29,Manaus,3.923884
2022-04-25,2022-04-29,Itaqui,3.925000
2022-04-25,2022-04-29,Suape,3.923884
2022-04-25,2022-04-29,Aratu,3.927236
2022-04-25,2022-04-29,Santos,3.971072
2022-04-25,2022-04-29,Paranagua,3.956992
2022-04-25,2022-04-29,Tramandai,3.979184
2022-04-25,2022-04-29,Guamaré,4.071260
2022-04-25,2022-04-29,Duque de Caxias,4.143152
2022-04-25,2022-04-29,Betim,4.162962
2022-04-25,2022-04-29,Cubatão,4.003932
2022-04-25,2022-04-29,Mauá,4.020490
2022-04-25,2022-04-29,Paulínia,4.061012
2022-04-25,2022-04-29,São José dos Campos,4.048048
2022-04-25,2022-04-29,Araucária,4.013774
2022-04-25,2022-04-29,Canoas,4.035772
2022-05-02,2022-05-06,Manaus,4.294798
2022-05-02,2022-05-06,Itaqui,4.292012
2022-05-02,2022-05-06,Suape,4.287986
2022-05-02,2022-05-06,Aratu,4.295076
2022-05-02,2022-05-06,Santos,4.299816
2022-05-02,2022-05-06,Paranagua,4.285234
2022-05-02,2022-05-06,Tramandai,4.311696
2022-05-02,2022-05-06,Guamaré,4.438242
2022-05-02,2022-05-06,Duque de Caxias,4.475256
2022-05-02,2022-05-06,Betim,4.495456
2022-05-02,2022-05-06,Cubatão,4.333316
2022-05-02,2022-05-06,Mauá,4.350204
2022-05-02,2022-05-06,Paulínia,4.391514
2022-05-02,2022-05-06,São José dos Campos,4.378296
2022-05-02,2022-05-06,Araucária,4.343126
2022-05-02,2022-05-06,Canoas,4.369386
2022-05-09,2022-05-13,Manaus,4.571538
2022-05-09,2022-05-13,Itaqui,4.569320
2022-05-09,2022-05-13,Suape,4.565824
2022-05-09,2022-05-13,Aratu,4.572128
2022-05-09,2022-05-13,Santos,4.576572
2022-05-09,2022-05-13,Paranagua,4.561924
2022-05-09,2022-05-13,Tramandai,4.587482
2022-05-09,2022-05-13,Guamaré,4.718676
2022-05-09,2022-05-13,Duque de Caxias,4.755040
2022-05-09,2022-05-13,Betim,4.775588
2022-05-09,2022-05-13,Cubatão,4.610652
2022-05-09,2022-05-13,Mauá,4.627830
2022-05-09,2022-05-13,Paulínia,4.669856
2022-05-09,2022-05-13,São José dos Campos,4.656406
2022-05-09,2022-05-13,Araucária,4.620818
2022-05-09,2022-05-13,Canoas,4.646162
2022-05-16,2022-05-20,Manaus,4.714090
2022-05-16,2022-05-20,Itaqui,4.711698
2022-05-16,2022-05-20,Suape,4.707224
2022-05-16,2022-05-20,Aratu,4.715634
2022-05-16,2022-05-20,Santos,4.722108
2022-05-16,2022-05-20,Paranagua,4.707530
2022-05-16,2022-05-20,Tramandai,4.737468
2022-05-16,2022-05-20,Guamaré,4.855140
2022-05-16,2022-05-20,Duque de Caxias,4.894816
2022-05-16,2022-05-20,Betim,4.914700
2022-05-16,2022-05-20,Cubatão,4.755084
2022-05-16,2022-05-20,Mauá,4.771710
2022-05-16,2022-05-20,Paulínia,4.812376
2022-05-16,2022-05-20,São José dos Campos,4.799364
2022-05-16,2022-05-20,Araucária,4.764522
2022-05-16,2022-05-20,Canoas,4.794256
2022-05-23,2022-05-27,Manaus,4.450730
2022-05-23,2022-05-27,Itaqui,4.447618
2022-05-23,2022-05-27,Suape,4.442392
2022-05-23,2022-05-27,Aratu,4.451960
2022-05-23,2022-05-27,Santos,4.458942
2022-05-23,2022-05-27,Paranagua,4.444458
2022-05-23,2022-05-27,Tramandai,4.475850
2022-05-23,2022-05-27,Guamaré,4.585516
2022-05-23,2022-05-27,Duque de Caxias,4.626052
2022-05-23,2022-05-27,Betim,4.645294
2022-05-23,2022-05-27,Cubatão,4.490854
2022-05-23,2022-05-27,Mauá,4.506936
2022-05-23,2022-05-27,Paulínia,4.546288
2022-05-23,2022-05-27,São José dos Campos,4.533694
2022-05-23,2022-05-27,Araucária,4.499600
2022-05-23,2022-05-27,Canoas,4.530798
2022-05-30,2022-06-03,Manaus,4.640005
2022-05-30,2022-06-03,Itaqui,4.636963
2022-05-30,2022-06-03,Suape,4.631835
2022-05-30,2022-06-03,Aratu,4.641220
2022-05-30,2022-06-03,Santos,4.648073
2022-05-30,2022-06-03,Paranagua,4.633575
2022-05-30,2022-06-03,Tramandai,4.664658
2022-05-30,2022-06-03,Guamaré,4.774778
2022-05-30,2022-06-03,Duque de Caxias,4.814970
2022-05-30,2022-06-03,Betim,4.834188
2022-05-30,2022-06-03,Cubatão,4.679940
2022-05-30,2022-06-03,Mauá,4.696005
2022-05-30,2022-06-03,Paulínia,4.735305
2022-05-30,2022-06-03,São José dos Campos,4.722730
2022-05-30,2022-06-03,Araucária,4.688650
2022-05-30,2022-06-03,Canoas,4.719538
2022-06-06,2022-06-10,Manaus,4.894786
2022-06-06,2022-06-10,Itaqui,4.892360
2022-06-06,2022-06-10,Suape,4.888400
2022-06-06,2022-06-10,Aratu,4.895608
2022-06-06,2022-06-10,Santos,4.900800
2022-06-06,2022-06-10,Paranagua,4.886194
2022-06-06,2022-06-10,Tramandai,4.913436
2022-06-06,2022-06-10,Guamaré,5.034248
2022-06-06,2022-06-10,Duque de Caxias,5.071092
2022-06-06,2022-06-10,Betim,5.090696
2022-06-06,2022-06-10,Cubatão,4.933314
2022-06-06,2022-06-10,Mauá,4.949708
2022-06-06,2022-06-10,Paulínia,4.989808
2022-06-06,2022-06-10,São José dos Campos,4.976976
2022-06-06,2022-06-10,Araucária,4.942386
2022-06-06,2022-06-10,Canoas,4.969432
2022-06-13,2022-06-17,Manaus,4.577586
2022-06-13,2022-06-17,Itaqui,4.575020
2022-06-13,2022-06-17,Suape,4.570968
2022-06-13,2022-06-17,Aratu,4.578284
2022-06-13,2022-06-17,Santos,4.583462
2022-06-13,2022-06-17,Paranagua,4.568874
2022-06-13,2022-06-17,Tramandai,4.596156
2022-06-13,2022-06-17,Guamaré,4.723448
2022-06-13,2022-06-17,Duque de Caxias,4.761502
2022-06-13,2022-06-17,Betim,4.782000
2022-06-13,2022-06-17,Cubatão,4.617460
2022-06-13,2022-06-17,Mauá,4.634596
2022-06-13,2022-06-17,Paulínia,4.676518
2022-06-13,2022-06-17,São José dos Campos,4.663106
2022-06-13,2022-06-17,Araucária,4.627622
2022-06-13,2022-06-17,Canoas,4.654696
2022-06-20,2022-06-24,Manaus,4.457938
2022-06-20,2022-06-24,Itaqui,4.454775
2022-06-20,2022-06-24,Suape,4.449668
2022-06-20,2022-06-24,Aratu,4.458928
2022-06-20,2022-06-24,Santos,4.465535
2022-06-20,2022-06-24,Paranagua,4.451045
2022-06-20,2022-06-24,Tramandai,4.481678
2022-06-20,2022-06-24,Guamaré,4.604685
2022-06-20,2022-06-24,Duque de Caxias,4.646535
2022-06-20,2022-06-24,Betim,4.667370
2022-06-20,2022-06-24,Cubatão,4.500098
2022-06-20,2022-06-24,Mauá,4.517520
2022-06-20,2022-06-24,Paulínia,4.560140
2022-06-20,2022-06-24,São José dos Campos,4.546500
2022-06-20,2022-06-24,Araucária,4.510773
2022-06-20,2022-06-24,Canoas,4.541190
2022-06-27,2022-07-01,Manaus,4.389262
2022-06-27,2022-07-01,Itaqui,4.385992
2022-06-27,2022-07-01,Suape,4.380376
2022-06-27,2022-07-01,Aratu,4.390722
2022-06-27,2022-07-01,Santos,4.398364
2022-06-27,2022-07-01,Paranagua,4.383912
2022-06-27,2022-07-01,Tramandai,4.416786
2022-06-27,2022-07-01,Guamaré,4.536878
2022-06-27,2022-07-01,Duque de Caxias,4.581096
2022-06-27,2022-07-01,Betim,4.602134
2022-06-27,2022-07-01,Cubatão,4.433260
2022-06-27,2022-07-01,Mauá,4.450848
2022-06-27,2022-07-01,Paulínia,4.493874
2022-06-27,2022-07-01,São José dos Campos,4.480104
2022-06-27,2022-07-01,Araucária,4.444210
2022-06-27,2022-07-01,Canoas,4.476872
2022-07-04,2022-07-08,Manaus,4.029378
2022-07-04,2022-07-08,Itaqui,4.026288
2022-07-04,2022-07-08,Suape,4.021035
2022-07-04,2022-07-08,Aratu,4.030698
2022-07-04,2022-07-08,Santos,4.037815
2022-07-04,2022-07-08,Paranagua,4.023330
2022-07-04,2022-07-08,Tramandai,4.054993
2022-07-04,2022-07-08,Guamaré,4.181388
2022-07-04,2022-07-08,Duque de Caxias,4.225045
2022-07-04,2022-07-08,Betim,4.246598
2022-07-04,2022-07-08,Cubatão,4.073568
2022-07-04,2022-07-08,Mauá,4.091590
2022-07-04,2022-07-08,Paulínia,4.135678
2022-07-04,2022-07-08,São José dos Campos,4.121570
2022-07-04,2022-07-08,Araucária,4.085110
2022-07-04,2022-07-08,Canoas,4.116555
2022-07-11,2022-07-15,Manaus,3.921822
2022-07-11,2022-07-15,Itaqui,3.919048
2022-07-11,2022-07-15,Suape,3.914380
2022-07-11,2022-07-15,Aratu,3.922934
2022-07-11,2022-07-15,Santos,3.929190
2022-07-11,2022-07-15,Paranagua,3.914652
2022-07-11,2022-07-15,Tramandai,3.944330
2022-07-11,2022-07-15,Guamaré,4.075744
2022-07-11,2022-07-15,Duque de Caxias,4.117600
2022-07-11,2022-07-15,Betim,4.139292
2022-07-11,2022-07-15,Cubatão,3.965168
2022-07-11,2022-07-15,Mauá,3.983304
2022-07-11,2022-07-15,Paulínia,4.027670
2022-07-11,2022-07-15,São José dos Campos,4.013474
2022-07-11,2022-07-15,Araucária,3.976822
2022-07-11,2022-07-15,Canoas,4.006280
2022-07-18,2022-07-22,Manaus,3.850518
2022-07-18,2022-07-22,Itaqui,3.847686
2022-07-18,2022-07-22,Suape,3.842762
2022-07-18,2022-07-22,Aratu,3.851862
2022-07-18,2022-07-22,Santos,3.858636
2022-07-18,2022-07-22,Paranagua,3.844116
2022-07-18,2022-07-22,Tramandai,3.874916
2022-07-18,2022-07-22,Guamaré,4.005638
2022-07-18,2022-07-22,Duque de Caxias,4.048812
2022-07-18,2022-07-22,Betim,4.070710
2022-07-18,2022-07-22,Cubatão,3.894952
2022-07-18,2022-07-22,Mauá,3.913256
2022-07-18,2022-07-22,Paulínia,3.958036
2022-07-18,2022-07-22,São José dos Campos,3.943708
2022-07-18,2022-07-22,Araucária,3.906870
2022-07-18,2022-07-22,Canoas,3.937448
2022-07-25,2022-07-29,Manaus,3.745984
2022-07-25,2022-07-29,Itaqui,3.742690
2022-07-25,2022-07-29,Suape,3.736576
2022-07-25,2022-07-29,Aratu,3.748026
2022-07-25,2022-07-29,Santos,3.756780
2022-07-25,2022-07-29,Paranagua,3.742362
2022-07-25,2022-07-29,Tramandai,3.777606
2022-07-25,2022-07-29,Guamaré,3.894504
2022-07-25,2022-07-29,Duque de Caxias,3.941184
2022-07-25,2022-07-29,Betim,3.962414
2022-07-25,2022-07-29,Cubatão,3.791992
2022-07-25,2022-07-29,Mauá,3.809742
2022-07-25,2022-07-29,Paulínia,3.853162
2022-07-25,2022-07-29,São José dos Campos,3.839270
2022-07-25,2022-07-29,Araucária,3.803210
2022-07-25,2022-07-29,Canoas,3.838240
2022-08-01,2022-08-05,Manaus,3.652340
2022-08-01,2022-08-05,Itaqui,3.648388
2022-08-01,2022-08-05,Suape,3.640810
2022-08-01,2022-08-05,Aratu,3.655092
2022-08-01,2022-08-05,Santos,3.666144
2022-08-01,2022-08-05,Paranagua,3.651858
2022-08-01,2022-08-05,Tramandai,3.692318
2022-08-01,2022-08-05,Guamaré,3.796834
2022-08-01,2022-08-05,Duque de Caxias,3.848318
2022-08-01,2022-08-05,Betim,3.869292
2022-08-01,2022-08-05,Cubatão,3.700930
2022-08-01,2022-08-05,Mauá,3.718466
2022-08-01,2022-08-05,Paulínia,3.761364
2022-08-01,2022-08-05,São José dos Campos,3.747636
2022-08-01,2022-08-05,Araucária,3.711972
2022-08-01,2022-08-05,Canoas,3.752220
2022-08-08,2022-08-12,Manaus,3.493710
2022-08-08,2022-08-12,Itaqui,3.490892
2022-08-08,2022-08-12,Suape,3.485800
2022-08-08,2022-08-12,Aratu,3.495278
2022-08-08,2022-08-12,Santos,3.502432
2022-08-08,2022-08-12,Paranagua,3.487920
2022-08-08,2022-08-12,Tramandai,3.519532
2022-08-08,2022-08-12,Guamaré,3.638658
2022-08-08,2022-08-12,Duque de Caxias,3.680910
2022-08-08,2022-08-12,Betim,3.701460
2022-08-08,2022-08-12,Cubatão,3.536512
2022-08-08,2022-08-12,Mauá,3.553692
2022-08-08,2022-08-12,Paulínia,3.595716
2022-08-08,2022-08-12,São José dos Campos,3.582270
2022-08-08,2022-08-12,Araucária,3.546816
2022-08-08,2022-08-12,Canoas,3.578218
2022-08-15,2022-08-19,Manaus,3.489564
2022-08-15,2022-08-19,Itaqui,3.487618
2022-08-15,2022-08-19,Suape,3.484234
2022-08-15,2022-08-19,Aratu,3.490484
2022-08-15,2022-08-19,Santos,3.495126
2022-08-15,2022-08-19,Paranagua,3.480454
2022-08-15,2022-08-19,Tramandai,3.506290
2022-08-15,2022-08-19,Guamaré,3.638214
2022-08-15,2022-08-19,Duque de Caxias,3.674914
2022-08-15,2022-08-19,Betim,3.695614
2022-08-15,2022-08-19,Cubatão,3.529458
2022-08-15,2022-08-19,Mauá,3.546764
2022-08-15,2022-08-19,Paulínia,3.589096
2022-08-15,2022-08-19,São José dos Campos,3.575550
2022-08-15,2022-08-19,Araucária,3.539782
2022-08-15,2022-08-19,Canoas,3.565408
2022-08-22,2022-08-26,Manaus,3.400152
2022-08-22,2022-08-26,Itaqui,3.398206
2022-08-22,2022-08-26,Suape,3.394882
2022-08-22,2022-08-26,Aratu,3.400990
2022-08-22,2022-08-26,Santos,3.405488
2022-08-22,2022-08-26,Paranagua,3.390812
2022-08-22,2022-08-26,Tramandai,3.416336
2022-08-22,2022-08-26,Guamaré,3.547664
2022-08-22,2022-08-26,Duque de Caxias,3.583872
2022-08-22,2022-08-26,Betim,3.604410
2022-08-22,2022-08-26,Cubatão,3.439548
2022-08-22,2022-08-26,Mauá,3.456722
2022-08-22,2022-08-26,Paulínia,3.498724
2022-08-22,2022-08-26,São José dos Campos,3.485284
2022-08-22,2022-08-26,Araucária,3.449674
2022-08-22,2022-08-26,Canoas,3.474994
2022-08-29,2022-09-02,Manaus,3.098470
2022-08-29,2022-09-02,Itaqui,3.096556
2022-08-29,2022-09-02,Suape,3.093374
2022-08-29,2022-09-02,Aratu,3.099190
2022-08-29,2022-09-02,Santos,3.103422
2022-08-29,2022-09-02,Paranagua,3.088738
2022-08-29,2022-09-02,Tramandai,3.113680
2022-08-29,2022-09-02,Guamaré,3.247088
2022-08-29,2022-09-02,Duque de Caxias,3.282904
2022-08-29,2022-09-02,Betim,3.303570
2022-08-29,2022-09-02,Cubatão,3.137696
2022-08-29,2022-09-02,Mauá,3.154972
2022-08-29,2022-09-02,Paulínia,3.197232
2022-08-29,2022-09-02,São José dos Campos,3.183712
2022-08-29,2022-09-02,Araucária,3.147964
2022-08-29,2022-09-02,Canoas,3.172698
2022-09-05,2022-09-09,Manaus,2.910898
2022-09-05,2022-09-09,Itaqui,2.908798
2022-09-05,2022-09-09,Suape,2.904165
2022-09-05,2022-09-09,Aratu,2.913135
2022-09-05,2022-09-09,Santos,2.920440
2022-09-05,2022-09-09,Paranagua,2.905855
2022-09-05,2022-09-09,Tramandai,2.937420
2022-09-05,2022-09-09,Guamaré,3.059910
2022-09-05,2022-09-09,Duque de Caxias,3.102290
2022-09-05,2022-09-09,Betim,3.123223
2022-09-05,2022-09-09,Cubatão,2.955165
2022-09-05,2022-09-09,Mauá,2.972670
2022-09-05,2022-09-09,Paulínia,3.015490
2022-09-05,2022-09-09,São José dos Campos,3.001788
2022-09-05,2022-09-09,Araucária,2.965863
2022-09-05,2022-09-09,Canoas,2.997218
2022-09-12,2022-09-16,Manaus,3.008590
2022-09-12,2022-09-16,Itaqui,3.005462
2022-09-12,2022-09-16,Suape,2.999326
2022-09-12,2022-09-16,Aratu,3.010954
2022-09-12,2022-09-16,Santos,3.020050
2022-09-12,2022-09-16,Paranagua,3.005624
2022-09-12,2022-09-16,Tramandai,3.041514
2022-09-12,2022-09-16,Guamaré,3.154440
2022-09-12,2022-09-16,Duque de Caxias,3.201168
2022-09-12,2022-09-16,Betim,3.222018
2022-09-12,2022-09-16,Cubatão,3.054638
2022-09-12,2022-09-16,Mauá,3.072070
2022-09-12,2022-09-16,Paulínia,3.114716
2022-09-12,2022-09-16,São José dos Campos,3.101070
2022-09-12,2022-09-16,Araucária,3.065388
2022-09-12,2022-09-16,Canoas,3.101068
2022-09-19,2022-09-23,Manaus,2.971496
2022-09-19,2022-09-23,Itaqui,2.968820
2022-09-19,2022-09-23,Suape,2.963188
2022-09-19,2022-09-23,Aratu,2.973984
2022-09-19,2022-09-23,Santos,2.982622
2022-09-19,2022-09-23,Paranagua,2.968132
2022-09-19,2022-09-23,Tramandai,3.002824
2022-09-19,2022-09-23,Guamaré,3.117762
2022-09-19,2022-09-23,Duque de Caxias,3.163100
2022-09-19,2022-09-23,Betim,3.183876
2022-09-19,2022-09-23,Cubatão,3.017084
2022-09-19,2022-09-23,Mauá,3.034454
2022-09-19,2022-09-23,Paulínia,3.076952
2022-09-19,2022-09-23,São José dos Campos,3.063354
2022-09-19,2022-09-23,Araucária,3.027690
2022-09-19,2022-09-23,Canoas,3.062168
2022-09-26,2022-09-30,Manaus,3.093652
2022-09-26,2022-09-30,Itaqui,3.090636
2022-09-26,2022-09-30,Suape,3.084004
2022-09-26,2022-09-30,Aratu,3.096848
2022-09-26,2022-09-30,Santos,3.107314
2022-09-26,2022-09-30,Paranagua,3.092908
2022-09-26,2022-09-30,Tramandai,3.131636
2022-09-26,2022-09-30,Guamaré,3.244594
2022-09-26,2022-09-30,Duque de Caxias,3.294820
2022-09-26,2022-09-30,Betim,3.316410
2022-09-26,2022-09-30,Cubatão,3.143120
2022-09-26,2022-09-30,Mauá,3.161168
2022-09-26,2022-09-30,Paulínia,3.205322
2022-09-26,2022-09-30,São José dos Campos,3.191192
2022-09-26,2022-09-30,Araucária,3.154782
2022-09-26,2022-09-30,Canoas,3.193290
2022-10-03,2022-10-07,Manaus,3.284012
2022-10-03,2022-10-07,Itaqui,3.281224
2022-10-03,2022-10-07,Suape,3.276460
2022-10-03,2022-10-07,Aratu,3.285228
2022-10-03,2022-10-07,Santos,3.291686
2022-10-03,2022-10-07,Paranagua,3.277156
2022-10-03,2022-10-07,Tramandai,3.307274
2022-10-03,2022-10-07,Guamaré,3.431482
2022-10-03,2022-10-07,Duque de Caxias,3.472692
2022-10-03,2022-10-07,Betim,3.493532
2022-10-03,2022-10-07,Cubatão,3.326252
2022-10-03,2022-10-07,Mauá,3.343676
2022-10-03,2022-10-07,Paulínia,3.386294
2022-10-03,2022-10-07,São José dos Campos,3.372660
2022-10-03,2022-10-07,Araucária,3.336884
2022-10-03,2022-10-07,Canoas,3.366792
2022-10-10,2022-10-14,Manaus,3.388600
2022-10-10,2022-10-14,Itaqui,3.386154
2022-10-10,2022-10-14,Suape,3.381722
2022-10-10,2022-10-14,Aratu,3.389980
2022-10-10,2022-10-14,Santos,3.396224
2022-10-10,2022-10-14,Paranagua,3.381650
2022-10-10,2022-10-14,Tramandai,3.411146
2022-10-10,2022-10-14,Guamaré,3.538724
2022-10-10,2022-10-14,Duque de Caxias,3.579542
2022-10-10,2022-10-14,Betim,3.600650
2022-10-10,2022-10-14,Cubatão,3.431232
2022-10-10,2022-10-14,Mauá,3.448874
2022-10-10,2022-10-14,Paulínia,3.492042
2022-10-10,2022-10-14,São José dos Campos,3.478230
2022-10-10,2022-10-14,Araucária,3.442142
2022-10-10,2022-10-14,Canoas,3.471424
2022-10-17,2022-10-21,Manaus,3.320002
2022-10-17,2022-10-21,Itaqui,3.317586
2022-10-17,2022-10-21,Suape,3.312872
2022-10-17,2022-10-21,Aratu,3.321802
2022-10-17,2022-10-21,Santos,3.328778
2022-10-17,2022-10-21,Paranagua,3.314218
2022-10-17,2022-10-21,Tramandai,3.345248
2022-10-17,2022-10-21,Guamaré,3.469584
2022-10-17,2022-10-21,Duque de Caxias,3.511760
2022-10-17,2022-10-21,Betim,3.532826
2022-10-17,2022-10-21,Cubatão,3.363720
2022-10-17,2022-10-21,Mauá,3.381334
2022-10-17,2022-10-21,Paulínia,3.424418
2022-10-17,2022-10-21,São José dos Campos,3.410630
2022-10-17,2022-10-21,Araucária,3.374600
2022-10-17,2022-10-21,Canoas,3.405414
2022-10-24,2022-10-28,Manaus,3.567704
2022-10-24,2022-10-28,Itaqui,3.565226
2022-10-24,2022-10-28,Suape,3.560842
2022-10-24,2022-10-28,Aratu,3.568964
2022-10-24,2022-10-28,Santos,3.575036
2022-10-24,2022-10-28,Paranagua,3.560460
2022-10-24,2022-10-28,Tramandai,3.589606
2022-10-24,2022-10-28,Guamaré,3.719796
2022-10-24,2022-10-28,Duque de Caxias,3.760634
2022-10-24,2022-10-28,Betim,3.782000
2022-10-24,2022-10-28,Cubatão,3.610480
2022-10-24,2022-10-28,Mauá,3.628340
2022-10-24,2022-10-28,Paulínia,3.672044
2022-10-24,2022-10-28,São José dos Campos,3.658060
2022-10-24,2022-10-28,Araucária,3.621704
2022-10-24,2022-10-28,Canoas,3.650632
2022-10-31,2022-11-04,Manaus,3.527340
2022-10-31,2022-11-04,Itaqui,3.525056
2022-10-31,2022-11-04,Suape,3.521030
2022-10-31,2022-11-04,Aratu,3.528486
2022-10-31,2022-11-04,Santos,3.534052
2022-10-31,2022-11-04,Paranagua,3.519440
2022-10-31,2022-11-04,Tramandai,3.547414
2022-10-31,2022-11-04,Guamaré,3.673804
2022-10-31,2022-11-04,Duque de Caxias,3.712434
2022-10-31,2022-11-04,Betim,3.732968
2022-10-31,2022-11-04,Cubatão,3.568114
2022-10-31,2022-11-04,Mauá,3.585284
2022-10-31,2022-11-04,Paulínia,3.627288
2022-10-31,2022-11-04,São José dos Campos,3.613846
2022-10-31,2022-11-04,Araucária,3.578304
2022-10-31,2022-11-04,Canoas,3.606068
2022-11-07,2022-11-11,Manaus,3.416714
2022-11-07,2022-11-11,Itaqui,3.414502
2022-11-07,2022-11-11,Suape,3.410536
2022-11-07,2022-11-11,Aratu,3.417898
2022-11-07,2022-11-11,Santos,3.423436
2022-11-07,2022-11-11,Paranagua,3.408816
2022-11-07,2022-11-11,Tramandai,3.436690
2022-11-07,2022-11-11,Guamaré,3.567288
2022-11-07,2022-11-11,Duque de Caxias,3.606458
2022-11-07,2022-11-11,Betim,3.627530
2022-11-07,2022-11-11,Cubatão,3.458384
2022-11-07,2022-11-11,Mauá,3.476000
2022-11-07,2022-11-11,Paulínia,3.519096
2022-11-07,2022-11-11,São José dos Campos,3.505306
2022-11-07,2022-11-11,Araucária,3.469208
2022-11-07,2022-11-11,Canoas,3.496868
2022-11-14,2022-11-18,Manaus,3.333350
2022-11-14,2022-11-18,Itaqui,3.330424
2022-11-14,2022-11-18,Suape,3.324376
2022-11-14,2022-11-18,Aratu,3.335938
2022-11-14,2022-11-18,Santos,3.345138
2022-11-14,2022-11-18,Paranagua,3.330692
2022-11-14,2022-11-18,Tramandai,3.366702
2022-11-14,2022-11-18,Guamaré,3.484788
2022-11-14,2022-11-18,Duque de Caxias,3.532438
2022-11-14,2022-11-18,Betim,3.554000
2022-11-14,2022-11-18,Cubatão,3.380904
2022-11-14,2022-11-18,Mauá,3.398930
2022-11-14,2022-11-18,Paulínia,3.443034
2022-11-14,2022-11-18,São José dos Campos,3.428922
2022-11-14,2022-11-18,Araucária,3.392496
2022-11-14,2022-11-18,Canoas,3.428286
2022-11-21,2022-11-25,Manaus,3.215377
2022-11-21,2022-11-25,Itaqui,3.211770
2022-11-21,2022-11-25,Suape,3.204777
2022-11-21,2022-11-25,Aratu,3.217990
2022-11-21,2022-11-25,Santos,3.228257
2022-11-21,2022-11-25,Paranagua,3.213913
2022-11-21,2022-11-25,Tramandai,3.252540
2022-11-21,2022-11-25,Guamaré,3.364717
2022-11-21,2022-11-25,Duque de Caxias,3.415010
2022-11-21,2022-11-25,Betim,3.436507
2022-11-21,2022-11-25,Cubatão,3.263920
2022-11-21,2022-11-25,Mauá,3.281893
2022-11-21,2022-11-25,Paulínia,3.325867
2022-11-21,2022-11-25,São José dos Campos,3.311797
2022-11-21,2022-11-25,Araucária,3.275533
2022-11-21,2022-11-25,Canoas,3.313943
2022-11-28,2022-12-02,Manaus,3.026082
2022-11-28,2022-12-02,Itaqui,3.022920
2022-11-28,2022-12-02,Suape,3.016258
2022-11-28,2022-12-02,Aratu,3.029042
2022-11-28,2022-12-02,Santos,3.039290
2022-11-28,2022-12-02,Paranagua,3.024898
2022-11-28,2022-12-02,Tramandai,3.063248
2022-11-28,2022-12-02,Guamaré,3.173334
2022-11-28,2022-12-02,Duque de Caxias,3.222694
2022-11-28,2022-12-02,Betim,3.243808
2022-11-28,2022-12-02,Cubatão,3.074312
2022-11-28,2022-12-02,Mauá,3.091964
2022-11-28,2022-12-02,Paulínia,3.135152
2022-11-28,2022-12-02,São José dos Campos,3.121332
2022-11-28,2022-12-02,Araucária,3.085414
2022-11-28,2022-12-02,Canoas,3.123556
2022-12-05,2022-12-09,Manaus,2.726060
2022-12-05,2022-12-09,Itaqui,2.722538
2022-12-05,2022-12-09,Suape,2.715374
2022-12-05,2022-12-09,Aratu,2.729036
2022-12-05,2022-12-09,Santos,2.739854
2022-12-05,2022-12-09,Paranagua,2.725516
2022-12-05,2022-12-09,Tramandai,2.765262
2022-12-05,2022-12-09,Guamaré,2.871976
2022-12-05,2022-12-09,Duque de Caxias,2.922710
2022-12-05,2022-12-09,Betim,2.943760
2022-12-05,2022-12-09,Cubatão,2.774772
2022-12-05,2022-12-09,Mauá,2.792372
2022-12-05,2022-12-09,Paulínia,2.835426
2022-12-05,2022-12-09,São José dos Campos,2.821650
2022-12-05,2022-12-09,Araucária,2.785854
2022-12-05,2022-12-09,Canoas,2.825386
2022-12-12,2022-12-16,Manaus,2.830130
2022-12-12,2022-12-16,Itaqui,2.827188
2022-12-12,2022-12-16,Suape,2.821450
2022-12-12,2022-12-16,Aratu,2.832314
2022-12-12,2022-12-16,Santos,2.840790
2022-12-12,2022-12-16,Paranagua,2.826324
2022-12-12,2022-12-16,Tramandai,2.860808
2022-12-12,2022-12-16,Guamaré,2.980286
2022-12-12,2022-12-16,Duque de Caxias,3.026246
2022-12-12,2022-12-16,Betim,3.047596
2022-12-12,2022-12-16,Cubatão,2.876204
2022-12-12,2022-12-16,Mauá,2.894054
2022-12-12,2022-12-16,Paulínia,2.937722
2022-12-12,2022-12-16,São José dos Campos,2.923750
2022-12-12,2022-12-16,Araucária,2.887522
2022-12-12,2022-12-16,Canoas,2.921786
2022-12-19,2022-12-23,Manaus,2.828772
2022-12-19,2022-12-23,Itaqui,2.826476
2022-12-19,2022-12-23,Suape,2.822358
2022-12-19,2022-12-23,Aratu,2.830010
2022-12-19,2022-12-23,Santos,2.835770
2022-12-19,2022-12-23,Paranagua,2.821168
2022-12-19,2022-12-23,Tramandai,2.849554
2022-12-19,2022-12-23,Guamaré,2.978064
2022-12-19,2022-12-23,Duque de Caxias,3.017570
2022-12-19,2022-12-23,Betim,3.038504
2022-12-19,2022-12-23,Cubatão,2.870490
2022-12-19,2022-12-23,Mauá,2.887986
2022-12-19,2022-12-23,Paulínia,2.930796
2022-12-19,2022-12-23,São José dos Campos,2.917096
2022-12-19,2022-12-23,Araucária,2.881162
2022-12-19,2022-12-23,Canoas,2.909336
2022-12-26,2022-12-30,Manaus,3.063975
2022-12-26,2022-12-30,Itaqui,3.061588
2022-12-26,2022-12-30,Suape,3.057765
2022-12-26,2022-12-30,Aratu,3.064690
2022-12-26,2022-12-30,Santos,3.069628
2022-12-26,2022-12-30,Paranagua,3.055010
2022-12-26,2022-12-30,Tramandai,3.081693
2022-12-26,2022-12-30,Guamaré,3.215380
2022-12-26,2022-12-30,Duque de Caxias,3.253660
2022-12-26,2022-12-30,Betim,3.274848
2022-12-26,2022-12-30,Cubatão,3.104770
2022-12-26,2022-12-30,Mauá,3.122480
2022-12-26,2022-12-30,Paulínia,3.165818
2022-12-26,2022-12-30,São José dos Campos,3.151950
2022-12-26,2022-12-30,Araucária,3.115740
2022-12-26,2022-12-30,Canoas,3.142205
2023-01-02,2023-01-06,Manaus,3.141148
2023-01-02,2023-01-06,Itaqui,3.136858
2023-01-02,2023-01-06,Suape,3.133903
2023-01-02,2023-01-06,Aratu,3.139740
2023-01-02,2023-01-06,Santos,3.145815
2023-01-02,2023-01-06,Paranagua,3.131500
2023-01-02,2023-01-06,Tramandai,3.156868
2023-01-02,2023-01-06,Guamaré,3.294550
2023-01-02,2023-01-06,Duque de Caxias,3.333385
2023-01-02,2023-01-06,Betim,3.354978
2023-01-02,2023-01-06,Cubatão,3.181633
2023-01-02,2023-01-06,Mauá,3.199688
2023-01-02,2023-01-06,Paulínia,3.243853
2023-01-02,2023-01-06,São José dos Campos,3.229723
2023-01-02,2023-01-06,Araucária,3.193393
2023-01-02,2023-01-06,Canoas,3.218545
2023-01-09,2023-01-13,Manaus,3.049050
2023-01-09,2023-01-13,Itaqui,3.045760
2023-01-09,2023-01-13,Suape,3.043382
2023-01-09,2023-01-13,Aratu,3.048160
2023-01-09,2023-01-13,Santos,3.053200
2023-01-09,2023-01-13,Paranagua,3.038736
2023-01-09,2023-01-13,Tramandai,3.062426
2023-01-09,2023-01-13,Guamaré,3.197694
2023-01-09,2023-01-13,Duque de Caxias,3.233380
2023-01-09,2023-01-13,Betim,3.254122
2023-01-09,2023-01-13,Cubatão,3.087606
2023-01-09,2023-01-13,Mauá,3.104948
2023-01-09,2023-01-13,Paulínia,3.147374
2023-01-09,2023-01-13,São José dos Campos,3.133800
2023-01-09,2023-01-13,Araucária,3.098190
2023-01-09,2023-01-13,Canoas,3.121672
2023-01-16,2023-01-20,Manaus,3.271165
2023-01-16,2023-01-20,Itaqui,3.268198
2023-01-16,2023-01-20,Suape,3.266085
2023-01-16,2023-01-20,Aratu,3.270310
2023-01-16,2023-01-20,Santos,3.274750
2023-01-16,2023-01-20,Paranagua,3.260225
2023-01-16,2023-01-20,Tramandai,3.282858
2023-01-16,2023-01-20,Guamaré,3.420280
2023-01-16,2023-01-20,Duque de Caxias,3.454788
2023-01-16,2023-01-20,Betim,3.475513
2023-01-16,2023-01-20,Cubatão,3.309130
2023-01-16,2023-01-20,Mauá,3.326458
2023-01-16,2023-01-20,Paulínia,3.368850
2023-01-16,2023-01-20,São José dos Campos,3.355285
2023-01-16,2023-01-20,Araucária,3.319635
2023-01-16,2023-01-20,Canoas,3.342058
2023-01-23,2023-01-27,Manaus,3.359202
2023-01-23,2023-01-27,Itaqui,3.356300
2023-01-23,2023-01-27,Suape,3.354406
2023-01-23,2023-01-27,Aratu,3.358084
2023-01-23,2023-01-27,Santos,3.361854
2023-01-23,2023-01-27,Paranagua,3.347304
2023-01-23,2023-01-27,Tramandai,3.368674
2023-01-23,2023-01-27,Guamaré,3.507404
2023-01-23,2023-01-27,Duque de Caxias,3.540496
2023-01-23,2023-01-27,Betim,3.561060
2023-01-23,2023-01-27,Cubatão,3.395964
2023-01-23,2023-01-27,Mauá,3.413162
2023-01-23,2023-01-27,Paulínia,3.455224
2023-01-23,2023-01-27,São José dos Campos,3.441766
2023-01-23,2023-01-27,Araucária,3.406254
2023-01-23,2023-01-27,Canoas,3.427414
2023-01-30,2023-02-03,Manaus,3.124118
2023-01-30,2023-02-03,Itaqui,3.121456
2023-01-30,2023-02-03,Suape,3.119656
2023-01-30,2023-02-03,Aratu,3.123204
2023-01-30,2023-02-03,Santos,3.126878
2023-01-30,2023-02-03,Paranagua,3.112300
2023-01-30,2023-02-03,Tramandai,3.133564
2023-01-30,2023-02-03,Guamaré,3.271780
2023-01-30,2023-02-03,Duque de Caxias,3.304502
2023-01-30,2023-02-03,Betim,3.324954
2023-01-30,2023-02-03,Cubatão,3.160796
2023-01-30,2023-02-03,Mauá,3.177894
2023-01-30,2023-02-03,Paulínia,3.219720
2023-01-30,2023-02-03,São José dos Campos,3.206336
2023-01-30,2023-02-03,Araucária,3.170912
2023-01-30,2023-02-03,Canoas,3.191972
2023-02-06,2023-02-10,Manaus,3.046558
2023-02-06,2023-02-10,Itaqui,3.042186
2023-02-06,2023-02-10,Suape,3.038940
2023-02-06,2023-02-10,Aratu,3.045506
2023-02-06,2023-02-10,Santos,3.052462
2023-02-06,2023-02-10,Paranagua,3.038178
2023-02-06,2023-02-10,Tramandai,3.065236
2023-02-06,2023-02-10,Guamaré,3.194650
2023-02-06,2023-02-10,Duque de Caxias,3.234270
2023-02-06,2023-02-10,Betim,3.255202
2023-02-06,2023-02-10,Cubatão,3.087178
2023-02-06,2023-02-10,Mauá,3.104678
2023-02-06,2023-02-10,Paulínia,3.147490
2023-02-06,2023-02-10,São José dos Campos,3.133792
2023-02-06,2023-02-10,Araucária,3.098172
2023-02-06,2023-02-10,Canoas,3.125016
2023-02-13,2023-02-17,Manaus,3.135162
2023-02-13,2023-02-17,Itaqui,3.129182
2023-02-13,2023-02-17,Suape,3.124234
2023-02-13,2023-02-17,Aratu,3.134526
2023-02-13,2023-02-17,Santos,3.145674
2023-02-13,2023-02-17,Paranagua,3.131704
2023-02-13,2023-02-17,Tramandai,3.166330
2023-02-13,2023-02-17,Guamaré,3.279506
2023-02-13,2023-02-17,Duque de Caxias,3.326974
2023-02-13,2023-02-17,Betim,3.347846
2023-02-13,2023-02-17,Cubatão,3.180296
2023-02-13,2023-02-17,Mauá,3.197746
2023-02-13,2023-02-17,Paulínia,3.240436
2023-02-13,2023-02-17,São José dos Campos,3.226776
2023-02-13,2023-02-17,Araucária,3.191530
2023-02-13,2023-02-17,Canoas,3.225942
2023-02-20,2023-02-24,Manaus,2.972205
2023-02-20,2023-02-24,Itaqui,2.967423
2023-02-20,2023-02-24,Suape,2.963950
2023-02-20,2023-02-24,Aratu,2.970930
2023-02-20,2023-02-24,Santos,2.978290
2023-02-20,2023-02-24,Paranagua,2.964068
2023-02-20,2023-02-24,Tramandai,2.991768
2023-02-20,2023-02-24,Guamaré,3.118388
2023-02-20,2023-02-24,Duque de Caxias,3.158613
2023-02-20,2023-02-24,Betim,3.179368
2023-02-20,2023-02-24,Cubatão,3.012720
2023-02-20,2023-02-24,Mauá,3.030080
2023-02-20,2023-02-24,Paulínia,3.072538
2023-02-20,2023-02-24,São José dos Campos,3.058953
2023-02-20,2023-02-24,Araucária,3.023570
2023-02-20,2023-02-24,Canoas,3.051063
2023-02-27,2023-03-03,Manaus,3.084530
2023-02-27,2023-03-03,Itaqui,3.079170
2023-02-27,2023-03-03,Suape,3.074860
2023-02-27,2023-03-03,Aratu,3.083772
2023-02-27,2023-03-03,Santos,3.093374
2023-02-27,2023-03-03,Paranagua,3.079284
2023-02-27,2023-03-03,Tramandai,3.111124
2023-02-27,2023-03-03,Guamaré,3.230334
2023-02-27,2023-03-03,Duque de Caxias,3.274906
2023-02-27,2023-03-03,Betim,3.295808
2023-02-27,2023-03-03,Cubatão,3.128038
2023-02-27,2023-03-03,Mauá,3.145510
2023-02-27,2023-03-03,Paulínia,3.188258
2023-02-27,2023-03-03,São José dos Campos,3.174578
2023-02-27,2023-03-03,Araucária,3.139184
2023-02-27,2023-03-03,Canoas,3.170816
2023-03-06,2023-03-10,Manaus,3.163556
2023-03-06,2023-03-10,Itaqui,3.158456
2023-03-06,2023-03-10,Suape,3.154408
2023-03-06,2023-03-10,Aratu,3.162752
2023-03-06,2023-03-10,Santos,3.171716
2023-03-06,2023-03-10,Paranagua,3.157580
2023-03-06,2023-03-10,Tramandai,3.188276
2023-03-06,2023-03-10,Guamaré,3.308854
2023-03-06,2023-03-10,Duque de Caxias,3.352048
2023-03-06,2023-03-10,Betim,3.372812
2023-03-06,2023-03-10,Cubatão,3.206150
2023-03-06,2023-03-10,Mauá,3.223510
2023-03-06,2023-03-10,Paulínia,3.265972
2023-03-06,2023-03-10,São José dos Campos,3.252384
2023-03-06,2023-03-10,Araucária,3.217084
2023-03-06,2023-03-10,Canoas,3.247572
2023-03-13,2023-03-17,Manaus,2.964292
2023-03-13,2023-03-17,Itaqui,2.959714
2023-03-13,2023-03-17,Suape,2.956176
2023-03-13,2023-03-17,Aratu,2.963412
2023-03-13,2023-03-17,Santos,2.971146
2023-03-13,2023-03-17,Paranagua,2.956914
2023-03-13,2023-03-17,Tramandai,2.985404
2023-03-13,2023-03-17,Guamaré,3.113448
2023-03-13,2023-03-17,Duque de Caxias,3.154782
2023-03-13,2023-03-17,Betim,3.175922
2023-03-13,2023-03-17,Cubatão,3.006216
2023-03-13,2023-03-17,Mauá,3.023890
2023-03-13,2023-03-17,Paulínia,3.067128
2023-03-13,2023-03-17,São José dos Campos,3.053294
2023-03-13,2023-03-17,Araucária,3.017508
2023-03-13,2023-03-17,Canoas,3.045784
2023-03-20,2023-03-24,Manaus,2.964486
2023-03-20,2023-03-24,Itaqui,2.959890
2023-03-20,2023-03-24,Suape,2.956284
2023-03-20,2023-03-24,Aratu,2.963690
2023-03-20,2023-03-24,Santos,2.971626
2023-03-20,2023-03-24,Paranagua,2.957398
2023-03-20,2023-03-24,Tramandai,2.986270
2023-03-20,2023-03-24,Guamaré,3.113106
2023-03-20,2023-03-24,Duque de Caxias,3.154728
2023-03-20,2023-03-24,Betim,3.175810
2023-03-20,2023-03-24,Cubatão,3.006588
2023-03-20,2023-03-24,Mauá,3.024212
2023-03-20,2023-03-24,Paulínia,3.067328
2023-03-20,2023-03-24,São José dos Campos,3.053532
2023-03-20,2023-03-24,Araucária,3.017816
2023-03-20,2023-03-24,Canoas,3.046478
2023-03-27,2023-03-31,Manaus,3.066888
2023-03-27,2023-03-31,Itaqui,3.062866
2023-03-27,2023-03-31,Suape,3.059522
2023-03-27,2023-03-31,Aratu,3.066438
2023-03-27,2023-03-31,Santos,3.073896
2023-03-27,2023-03-31,Paranagua,3.059598
2023-03-27,2023-03-31,Tramandai,3.087690
2023-03-27,2023-03-31,Guamaré,3.213234
2023-03-27,2023-03-31,Duque de Caxias,3.253366
2023-03-27,2023-03-31,Betim,3.274028
2023-03-27,2023-03-31,Cubatão,3.108168
2023-03-27,2023-03-31,Mauá,3.125440
2023-03-27,2023-03-31,Paulínia,3.167702
2023-03-27,2023-03-31,São José dos Campos,3.154176
2023-03-27,2023-03-31,Araucária,3.118820
2023-03-27,2023-03-31,Canoas,3.146704
2023-04-03,2023-04-07,Manaus,3.184810
2023-04-03,2023-04-07,Itaqui,3.180313
2023-04-03,2023-04-07,Suape,3.176285
2023-04-03,2023-04-07,Aratu,3.184828
2023-04-03,2023-04-07,Santos,3.194208
2023-04-03,2023-04-07,Paranagua,3.180013
2023-04-03,2023-04-07,Tramandai,3.211690
2023-04-03,2023-04-07,Guamaré,3.327708
2023-04-03,2023-04-07,Duque de Caxias,3.371013
2023-04-03,2023-04-07,Betim,3.391370
2023-04-03,2023-04-07,Cubatão,3.227970
2023-04-03,2023-04-07,Mauá,3.244990
2023-04-03,2023-04-07,Paulínia,3.286623
2023-04-03,2023-04-07,São José dos Campos,3.273298
2023-04-03,2023-04-07,Araucária,3.238355
2023-04-03,2023-04-07,Canoas,3.269825
2023-04-10,2023-04-14,Manaus,3.144094
2023-04-10,2023-04-14,Itaqui,3.139994
2023-04-10,2023-04-14,Suape,3.136398
2023-04-10,2023-04-14,Aratu,3.143978
2023-04-10,2023-04-14,Santos,3.152278
2023-04-10,2023-04-14,Paranagua,3.138002
2023-04-10,2023-04-14,Tramandai,3.167714
2023-04-10,2023-04-14,Guamaré,3.284882
2023-04-10,2023-04-14,Duque de Caxias,3.325648
2023-04-10,2023-04-14,Betim,3.345608
2023-04-10,2023-04-14,Cubatão,3.185384
2023-04-10,2023-04-14,Mauá,3.202072
2023-04-10,2023-04-14,Paulínia,3.242896
2023-04-10,2023-04-14,São José dos Campos,3.229834
2023-04-10,2023-04-14,Araucária,3.195212
2023-04-10,2023-04-14,Canoas,3.224720
2023-04-17,2023-04-21,Manaus,3.008176
2023-04-17,2023-04-21,Itaqui,3.004574
2023-04-17,2023-04-21,Suape,3.001700
2023-04-17,2023-04-21,Aratu,3.007590
2023-04-17,2023-04-21,Santos,3.013896
2023-04-17,2023-04-21,Paranagua,2.999516
2023-04-17,2023-04-21,Tramandai,3.025518
2023-04-17,2023-04-21,Guamaré,3.151504
2023-04-17,2023-04-21,Duque de Caxias,3.188814
2023-04-17,2023-04-21,Betim,3.208950
2023-04-17,2023-04-21,Cubatão,3.047296
2023-04-17,2023-04-21,Mauá,3.064134
2023-04-17,2023-04-21,Paulínia,3.105320
2023-04-17,2023-04-21,São José dos Campos,3.092142
2023-04-17,2023-04-21,Araucária,3.057234
2023-04-17,2023-04-21,Canoas,3.083036
2023-04-24,2023-04-28,Manaus,2.937820
2023-04-24,2023-04-28,Itaqui,2.934590
2023-04-24,2023-04-28,Suape,2.932166
2023-04-24,2023-04-28,Aratu,2.937084
2023-04-24,2023-04-28,Santos,2.942298
2023-04-24,2023-04-28,Paranagua,2.927830
2023-04-24,2023-04-28,Tramandai,2.951884
2023-04-24,2023-04-28,Guamaré,3.082352
2023-04-24,2023-04-28,Duque de Caxias,3.117656
2023-04-24,2023-04-28,Betim,3.137842
2023-04-24,2023-04-28,Cubatão,2.975782
2023-04-24,2023-04-28,Mauá,2.992660
2023-04-24,2023-04-28,Paulínia,3.033954
2023-04-24,2023-04-28,São José dos Campos,3.020738
2023-04-24,2023-04-28,Araucária,2.985696
2023-04-24,2023-04-28,Canoas,3.009542
2023-05-01,2023-05-05,Manaus,2.703274
2023-05-01,2023-05-05,Itaqui,2.700002
2023-05-01,2023-05-05,Suape,2.697472
2023-05-01,2023-05-05,Aratu,2.702646
2023-05-01,2023-05-05,Santos,2.708172
2023-05-01,2023-05-05,Paranagua,2.693722
2023-05-01,2023-05-05,Tramandai,2.718360
2023-05-01,2023-05-05,Guamaré,2.846616
2023-05-01,2023-05-05,Duque de Caxias,2.882318
2023-05-01,2023-05-05,Betim,2.902364
2023-05-01,2023-05-05,Cubatão,2.741428
2023-05-01,2023-05-05,Mauá,2.758190
2023-05-01,2023-05-05,Paulínia,2.799194
2023-05-01,2023-05-05,São José dos Campos,2.786074
2023-05-01,2023-05-05,Araucária,2.751186
2023-05-01,2023-05-05,Canoas,2.775616
2023-05-08,2023-05-12,Manaus,2.641202
2023-05-08,2023-05-12,Itaqui,2.638354
2023-05-08,2023-05-12,Suape,2.636030
2023-05-08,2023-05-12,Aratu,2.640852
2023-05-08,2023-05-12,Santos,2.646058
2023-05-08,2023-05-12,Paranagua,2.631546
2023-05-08,2023-05-12,Tramandai,2.655698
2023-05-08,2023-05-12,Guamaré,2.784356
2023-05-08,2023-05-12,Duque de Caxias,2.819244
2023-05-08,2023-05-12,Betim,2.839184
2023-05-08,2023-05-12,Cubatão,2.679130
2023-05-08,2023-05-12,Mauá,2.695798
2023-05-08,2023-05-12,Paulínia,2.736580
2023-05-08,2023-05-12,São José dos Campos,2.723532
2023-05-08,2023-05-12,Araucária,2.688696
2023-05-08,2023-05-12,Canoas,2.712646
2023-05-15,2023-05-19,Manaus,2.675360
2023-05-15,2023-05-19,Itaqui,2.672664
2023-05-15,2023-05-19,Suape,2.670436
2023-05-15,2023-05-19,Aratu,2.675010
2023-05-15,2023-05-19,Santos,2.679910
2023-05-15,2023-05-19,Paranagua,2.665386
2023-05-15,2023-05-19,Tramandai,2.688950
2023-05-15,2023-05-19,Guamaré,2.818172
2023-05-15,2023-05-19,Duque de Caxias,2.852410
2023-05-15,2023-05-19,Betim,2.872268
2023-05-15,2023-05-19,Cubatão,2.712848
2023-05-15,2023-05-19,Mauá,2.729452
2023-05-15,2023-05-19,Paulínia,2.770072
2023-05-15,2023-05-19,São José dos Campos,2.757074
2023-05-15,2023-05-19,Araucária,2.722308
2023-05-15,2023-05-19,Canoas,2.745672
2023-05-22,2023-05-26,Manaus,2.784756
2023-05-22,2023-05-26,Itaqui,2.781030
2023-05-22,2023-05-26,Suape,2.777802
2023-05-22,2023-05-26,Aratu,2.784592
2023-05-22,2023-05-26,Santos,2.792016
2023-05-22,2023-05-26,Paranagua,2.777668
2023-05-22,2023-05-26,Tramandai,2.805808
2023-05-22,2023-05-26,Guamaré,2.926470
2023-05-22,2023-05-26,Duque de Caxias,2.965602
2023-05-22,2023-05-26,Betim,2.985590
2023-05-22,2023-05-26,Cubatão,2.825160
2023-05-22,2023-05-26,Mauá,2.841868
2023-05-22,2023-05-26,Paulínia,2.882744
2023-05-22,2023-05-26,São José dos Campos,2.869664
2023-05-22,2023-05-26,Araucária,2.834950
2023-05-22,2023-05-26,Canoas,2.862888
2023-05-29,2023-06-02,Manaus,2.745310
2023-05-29,2023-06-02,Itaqui,2.741568
2023-05-29,2023-06-02,Suape,2.738513
2023-05-29,2023-06-02,Aratu,2.744850
2023-05-29,2023-06-02,Santos,2.751690
2023-05-29,2023-06-02,Paranagua,2.737330
2023-05-29,2023-06-02,Tramandai,2.764350
2023-05-29,2023-06-02,Guamaré,2.888650
2023-05-29,2023-06-02,Duque de Caxias,2.926990
2023-05-29,2023-06-02,Betim,2.947170
2023-05-29,2023-06-02,Cubatão,2.785165
2023-05-29,2023-06-02,Mauá,2.802035
2023-05-29,2023-06-02,Paulínia,2.843315
2023-05-29,2023-06-02,São José dos Campos,2.830110
2023-05-29,2023-06-02,Araucária,2.795175
2023-05-29,2023-06-02,Canoas,2.821993
2023-06-05,2023-06-09,Manaus,2.776562
2023-06-05,2023-06-09,Itaqui,2.773294
2023-06-05,2023-06-09,Suape,2.770456
2023-06-05,2023-06-09,Aratu,2.776424
2023-06-05,2023-06-09,Santos,2.782944
2023-06-05,2023-06-09,Paranagua,2.768518
2023-06-05,2023-06-09,Tramandai,2.795066
2023-06-05,2023-06-09,Guamaré,2.917132
2023-06-05,2023-06-09,Duque de Caxias,2.954206
2023-06-05,2023-06-09,Betim,2.973920
2023-06-05,2023-06-09,Cubatão,2.815648
2023-06-05,2023-06-09,Mauá,2.832132
2023-06-05,2023-06-09,Paulínia,2.872458
2023-06-05,2023-06-09,São José dos Campos,2.859554
2023-06-05,2023-06-09,Araucária,2.825032
2023-06-05,2023-06-09,Canoas,2.851380
2023-06-12,2023-06-16,Manaus,2.749972
2023-06-12,2023-06-16,Itaqui,2.747082
2023-06-12,2023-06-16,Suape,2.744642
2023-06-12,2023-06-16,Aratu,2.749736
2023-06-12,2023-06-16,Santos,2.755270
2023-06-12,2023-06-16,Paranagua,2.740772
2023-06-12,2023-06-16,Tramandai,2.765538
2023-06-12,2023-06-16,Guamaré,2.889350
2023-06-12,2023-06-16,Duque de Caxias,2.924230
2023-06-12,2023-06-16,Betim,2.943680
2023-06-12,2023-06-16,Cubatão,2.787534
2023-06-12,2023-06-16,Mauá,2.803796
2023-06-12,2023-06-16,Paulínia,2.843582
2023-06-12,2023-06-16,São José dos Campos,2.830850
2023-06-12,2023-06-16,Araucária,2.796526
2023-06-12,2023-06-16,Canoas,2.821094
2023-06-19,2023-06-23,Manaus,2.709210
2023-06-19,2023-06-23,Itaqui,2.705898
2023-06-19,2023-06-23,Suape,2.703170
2023-06-19,2023-06-23,Aratu,2.708833
2023-06-19,2023-06-23,Santos,2.714953
2023-06-19,2023-06-23,Paranagua,2.700523
2023-06-19,2023-06-23,Tramandai,2.726280
2023-06-19,2023-06-23,Guamaré,2.845863
2023-06-19,2023-06-23,Duque de Caxias,2.881558
2023-06-19,2023-06-23,Betim,2.900740
2023-06-19,2023-06-23,Cubatão,2.746765
2023-06-19,2023-06-23,Mauá,2.762805
2023-06-19,2023-06-23,Paulínia,2.802033
2023-06-19,2023-06-23,São José dos Campos,2.789483
2023-06-19,2023-06-23,Araucária,2.755498
2023-06-19,2023-06-23,Canoas,2.781065
2023-06-26,2023-06-30,Manaus,2.561544
2023-06-26,2023-06-30,Itaqui,2.557852
2023-06-26,2023-06-30,Suape,2.554690
2023-06-26,2023-06-30,Aratu,2.561328
2023-06-26,2023-06-30,Santos,2.568564
2023-06-26,2023-06-30,Paranagua,2.554210
2023-06-26,2023-06-30,Tramandai,2.582006
2023-06-26,2023-06-30,Guamaré,2.698464
2023-06-26,2023-06-30,Duque de Caxias,2.736436
2023-06-26,2023-06-30,Betim,2.755766
2023-06-26,2023-06-30,Cubatão,2.600618
2023-06-26,2023-06-30,Mauá,2.616778
2023-06-26,2023-06-30,Paulínia,2.656308
2023-06-26,2023-06-30,São José dos Campos,2.643660
2023-06-26,2023-06-30,Araucária,2.609606
2023-06-26,2023-06-30,Canoas,2.637206
2023-07-03,2023-07-07,Manaus,2.541213
2023-07-03,2023-07-07,Itaqui,2.537463
2023-07-03,2023-07-07,Suape,2.534447
2023-07-03,2023-07-07,Aratu,2.540683
2023-07-03,2023-07-07,Santos,2.547397
2023-07-03,2023-07-07,Paranagua,2.533030
2023-07-03,2023-07-07,Tramandai,2.559810
2023-07-03,2023-07-07,Guamaré,2.679993
2023-07-03,2023-07-07,Duque de Caxias,2.717340
2023-07-03,2023-07-07,Betim,2.736900
2023-07-03,2023-07-07,Cubatão,2.579847
2023-07-03,2023-07-07,Mauá,2.596200
2023-07-03,2023-07-07,Paulínia,2.636220
2023-07-03,2023-07-07,São José dos Campos,2.623417
2023-07-03,2023-07-07,Araucária,2.589110
2023-07-03,2023-07-07,Canoas,2.615690
2023-07-10,2023-07-14,Manaus,2.613872
2023-07-10,2023-07-14,Itaqui,2.610470
2023-07-10,2023-07-14,Suape,2.607626
2023-07-10,2023-07-14,Aratu,2.613562
2023-07-10,2023-07-14,Santos,2.620008
2023-07-10,2023-07-14,Paranagua,2.605596
2023-07-10,2023-07-14,Tramandai,2.631954
2023-07-10,2023-07-14,Guamaré,2.751912
2023-07-10,2023-07-14,Duque de Caxias,2.788476
2023-07-10,2023-07-14,Betim,2.807870
2023-07-10,2023-07-14,Cubatão,2.652174
2023-07-10,2023-07-14,Mauá,2.668392
2023-07-10,2023-07-14,Paulínia,2.708062
2023-07-10,2023-07-14,São José dos Campos,2.695366
2023-07-10,2023-07-14,Araucária,2.661186
2023-07-10,2023-07-14,Canoas,2.687348
2023-07-17,2023-07-21,Manaus,2.699388
2023-07-17,2023-07-21,Itaqui,2.695092
2023-07-17,2023-07-21,Suape,2.691614
2023-07-17,2023-07-21,Aratu,2.698820
2023-07-17,2023-07-21,Santos,2.706596
2023-07-17,2023-07-21,Paranagua,2.692330
2023-07-17,2023-07-21,Tramandai,2.720984
2023-07-17,2023-07-21,Guamaré,2.834876
2023-07-17,2023-07-21,Duque de Caxias,2.873870
2023-07-17,2023-07-21,Betim,2.893130
2023-07-17,2023-07-21,Cubatão,2.738540
2023-07-17,2023-07-21,Mauá,2.754640
2023-07-17,2023-07-21,Paulínia,2.794026
2023-07-17,2023-07-21,São José dos Campos,2.781426
2023-07-17,2023-07-21,Araucária,2.747526
2023-07-17,2023-07-21,Canoas,2.775986
2023-07-24,2023-07-28,Manaus,2.886852
2023-07-24,2023-07-28,Itaqui,2.882848
2023-07-24,2023-07-28,Suape,2.879314
2023-07-24,2023-07-28,Aratu,2.886786
2023-07-24,2023-07-28,Santos,2.894966
2023-07-24,2023-07-28,Paranagua,2.880674
2023-07-24,2023-07-28,Tramandai,2.910196
2023-07-24,2023-07-28,Guamaré,3.020864
2023-07-24,2023-07-28,Duque de Caxias,3.060240
2023-07-24,2023-07-28,Betim,3.079266
2023-07-24,2023-07-28,Cubatão,2.926524
2023-07-24,2023-07-28,Mauá,2.942432
2023-07-24,2023-07-28,Paulínia,2.981350
2023-07-24,2023-07-28,São José dos Campos,2.968898
2023-07-24,2023-07-28,Araucária,2.935212
2023-07-24,2023-07-28,Canoas,2.964544
2023-07-31,2023-08-04,Manaus,2.943710
2023-07-31,2023-08-04,Itaqui,2.939986
2023-07-31,2023-08-04,Suape,2.936578
2023-07-31,2023-08-04,Aratu,2.943838
2023-07-31,2023-08-04,Santos,2.951836
2023-07-31,2023-08-04,Paranagua,2.937510
2023-07-31,2023-08-04,Tramandai,2.966772
2023-07-31,2023-08-04,Guamaré,3.080500
2023-07-31,2023-08-04,Duque de Caxias,3.119880
2023-07-31,2023-08-04,Betim,3.139228
2023-07-31,2023-08-04,Cubatão,2.983926
2023-07-31,2023-08-04,Mauá,3.000102
2023-07-31,2023-08-04,Paulínia,3.039670
2023-07-31,2023-08-04,São José dos Campos,3.027010
2023-07-31,2023-08-04,Araucária,2.992958
2023-07-31,2023-08-04,Canoas,3.022028
2023-08-07,2023-08-11,Manaus,2.917646
2023-08-07,2023-08-11,Itaqui,2.914020
2023-08-07,2023-08-11,Suape,2.910560
2023-08-07,2023-08-11,Aratu,2.918002
2023-08-07,2023-08-11,Santos,2.926260
2023-08-07,2023-08-11,Paranagua,2.911928
2023-08-07,2023-08-11,Tramandai,2.941714
2023-08-07,2023-08-11,Guamaré,3.056816
2023-08-07,2023-08-11,Duque de Caxias,3.097028
2023-08-07,2023-08-11,Betim,3.116688
2023-08-07,2023-08-11,Cubatão,2.958866
2023-08-07,2023-08-11,Mauá,2.975304
2023-08-07,2023-08-11,Paulínia,3.015516
2023-08-07,2023-08-11,São José dos Campos,3.002650
2023-08-07,2023-08-11,Araucária,2.968276
2023-08-07,2023-08-11,Canoas,2.997864
2023-08-14,2023-08-18,Manaus,3.070476
2023-08-14,2023-08-18,Itaqui,3.065998
2023-08-14,2023-08-18,Suape,3.061936
2023-08-14,2023-08-18,Aratu,3.070562
2023-08-14,2023-08-18,Santos,3.080052
2023-08-14,2023-08-18,Paranagua,3.065856
2023-08-14,2023-08-18,Tramandai,3.097744
2023-08-14,2023-08-18,Guamaré,3.210522
2023-08-14,2023-08-18,Duque de Caxias,3.253540
2023-08-14,2023-08-18,Betim,3.273514
2023-08-14,2023-08-18,Cubatão,3.113180
2023-08-14,2023-08-18,Mauá,3.129880
2023-08-14,2023-08-18,Paulínia,3.170730
2023-08-14,2023-08-18,São José dos Campos,3.157658
2023-08-14,2023-08-18,Araucária,3.123104
2023-08-14,2023-08-18,Canoas,3.154788
2023-08-21,2023-08-25,Manaus,2.950700
2023-08-21,2023-08-25,Itaqui,2.946262
2023-08-21,2023-08-25,Suape,2.942438
2023-08-21,2023-08-25,Aratu,2.950468
2023-08-21,2023-08-25,Santos,2.959222
2023-08-21,2023-08-25,Paranagua,2.945004
2023-08-21,2023-08-25,Tramandai,2.975490
2023-08-21,2023-08-25,Guamaré,3.088976
2023-08-21,2023-08-25,Duque de Caxias,3.130318
2023-08-21,2023-08-25,Betim,3.150016
2023-08-21,2023-08-25,Cubatão,2.991894
2023-08-21,2023-08-25,Mauá,3.008362
2023-08-21,2023-08-25,Paulínia,3.048648
2023-08-21,2023-08-25,São José dos Campos,3.035760
2023-08-21,2023-08-25,Araucária,3.001460
2023-08-21,2023-08-25,Canoas,3.031750
2023-08-28,2023-09-01,Manaus,2.941788
2023-08-28,2023-09-01,Itaqui,2.937530
2023-08-28,2023-09-01,Suape,2.933876
2023-08-28,2023-09-01,Aratu,2.941544
2023-08-28,2023-09-01,Santos,2.949900
2023-08-28,2023-09-01,Paranagua,2.935644
2023-08-28,2023-09-01,Tramandai,2.965418
2023-08-28,2023-09-01,Guamaré,3.080236
2023-08-28,2023-09-01,Duque de Caxias,3.120794
2023-08-28,2023-09-01,Betim,3.140470
2023-08-28,2023-09-01,Cubatão,2.982532
2023-08-28,2023-09-01,Mauá,2.998978
2023-08-28,2023-09-01,Paulínia,3.039222
2023-08-28,2023-09-01,São José dos Campos,3.026344
2023-08-28,2023-09-01,Araucária,2.992038
2023-08-28,2023-09-01,Canoas,3.021614
2023-09-04,2023-09-08,Manaus,3.001280
2023-09-04,2023-09-08,Itaqui,2.996978
2023-09-04,2023-09-08,Suape,2.993338
2023-09-04,2023-09-08,Aratu,3.000960
2023-09-04,2023-09-08,Santos,3.009258
2023-09-04,2023-09-08,Paranagua,2.995008
2023-09-04,2023-09-08,Tramandai,3.024655
2023-09-04,2023-09-08,Guamaré,3.142073
2023-09-04,2023-09-08,Duque de Caxias,3.182925
2023-09-04,2023-09-08,Betim,3.202923
2023-09-04,2023-09-08,Cubatão,3.042423
2023-09-04,2023-09-08,Mauá,3.059135
2023-09-04,2023-09-08,Paulínia,3.100030
2023-09-04,2023-09-08,São José dos Campos,3.086945
2023-09-04,2023-09-08,Araucária,3.052315
2023-09-04,2023-09-08,Canoas,3.081763
2023-09-11,2023-09-15,Manaus,3.108170
2023-09-11,2023-09-15,Itaqui,3.104308
2023-09-11,2023-09-15,Suape,3.101760
2023-09-11,2023-09-15,Aratu,3.106740
2023-09-11,2023-09-15,Santos,3.111868
2023-09-11,2023-09-15,Paranagua,3.097470
2023-09-11,2023-09-15,Tramandai,3.121160
2023-09-11,2023-09-15,Guamaré,3.248364
2023-09-11,2023-09-15,Duque de Caxias,3.283040
2023-09-11,2023-09-15,Betim,3.302746
2023-09-11,2023-09-15,Cubatão,3.144552
2023-09-11,2023-09-15,Mauá,3.161030
2023-09-11,2023-09-15,Paulínia,3.201334
2023-09-11,2023-09-15,São José dos Campos,3.188440
2023-09-11,2023-09-15,Araucária,3.153954
2023-09-11,2023-09-15,Canoas,3.177446
2023-09-18,2023-09-22,Manaus,3.053864
2023-09-18,2023-09-22,Itaqui,3.050338
2023-09-18,2023-09-22,Suape,3.047750
2023-09-18,2023-09-22,Aratu,3.052968
2023-09-18,2023-09-22,Santos,3.058480
2023-09-18,2023-09-22,Paranagua,3.044058
2023-09-18,2023-09-22,Tramandai,3.068580
2023-09-18,2023-09-22,Guamaré,3.193750
2023-09-18,2023-09-22,Duque de Caxias,3.228948
2023-09-18,2023-09-22,Betim,3.248574
2023-09-18,2023-09-22,Cubatão,3.091030
2023-09-18,2023-09-22,Mauá,3.107440
2023-09-18,2023-09-22,Paulínia,3.147580
2023-09-18,2023-09-22,São José dos Campos,3.134736
2023-09-18,2023-09-22,Araucária,3.100308
2023-09-18,2023-09-22,Canoas,3.124634
2023-09-25,2023-09-29,Manaus,3.044446
2023-09-25,2023-09-29,Itaqui,3.039990
2023-09-25,2023-09-29,Suape,3.036260
2023-09-25,2023-09-29,Aratu,3.044036
2023-09-25,2023-09-29,Santos,3.052478
2023-09-25,2023-09-29,Paranagua,3.038248
2023-09-25,2023-09-29,Tramandai,3.068132
2023-09-25,2023-09-29,Guamaré,3.186188
2023-09-25,2023-09-29,Duque de Caxias,3.227536
2023-09-25,2023-09-29,Betim,3.247690
2023-09-25,2023-09-29,Cubatão,3.085910
2023-09-25,2023-09-29,Mauá,3.102758
2023-09-25,2023-09-29,Paulínia,3.143978
2023-09-25,2023-09-29,São José dos Campos,3.130786
2023-09-25,2023-09-29,Araucária,3.096014
2023-09-25,2023-09-29,Canoas,3.125696
2023-10-02,2023-10-06,Manaus,2.875844
2023-10-02,2023-10-06,Itaqui,2.871660
2023-10-02,2023-10-06,Suape,2.867768
2023-10-02,2023-10-06,Aratu,2.876092
2023-10-02,2023-10-06,Santos,2.885288
2023-10-02,2023-10-06,Paranagua,2.871048
2023-10-02,2023-10-06,Tramandai,2.902474
2023-10-02,2023-10-06,Guamaré,3.021426
2023-10-02,2023-10-06,Duque de Caxias,3.064702
2023-10-02,2023-10-06,Betim,3.085358
2023-10-02,2023-10-06,Cubatão,2.919550
2023-10-02,2023-10-06,Mauá,2.936820
2023-10-02,2023-10-06,Paulínia,2.979066
2023-10-02,2023-10-06,São José dos Campos,2.965546
2023-10-02,2023-10-06,Araucária,2.930254
2023-10-02,2023-10-06,Canoas,2.961468
2023-10-09,2023-10-13,Manaus,2.797410
2023-10-09,2023-10-13,Itaqui,2.793018
2023-10-09,2023-10-13,Suape,2.789470
2023-10-09,2023-10-13,Aratu,2.796810
2023-10-09,2023-10-13,Santos,2.804732
2023-10-09,2023-10-13,Paranagua,2.790478
2023-10-09,2023-10-13,Tramandai,2.819378
2023-10-09,2023-10-13,Guamaré,2.941244
2023-10-09,2023-10-13,Duque de Caxias,2.981944
2023-10-09,2023-10-13,Betim,3.002344
2023-10-09,2023-10-13,Cubatão,2.838572
2023-10-09,2023-10-13,Mauá,2.855628
2023-10-09,2023-10-13,Paulínia,2.897358
2023-10-09,2023-10-13,São José dos Campos,2.884004
2023-10-09,2023-10-13,Araucária,2.848956
2023-10-09,2023-10-13,Canoas,2.877650
2023-10-16,2023-10-20,Manaus,2.904338
2023-10-16,2023-10-20,Itaqui,2.900482
2023-10-16,2023-10-20,Suape,2.897618
2023-10-16,2023-10-20,Aratu,2.903420
2023-10-16,2023-10-20,Santos,2.909578
2023-10-16,2023-10-20,Paranagua,2.895208
2023-10-16,2023-10-20,Tramandai,2.920878
2023-10-16,2023-10-20,Guamaré,3.048210
2023-10-16,2023-10-20,Duque de Caxias,3.085410
2023-10-16,2023-10-20,Betim,3.105654
2023-10-16,2023-10-20,Cubatão,2.943152
2023-10-16,2023-10-20,Mauá,2.960078
2023-10-16,2023-10-20,Paulínia,3.001480
2023-10-16,2023-10-20,São José dos Campos,2.988232
2023-10-16,2023-10-20,Araucária,2.953232
2023-10-16,2023-10-20,Canoas,2.978696
2023-10-23,2023-10-27,Manaus,2.889050
2023-10-23,2023-10-27,Itaqui,2.885240
2023-10-23,2023-10-27,Suape,2.882202
2023-10-23,2023-10-27,Aratu,2.888464
2023-10-23,2023-10-27,Santos,2.895196
2023-10-23,2023-10-27,Paranagua,2.880842
2023-10-23,2023-10-27,Tramandai,2.907634
2023-10-23,2023-10-27,Guamaré,3.031808
2023-10-23,2023-10-27,Duque de Caxias,3.069878
2023-10-23,2023-10-27,Betim,3.089988
2023-10-23,2023-10-27,Cubatão,2.928552
2023-10-23,2023-10-27,Mauá,2.945366
2023-10-23,2023-10-27,Paulínia,2.986496
2023-10-23,2023-10-27,São José dos Campos,2.973338
2023-10-23,2023-10-27,Araucária,2.938484
2023-10-23,2023-10-27,Canoas,2.965072
2023-10-30,2023-11-03,Manaus,2.796170
2023-10-30,2023-11-03,Itaqui,2.792466
2023-10-30,2023-11-03,Suape,2.789320
2023-10-30,2023-11-03,Aratu,2.795906
2023-10-30,2023-11-03,Santos,2.803068
2023-10-30,2023-11-03,Paranagua,2.788712
2023-10-30,2023-11-03,Tramandai,2.816364
2023-10-30,2023-11-03,Guamaré,2.938358
2023-10-30,2023-11-03,Duque de Caxias,2.977082
2023-10-30,2023-11-03,Betim,2.997120
2023-10-30,2023-11-03,Cubatão,2.836296
2023-10-30,2023-11-03,Mauá,2.853046
2023-10-30,2023-11-03,Paulínia,2.894024
2023-10-30,2023-11-03,São José dos Campos,2.880912
2023-10-30,2023-11-03,Araucária,2.846134
2023-10-30,2023-11-03,Canoas,2.873582
2023-11-06,2023-11-10,Manaus,2.656746
2023-11-06,2023-11-10,Itaqui,2.652584
2023-11-06,2023-11-10,Suape,2.648924
2023-11-06,2023-11-10,Aratu,2.656646
2023-11-06,2023-11-10,Santos,2.665096
2023-11-06,2023-11-10,Paranagua,2.650834
2023-11-06,2023-11-10,Tramandai,2.680820
2023-11-06,2023-11-10,Guamaré,2.795364
2023-11-06,2023-11-10,Duque de Caxias,2.836080
2023-11-06,2023-11-10,Betim,2.855764
2023-11-06,2023-11-10,Cubatão,2.697744
2023-11-06,2023-11-10,Mauá,2.714204
2023-11-06,2023-11-10,Paulínia,2.754466
2023-11-06,2023-11-10,São José dos Campos,2.741582
2023-11-06,2023-11-10,Araucária,2.707256
2023-11-06,2023-11-10,Canoas,2.737044
2023-11-13,2023-11-17,Manaus,2.646180
2023-11-13,2023-11-17,Itaqui,2.641196
2023-11-13,2023-11-17,Suape,2.636206
2023-11-13,2023-11-17,Aratu,2.647024
2023-11-13,2023-11-17,Santos,2.659096
2023-11-13,2023-11-17,Paranagua,2.645036
2023-11-13,2023-11-17,Tramandai,2.681744
2023-11-13,2023-11-17,Guamaré,2.782062
2023-11-13,2023-11-17,Duque de Caxias,2.829400
2023-11-13,2023-11-17,Betim,2.849006
2023-11-13,2023-11-17,Cubatão,2.691618
2023-11-13,2023-11-17,Mauá,2.708008
2023-11-13,2023-11-17,Paulínia,2.748108
2023-11-13,2023-11-17,São José dos Campos,2.735280
2023-11-13,2023-11-17,Araucária,2.701232
2023-11-13,2023-11-17,Canoas,2.737742
2023-11-20,2023-11-24,Manaus,2.684807
2023-11-20,2023-11-24,Itaqui,2.679387
2023-11-20,2023-11-24,Suape,2.673847
2023-11-20,2023-11-24,Aratu,2.685897
2023-11-20,2023-11-24,Santos,2.699380
2023-11-20,2023-11-24,Paranagua,2.685413
2023-11-20,2023-11-24,Tramandai,2.724693
2023-11-20,2023-11-24,Guamaré,2.819780
2023-11-20,2023-11-24,Duque de Caxias,2.869773
2023-11-20,2023-11-24,Betim,2.889393
2023-11-20,2023-11-24,Cubatão,2.731917
2023-11-20,2023-11-24,Mauá,2.748317
2023-11-20,2023-11-24,Paulínia,2.788440
2023-11-20,2023-11-24,São José dos Campos,2.775603
2023-11-20,2023-11-24,Araucária,2.741640
2023-11-20,2023-11-24,Canoas,2.780723
2023-11-27,2023-12-01,Manaus,2.756790
2023-11-27,2023-12-01,Itaqui,2.750742
2023-11-27,2023-12-01,Suape,2.744512
2023-11-27,2023-12-01,Aratu,2.758082
2023-11-27,2023-12-01,Santos,2.773272
2023-11-27,2023-12-01,Paranagua,2.759432
2023-11-27,2023-12-01,Tramandai,2.801818
2023-11-27,2023-12-01,Guamaré,2.890648
2023-11-27,2023-12-01,Duque de Caxias,2.943904
2023-11-27,2023-12-01,Betim,2.963548
2023-11-27,2023-12-01,Cubatão,2.805856
2023-11-27,2023-12-01,Mauá,2.822280
2023-11-27,2023-12-01,Paulínia,2.862460
2023-11-27,2023-12-01,São José dos Campos,2.849602
2023-11-27,2023-12-01,Araucária,2.815736
2023-11-27,2023-12-01,Canoas,2.857922
2023-12-04,2023-12-08,Manaus,2.654466
2023-12-04,2023-12-08,Itaqui,2.647998
2023-12-04,2023-12-08,Suape,2.641772
2023-12-04,2023-12-08,Aratu,2.655160
2023-12-04,2023-12-08,Santos,2.670022
2023-12-04,2023-12-08,Paranagua,2.656218
2023-12-04,2023-12-08,Tramandai,2.697832
2023-12-04,2023-12-08,Guamaré,2.788892
2023-12-04,2023-12-08,Duque de Caxias,2.841800
2023-12-04,2023-12-08,Betim,2.861574
2023-12-04,2023-12-08,Cubatão,2.702822
2023-12-04,2023-12-08,Mauá,2.719356
2023-12-04,2023-12-08,Paulínia,2.759808
2023-12-04,2023-12-08,São José dos Campos,2.746862
2023-12-04,2023-12-08,Araucária,2.712902
2023-12-04,2023-12-08,Canoas,2.754316
2023-12-11,2023-12-15,Manaus,2.604046
2023-12-11,2023-12-15,Itaqui,2.597896
2023-12-11,2023-12-15,Suape,2.592604
2023-12-11,2023-12-15,Aratu,2.603718
2023-12-11,2023-12-15,Santos,2.615838
2023-12-11,2023-12-15,Paranagua,2.601916
2023-12-11,2023-12-15,Tramandai,2.638360
2023-12-11,2023-12-15,Guamaré,2.740080
2023-12-11,2023-12-15,Duque de Caxias,2.788036
2023-12-11,2023-12-15,Betim,2.807860
2023-12-11,2023-12-15,Cubatão,2.648720
2023-12-11,2023-12-15,Mauá,2.665298
2023-12-11,2023-12-15,Paulínia,2.705842
2023-12-11,2023-12-15,São José dos Campos,2.692868
2023-12-11,2023-12-15,Araucária,2.658740
2023-12-11,2023-12-15,Canoas,2.694982
2023-12-18,2023-12-22,Manaus,2.740792
2023-12-18,2023-12-22,Itaqui,2.735736
2023-12-18,2023-12-22,Suape,2.731206
2023-12-18,2023-12-22,Aratu,2.740804
2023-12-18,2023-12-22,Santos,2.751342
2023-12-18,2023-12-22,Paranagua,2.737248
2023-12-18,2023-12-22,Tramandai,2.770978
2023-12-18,2023-12-22,Guamaré,2.877110
2023-12-18,2023-12-22,Duque de Caxias,2.921704
2023-12-18,2023-12-22,Betim,2.941316
2023-12-18,2023-12-22,Cubatão,2.783874
2023-12-18,2023-12-22,Mauá,2.800272
2023-12-18,2023-12-22,Paulínia,2.840388
2023-12-18,2023-12-22,São José dos Campos,2.827552
2023-12-18,2023-12-22,Araucária,2.793464
2023-12-18,2023-12-22,Canoas,2.826996
2023-12-25,2023-12-29,Manaus,2.679410
2023-12-25,2023-12-29,Itaqui,2.674780
2023-12-25,2023-12-29,Suape,2.670725
2023-12-25,2023-12-29,Aratu,2.679273
2023-12-25,2023-12-29,Santos,2.688623
2023-12-25,2023-12-29,Paranagua,2.674443
2023-12-25,2023-12-29,Tramandai,2.706013
2023-12-25,2023-12-29,Guamaré,2.815355
2023-12-25,2023-12-29,Duque de Caxias,2.857495
2023-12-25,2023-12-29,Betim,2.876935
2023-12-25,2023-12-29,Cubatão,2.720868
2023-12-25,2023-12-29,Mauá,2.737123
2023-12-25,2023-12-29,Paulínia,2.776885
2023-12-25,2023-12-29,São José dos Campos,2.764165
2023-12-25,2023-12-29,Araucária,2.730165
2023-12-25,2023-12-29,Canoas,2.761543
2024-01-01,2024-01-05,Manaus,2.670918
2024-01-01,2024-01-05,Itaqui,2.670153
2024-01-01,2024-01-05,Suape,2.679430
2024-01-01,2024-01-05,Aratu,2.673655
2024-01-01,2024-01-05,Santos,2.678283
2024-01-01,2024-01-05,Paranagua,2.670220
2024-01-01,2024-01-05,Tramandai,2.691763
2024-01-01,2024-01-05,Guamaré,2.825893
2024-01-01,2024-01-05,Duque de Caxias,2.849288
2024-01-01,2024-01-05,Betim,2.868978
2024-01-01,2024-01-05,Cubatão,2.710935
2024-01-01,2024-01-05,Mauá,2.727398
2024-01-01,2024-01-05,Paulínia,2.767660
2024-01-01,2024-01-05,São José dos Campos,2.754778
2024-01-01,2024-01-05,Araucária,2.726648
2024-01-01,2024-01-05,Canoas,2.747993
2024-01-08,2024-01-12,Manaus,2.634424
2024-01-08,2024-01-12,Itaqui,2.641100
2024-01-08,2024-01-12,Suape,2.627842
2024-01-08,2024-01-12,Aratu,2.644640
2024-01-08,2024-01-12,Santos,2.641834
2024-01-08,2024-01-12,Paranagua,2.652530
2024-01-08,2024-01-12,Tramandai,2.655450
2024-01-08,2024-01-12,Guamaré,2.773664
2024-01-08,2024-01-12,Duque de Caxias,2.812096
2024-01-08,2024-01-12,Betim,2.831696
2024-01-08,2024-01-12,Cubatão,2.674346
2024-01-08,2024-01-12,Mauá,2.690734
2024-01-08,2024-01-12,Paulínia,2.730826
2024-01-08,2024-01-12,São José dos Campos,2.717998
2024-01-08,2024-01-12,Araucária,2.708714
2024-01-08,2024-01-12,Canoas,2.711438
2024-01-15,2024-01-19,Manaus,2.740395
2024-01-15,2024-01-19,Itaqui,2.747098
2024-01-15,2024-01-19,Suape,2.733875
2024-01-15,2024-01-19,Aratu,2.750593
2024-01-15,2024-01-19,Santos,2.747698
2024-01-15,2024-01-19,Paranagua,2.758388
2024-01-15,2024-01-19,Tramandai,2.761145
2024-01-15,2024-01-19,Guamaré,2.881180
2024-01-15,2024-01-19,Duque de Caxias,2.919695
2024-01-15,2024-01-19,Betim,2.939493
2024-01-15,2024-01-19,Cubatão,2.780543
2024-01-15,2024-01-19,Mauá,2.797098
2024-01-15,2024-01-19,Paulínia,2.837598
2024-01-15,2024-01-19,São José dos Campos,2.824638
2024-01-15,2024-01-19,Araucária,2.815140
2024-01-15,2024-01-19,Canoas,2.817700
2024-01-22,2024-01-26,Manaus,2.864894
2024-01-22,2024-01-26,Itaqui,2.871818
2024-01-22,2024-01-26,Suape,2.858534
2024-01-22,2024-01-26,Aratu,2.875530
2024-01-22,2024-01-26,Santos,2.873052
2024-01-22,2024-01-26,Paranagua,2.883726
2024-01-22,2024-01-26,Tramandai,2.887356
2024-01-22,2024-01-26,Guamaré,3.006212
2024-01-22,2024-01-26,Duque de Caxias,3.045484
2024-01-22,2024-01-26,Betim,3.065338
2024-01-22,2024-01-26,Cubatão,2.905978
2024-01-22,2024-01-26,Mauá,2.922576
2024-01-22,2024-01-26,Paulínia,2.963180
2024-01-22,2024-01-26,São José dos Campos,2.950190
2024-01-22,2024-01-26,Araucária,2.940622
2024-01-22,2024-01-26,Canoas,2.944056
2024-01-29,2024-02-02,Manaus,2.900220
2024-01-29,2024-02-02,Itaqui,2.906982
2024-01-29,2024-02-02,Suape,2.893724
2024-01-29,2024-02-02,Aratu,2.910568
2024-01-29,2024-02-02,Santos,2.907856
2024-01-29,2024-02-02,Paranagua,2.918542
2024-01-29,2024-02-02,Tramandai,2.921668
2024-01-29,2024-02-02,Guamaré,3.041474
2024-01-29,2024-02-02,Duque de Caxias,3.080372
2024-01-29,2024-02-02,Betim,3.100232
2024-01-29,2024-02-02,Cubatão,2.940800
2024-01-29,2024-02-02,Mauá,2.957404
2024-01-29,2024-02-02,Paulínia,2.998026
2024-01-29,2024-02-02,São José dos Campos,2.985026
2024-01-29,2024-02-02,Araucária,2.975468
2024-01-29,2024-02-02,Canoas,2.978392
2024-02-05,2024-02-09,Manaus,2.838492
2024-02-05,2024-02-09,Itaqui,2.845060
2024-02-05,2024-02-09,Suape,2.831768
2024-02-05,2024-02-09,Aratu,2.848622
2024-02-05,2024-02-09,Santos,2.845856
2024-02-05,2024-02-09,Paranagua,2.856566
2024-02-05,2024-02-09,Tramandai,2.859538
2024-02-05,2024-02-09,Guamaré,2.980324
2024-02-05,2024-02-09,Duque de Caxias,3.019318
2024-02-05,2024-02-09,Betim,3.039286
2024-02-05,2024-02-09,Cubatão,2.878980
2024-02-05,2024-02-09,Mauá,2.895674
2024-02-05,2024-02-09,Paulínia,2.936518
2024-02-05,2024-02-09,São José dos Campos,2.923450
2024-02-05,2024-02-09,Araucária,2.913802
2024-02-05,2024-02-09,Canoas,2.916574
2024-02-12,2024-02-16,Manaus,2.994516
2024-02-12,2024-02-16,Itaqui,3.000748
2024-02-12,2024-02-16,Suape,2.987198
2024-02-12,2024-02-16,Aratu,3.004546
2024-02-12,2024-02-16,Santos,3.002268
2024-02-12,2024-02-16,Paranagua,3.013046
2024-02-12,2024-02-16,Tramandai,3.016858
2024-02-12,2024-02-16,Guamaré,3.135468
2024-02-12,2024-02-16,Duque de Caxias,3.175394
2024-02-12,2024-02-16,Betim,3.195326
2024-02-12,2024-02-16,Cubatão,3.035330
2024-02-12,2024-02-16,Mauá,3.051994
2024-02-12,2024-02-16,Paulínia,3.092760
2024-02-12,2024-02-16,São José dos Campos,3.079716
2024-02-12,2024-02-16,Araucária,3.070172
2024-02-12,2024-02-16,Canoas,3.073786
2024-02-19,2024-02-23,Manaus,2.939950
2024-02-19,2024-02-23,Itaqui,2.946038
2024-02-19,2024-02-23,Suape,2.932353
2024-02-19,2024-02-23,Aratu,2.949975
2024-02-19,2024-02-23,Santos,2.947975
2024-02-19,2024-02-23,Paranagua,2.958780
2024-02-19,2024-02-23,Tramandai,2.963090
2024-02-19,2024-02-23,Guamaré,3.080305
2024-02-19,2024-02-23,Duque de Caxias,3.120730
2024-02-19,2024-02-23,Betim,3.140620
2024-02-19,2024-02-23,Cubatão,2.980965
2024-02-19,2024-02-23,Mauá,2.997593
2024-02-19,2024-02-23,Paulínia,3.038273
2024-02-19,2024-02-23,São José dos Campos,3.025253
2024-02-19,2024-02-23,Araucária,3.015788
2024-02-19,2024-02-23,Canoas,3.019895
2024-02-26,2024-03-01,Manaus,2.970144
2024-02-26,2024-03-01,Itaqui,2.976398
2024-02-26,2024-03-01,Suape,2.962942
2024-02-26,2024-03-01,Aratu,2.980066
2024-02-26,2024-03-01,Santos,2.977522
2024-02-26,2024-03-01,Paranagua,2.988284
2024-02-26,2024-03-01,Tramandai,2.991588
2024-02-26,2024-03-01,Guamaré,3.111196
2024-02-26,2024-03-01,Duque de Caxias,3.150626
2024-02-26,2024-03-01,Betim,3.170554
2024-02-26,2024-03-01,Cubatão,3.010578
2024-02-26,2024-03-01,Mauá,3.027236
2024-02-26,2024-03-01,Paulínia,3.068000
2024-02-26,2024-03-01,São José dos Campos,3.054956
2024-02-26,2024-03-01,Araucária,3.045402
2024-02-26,2024-03-01,Canoas,3.048508
2024-03-04,2024-03-08,Manaus,2.966496
2024-03-04,2024-03-08,Itaqui,2.971846
2024-03-04,2024-03-08,Suape,2.957700
2024-03-04,2024-03-08,Aratu,2.976162
2024-03-04,2024-03-08,Santos,2.974954
2024-03-04,2024-03-08,Paranagua,2.985880
2024-03-04,2024-03-08,Tramandai,2.991502
2024-03-04,2024-03-08,Guamaré,3.105678
2024-03-04,2024-03-08,Duque de Caxias,3.147736
2024-03-04,2024-03-08,Betim,3.167626
2024-03-04,2024-03-08,Cubatão,3.007946
2024-03-04,2024-03-08,Mauá,3.024578
2024-03-04,2024-03-08,Paulínia,3.065264
2024-03-04,2024-03-08,São José dos Campos,3.052242
2024-03-04,2024-03-08,Araucária,3.042898
2024-03-04,2024-03-08,Canoas,3.048316
2024-03-11,2024-03-15,Manaus,3.040906
2024-03-11,2024-03-15,Itaqui,3.046066
2024-03-11,2024-03-15,Suape,3.031880
2024-03-11,2024-03-15,Aratu,3.050380
2024-03-11,2024-03-15,Santos,3.049154
2024-03-11,2024-03-15,Paranagua,3.060110
2024-03-11,2024-03-15,Tramandai,3.065644
2024-03-11,2024-03-15,Guamaré,3.180694
2024-03-11,2024-03-15,Duque de Caxias,3.222914
2024-03-11,2024-03-15,Betim,3.242916
2024-03-11,2024-03-15,Cubatão,3.082332
2024-03-11,2024-03-15,Mauá,3.099056
2024-03-11,2024-03-15,Paulínia,3.139972
2024-03-11,2024-03-15,São José dos Campos,3.126882
2024-03-11,2024-03-15,Araucária,3.117444
2024-03-11,2024-03-15,Canoas,3.122776
2024-03-18,2024-03-22,Manaus,3.198600
2024-03-18,2024-03-22,Itaqui,3.204238
2024-03-18,2024-03-22,Suape,3.190354
2024-03-18,2024-03-22,Aratu,3.208296
2024-03-18,2024-03-22,Santos,3.206550
2024-03-18,2024-03-22,Paranagua,3.217422
2024-03-18,2024-03-22,Tramandai,3.222088
2024-03-18,2024-03-22,Guamaré,3.339740
2024-03-18,2024-03-22,Duque de Caxias,3.380976
2024-03-18,2024-03-22,Betim,3.401058
2024-03-18,2024-03-22,Cubatão,3.239856
2024-03-18,2024-03-22,Mauá,3.256646
2024-03-18,2024-03-22,Paulínia,3.297718
2024-03-18,2024-03-22,São José dos Campos,3.284576
2024-03-18,2024-03-22,Araucária,3.274978
2024-03-18,2024-03-22,Canoas,3.279444
2024-03-25,2024-03-29,Manaus,3.157770
2024-03-25,2024-03-29,Itaqui,3.163145
2024-03-25,2024-03-29,Suape,3.148388
2024-03-25,2024-03-29,Aratu,3.168428
2024-03-25,2024-03-29,Santos,3.169153
2024-03-25,2024-03-29,Paranagua,3.180143
2024-03-25,2024-03-29,Tramandai,3.189503
2024-03-25,2024-03-29,Guamaré,3.297355
2024-03-25,2024-03-29,Duque de Caxias,3.343090
2024-03-25,2024-03-29,Betim,3.363113
2024-03-25,2024-03-29,Cubatão,3.202365
2024-03-25,2024-03-29,Mauá,3.219108
2024-03-25,2024-03-29,Paulínia,3.260063
2024-03-25,2024-03-29,São José dos Campos,3.246958
2024-03-25,2024-03-29,Araucária,3.237540
2024-03-25,2024-03-29,Canoas,3.246693
2024-04-01,2024-04-05,Manaus,3.250778
2024-04-01,2024-04-05,Itaqui,3.256266
2024-04-01,2024-04-05,Suape,3.241628
2024-04-01,2024-04-05,Aratu,3.261420
2024-04-01,2024-04-05,Santos,3.261886
2024-04-01,2024-04-05,Paranagua,3.272854
2024-04-01,2024-04-05,Tramandai,3.281744
2024-04-01,2024-04-05,Guamaré,3.392504
2024-04-01,2024-04-05,Duque de Caxias,3.438052
2024-04-01,2024-04-05,Betim,3.458332
2024-04-01,2024-04-05,Cubatão,3.295524
2024-04-01,2024-04-05,Mauá,3.312484
2024-04-01,2024-04-05,Paulínia,3.353966
2024-04-01,2024-04-05,São José dos Campos,3.340692
2024-04-01,2024-04-05,Araucária,3.330984
2024-04-01,2024-04-05,Canoas,3.339670
2024-04-08,2024-04-12,Manaus,3.285538
2024-04-08,2024-04-12,Itaqui,3.291194
2024-04-08,2024-04-12,Suape,3.276962
2024-04-08,2024-04-12,Aratu,3.295808
2024-04-08,2024-04-12,Santos,3.295170
2024-04-08,2024-04-12,Paranagua,3.306076
2024-04-08,2024-04-12,Tramandai,3.312892
2024-04-08,2024-04-12,Guamaré,3.428280
2024-04-08,2024-04-12,Duque de Caxias,3.471850
2024-04-08,2024-04-12,Betim,3.492192
2024-04-08,2024-04-12,Cubatão,3.328908
2024-04-08,2024-04-12,Mauá,3.345912
2024-04-08,2024-04-12,Paulínia,3.387516
2024-04-08,2024-04-12,São José dos Campos,3.374206
2024-04-08,2024-04-12,Araucária,3.364376
2024-04-08,2024-04-12,Canoas,3.370988
2024-04-15,2024-04-19,Manaus,3.341904
2024-04-15,2024-04-19,Itaqui,3.347880
2024-04-15,2024-04-19,Suape,3.334242
2024-04-15,2024-04-19,Aratu,3.351702
2024-04-15,2024-04-19,Santos,3.349470
2024-04-15,2024-04-19,Paranagua,3.360280
2024-04-15,2024-04-19,Tramandai,3.364112
2024-04-15,2024-04-19,Guamaré,3.490316
2024-04-15,2024-04-19,Duque de Caxias,3.531704
2024-04-15,2024-04-19,Betim,3.552686
2024-04-15,2024-04-19,Cubatão,3.384268
2024-04-15,2024-04-19,Mauá,3.401810
2024-04-15,2024-04-19,Paulínia,3.444720
2024-04-15,2024-04-19,São José dos Campos,3.430990
2024-04-15,2024-04-19,Araucária,3.420414
2024-04-15,2024-04-19,Canoas,3.424034
2024-04-22,2024-04-26,Manaus,3.126688
2024-04-22,2024-04-26,Itaqui,3.133110
2024-04-22,2024-04-26,Suape,3.119984
2024-04-22,2024-04-26,Aratu,3.136344
2024-04-22,2024-04-26,Santos,3.132924
2024-04-22,2024-04-26,Paranagua,3.143632
2024-04-22,2024-04-26,Tramandai,3.145302
2024-04-22,2024-04-26,Guamaré,3.273710
2024-04-22,2024-04-26,Duque de Caxias,3.312418
2024-04-22,2024-04-26,Betim,3.333086
2024-04-22,2024-04-26,Cubatão,3.167202
2024-04-22,2024-04-26,Mauá,3.184480
2024-04-22,2024-04-26,Paulínia,3.226744
2024-04-22,2024-04-26,São José dos Campos,3.213220
2024-04-22,2024-04-26,Araucária,3.202862
2024-04-22,2024-04-26,Canoas,3.204322
2024-04-29,2024-05-03,Manaus,3.057968
2024-04-29,2024-05-03,Itaqui,3.064384
2024-04-29,2024-05-03,Suape,3.051312
2024-04-29,2024-05-03,Aratu,3.067536
2024-04-29,2024-05-03,Santos,3.063944
2024-04-29,2024-05-03,Paranagua,3.074646
2024-04-29,2024-05-03,Tramandai,3.075980
2024-04-29,2024-05-03,Guamaré,3.204698
2024-04-29,2024-05-03,Duque de Caxias,3.243038
2024-04-29,2024-05-03,Betim,3.263658
2024-04-29,2024-05-03,Cubatão,3.098142
2024-04-29,2024-05-03,Mauá,3.115380
2024-04-29,2024-05-03,Paulínia,3.157552
2024-04-29,2024-05-03,São José dos Campos,3.144056
2024-04-29,2024-05-03,Araucária,3.133744
2024-04-29,2024-05-03,Canoas,3.134870
2024-05-06,2024-05-10,Manaus,2.909140
2024-05-06,2024-05-10,Itaqui,2.915248
2024-05-06,2024-05-10,Suape,2.901612
2024-05-06,2024-05-10,Aratu,2.919120
2024-05-06,2024-05-10,Santos,2.916998
2024-05-06,2024-05-10,Paranagua,2.927794
2024-05-06,2024-05-10,Tramandai,2.931858
2024-05-06,2024-05-10,Guamaré,3.054188
2024-05-06,2024-05-10,Duque de Caxias,3.095142
2024-05-06,2024-05-10,Betim,3.115650
2024-05-06,2024-05-10,Cubatão,2.951014
2024-05-06,2024-05-10,Mauá,2.968160
2024-05-06,2024-05-10,Paulínia,3.010108
2024-05-06,2024-05-10,São José dos Campos,2.996684
2024-05-06,2024-05-10,Araucária,2.986576
2024-05-06,2024-05-10,Canoas,2.990438
2024-05-13,2024-05-17,Manaus,2.887758
2024-05-13,2024-05-17,Itaqui,2.894170
2024-05-13,2024-05-17,Suape,2.881036
2024-05-13,2024-05-17,Aratu,2.897418
2024-05-13,2024-05-17,Santos,2.894022
2024-05-13,2024-05-17,Paranagua,2.904730
2024-05-13,2024-05-17,Tramandai,2.906444
2024-05-13,2024-05-17,Guamaré,3.034366
2024-05-13,2024-05-17,Duque de Caxias,3.073054
2024-05-13,2024-05-17,Betim,3.093664
2024-05-13,2024-05-17,Cubatão,2.928208
2024-05-13,2024-05-17,Mauá,2.945440
2024-05-13,2024-05-17,Paulínia,2.987596
2024-05-13,2024-05-17,São José dos Campos,2.974108
2024-05-13,2024-05-17,Araucária,2.963810
2024-05-13,2024-05-17,Canoas,2.965312
2024-05-20,2024-05-24,Manaus,2.919860
2024-05-20,2024-05-24,Itaqui,2.926402
2024-05-20,2024-05-24,Suape,2.913252
2024-05-20,2024-05-24,Aratu,2.929720
2024-05-20,2024-05-24,Santos,2.926466
2024-05-20,2024-05-24,Paranagua,2.937166
2024-05-20,2024-05-24,Tramandai,2.939194
2024-05-20,2024-05-24,Guamaré,3.066846
2024-05-20,2024-05-24,Duque de Caxias,3.105806
2024-05-20,2024-05-24,Betim,3.126454
2024-05-20,2024-05-24,Cubatão,2.960716
2024-05-20,2024-05-24,Mauá,2.977976
2024-05-20,2024-05-24,Paulínia,3.020204
2024-05-20,2024-05-24,São José dos Campos,3.006694
2024-05-20,2024-05-24,Araucária,2.996346
2024-05-20,2024-05-24,Canoas,2.998162
2024-05-27,2024-05-31,Manaus,2.959743
2024-05-27,2024-05-31,Itaqui,2.965538
2024-05-27,2024-05-31,Suape,2.950463
2024-05-27,2024-05-31,Aratu,2.971500
2024-05-27,2024-05-31,Santos,2.973583
2024-05-27,2024-05-31,Paranagua,2.984565
2024-05-27,2024-05-31,Tramandai,2.996658
2024-05-27,2024-05-31,Guamaré,3.105915
2024-05-27,2024-05-31,Duque de Caxias,3.155093
2024-05-27,2024-05-31,Betim,3.175988
2024-05-27,2024-05-31,Cubatão,3.008243
2024-05-27,2024-05-31,Mauá,3.025713
2024-05-27,2024-05-31,Paulínia,3.068453
2024-05-27,2024-05-31,São José dos Campos,3.054775
2024-05-27,2024-05-31,Araucária,3.044460
2024-05-27,2024-05-31,Canoas,3.056340
2024-06-03,2024-06-07,Manaus,3.019116
2024-06-03,2024-06-07,Itaqui,3.024714
2024-06-03,2024-06-07,Suape,3.009416
2024-06-03,2024-06-07,Aratu,3.030940
2024-06-03,2024-06-07,Santos,3.033548
2024-06-03,2024-06-07,Paranagua,3.044576
2024-06-03,2024-06-07,Tramandai,3.057628
2024-06-03,2024-06-07,Guamaré,3.166890
2024-06-03,2024-06-07,Duque de Caxias,3.217416
2024-06-03,2024-06-07,Betim,3.238584
2024-06-03,2024-06-07,Cubatão,3.068658
2024-06-03,2024-06-07,Mauá,3.086356
2024-06-03,2024-06-07,Paulínia,3.129650
2024-06-03,2024-06-07,São José dos Campos,3.115800
2024-06-03,2024-06-07,Araucária,3.105246
2024-06-03,2024-06-07,Canoas,3.118086
2024-06-10,2024-06-14,Manaus,2.981728
2024-06-10,2024-06-14,Itaqui,2.988230
2024-06-10,2024-06-14,Suape,2.974582
2024-06-10,2024-06-14,Aratu,2.992298
2024-06-10,2024-06-14,Santos,2.990558
2024-06-10,2024-06-14,Paranagua,3.001312
2024-06-10,2024-06-14,Tramandai,3.006234
2024-06-10,2024-06-14,Guamaré,3.134972
2024-06-10,2024-06-14,Duque de Caxias,3.177826
2024-06-10,2024-06-14,Betim,3.199384
2024-06-10,2024-06-14,Cubatão,3.026316
2024-06-10,2024-06-14,Mauá,3.044342
2024-06-10,2024-06-14,Paulínia,3.088438
2024-06-10,2024-06-14,São José dos Campos,3.074328
2024-06-10,2024-06-14,Araucária,3.063110
2024-06-10,2024-06-14,Canoas,3.067814
2024-06-17,2024-06-21,Manaus,3.034060
2024-06-17,2024-06-21,Itaqui,3.039420
2024-06-17,2024-06-21,Suape,3.024443
2024-06-17,2024-06-21,Aratu,3.045045
2024-06-17,2024-06-21,Santos,3.046455
2024-06-17,2024-06-21,Paranagua,3.057470
2024-06-17,2024-06-21,Tramandai,3.068150
2024-06-17,2024-06-21,Guamaré,3.186708
2024-06-17,2024-06-21,Duque de Caxias,3.235918
2024-06-17,2024-06-21,Betim,3.257733
2024-06-17,2024-06-21,Cubatão,3.082633
2024-06-17,2024-06-21,Mauá,3.100870
2024-06-17,2024-06-21,Paulínia,3.145485
2024-06-17,2024-06-21,São José dos Campos,3.131208
2024-06-17,2024-06-21,Araucária,3.119990
2024-06-17,2024-06-21,Canoas,3.130450
2024-06-24,2024-06-28,Manaus,3.214966
2024-06-24,2024-06-28,Itaqui,3.219800
2024-06-24,2024-06-28,Suape,3.204294
2024-06-24,2024-06-28,Aratu,3.225990
2024-06-24,2024-06-28,Santos,3.228560
2024-06-24,2024-06-28,Paranagua,3.239688
2024-06-24,2024-06-28,Tramandai,3.252442
2024-06-24,2024-06-28,Guamaré,3.368368
2024-06-24,2024-06-28,Duque de Caxias,3.420134
2024-06-24,2024-06-28,Betim,3.442190
2024-06-24,2024-06-28,Cubatão,3.265142
2024-06-24,2024-06-28,Mauá,3.283582
2024-06-24,2024-06-28,Paulínia,3.328690
2024-06-24,2024-06-28,São José dos Campos,3.314256
2024-06-24,2024-06-28,Araucária,3.302904
2024-06-24,2024-06-28,Canoas,3.315434
2024-07-01,2024-07-05,Manaus,3.386873
2024-07-01,2024-07-05,Itaqui,3.391827
2024-07-01,2024-07-05,Suape,3.376853
2024-07-01,2024-07-05,Aratu,3.397267
2024-07-01,2024-07-05,Santos,3.398303
2024-07-01,2024-07-05,Paranagua,3.409363
2024-07-01,2024-07-05,Tramandai,3.419207
2024-07-01,2024-07-05,Guamaré,3.545107
2024-07-01,2024-07-05,Duque de Caxias,3.594760
2024-07-01,2024-07-05,Betim,3.617377
2024-07-01,2024-07-05,Cubatão,3.435817
2024-07-01,2024-07-05,Mauá,3.454730
2024-07-01,2024-07-05,Paulínia,3.500987
2024-07-01,2024-07-05,São José dos Campos,3.486187
2024-07-01,2024-07-05,Araucária,3.474190
2024-07-01,2024-07-05,Canoas,3.483803
2024-07-08,2024-07-12,Manaus,3.275528
2024-07-08,2024-07-12,Itaqui,3.281702
2024-07-08,2024-07-12,Suape,3.267756
2024-07-08,2024-07-12,Aratu,3.286092
2024-07-08,2024-07-12,Santos,3.285000
2024-07-08,2024-07-12,Paranagua,3.295822
2024-07-08,2024-07-12,Tramandai,3.301908
2024-07-08,2024-07-12,Guamaré,3.430138
2024-07-08,2024-07-12,Duque de Caxias,3.474596
2024-07-08,2024-07-12,Betim,3.496424
2024-07-08,2024-07-12,Cubatão,3.321204
2024-07-08,2024-07-12,Mauá,3.339454
2024-07-08,2024-07-12,Paulínia,3.384098
2024-07-08,2024-07-12,São José dos Campos,3.369812
2024-07-08,2024-07-12,Araucária,3.358382
2024-07-08,2024-07-12,Canoas,3.364248
2024-07-15,2024-07-19,Manaus,3.238486
2024-07-15,2024-07-19,Itaqui,3.243990
2024-07-15,2024-07-19,Suape,3.229286
2024-07-15,2024-07-19,Aratu,3.249250
2024-07-15,2024-07-19,Santos,3.249922
2024-07-15,2024-07-19,Paranagua,3.260896
2024-07-15,2024-07-19,Tramandai,3.270192
2024-07-15,2024-07-19,Guamaré,3.393688
2024-07-15,2024-07-19,Duque de Caxias,3.441878
2024-07-15,2024-07-19,Betim,3.463976
2024-07-15,2024-07-19,Cubatão,3.286578
2024-07-15,2024-07-19,Mauá,3.305056
2024-07-15,2024-07-19,Paulínia,3.350252
2024-07-15,2024-07-19,São José dos Campos,3.335790
2024-07-15,2024-07-19,Araucária,3.324236
2024-07-15,2024-07-19,Canoas,3.333308
2024-07-22,2024-07-26,Manaus,3.231552
2024-07-22,2024-07-26,Itaqui,3.237384
2024-07-22,2024-07-26,Suape,3.223366
2024-07-22,2024-07-26,Aratu,3.241734
2024-07-22,2024-07-26,Santos,3.240564
2024-07-22,2024-07-26,Paranagua,3.251430
2024-07-22,2024-07-26,Tramandai,3.257268
2024-07-22,2024-07-26,Guamaré,3.391410
2024-07-22,2024-07-26,Duque de Caxias,3.436774
2024-07-22,2024-07-26,Betim,3.459366
2024-07-22,2024-07-26,Cubatão,3.278032
2024-07-22,2024-07-26,Mauá,3.296918
2024-07-22,2024-07-26,Paulínia,3.343122
2024-07-22,2024-07-26,São José dos Campos,3.328336
2024-07-22,2024-07-26,Araucária,3.316178
2024-07-22,2024-07-26,Canoas,3.321784
2024-07-29,2024-08-02,Manaus,3.217804
2024-07-29,2024-08-02,Itaqui,3.223668
2024-07-29,2024-08-02,Suape,3.210020
2024-07-29,2024-08-02,Aratu,3.227448
2024-07-29,2024-08-02,Santos,3.225144
2024-07-29,2024-08-02,Paranagua,3.235964
2024-07-29,2024-08-02,Tramandai,3.239616
2024-07-29,2024-08-02,Guamaré,3.379480
2024-07-29,2024-08-02,Duque de Caxias,3.423008
2024-07-29,2024-08-02,Betim,3.445786
2024-07-29,2024-08-02,Cubatão,3.262924
2024-07-29,2024-08-02,Mauá,3.281970
2024-07-29,2024-08-02,Paulínia,3.328560
2024-07-29,2024-08-02,São José dos Campos,3.313650
2024-07-29,2024-08-02,Araucária,3.301256
2024-07-29,2024-08-02,Canoas,3.304676
2024-08-05,2024-08-09,Manaus,3.127638
2024-08-05,2024-08-09,Itaqui,3.133580
2024-08-05,2024-08-09,Suape,3.120238
2024-08-05,2024-08-09,Aratu,3.136916
2024-08-05,2024-08-09,Santos,3.133718
2024-08-05,2024-08-09,Paranagua,3.144502
2024-08-05,2024-08-09,Tramandai,3.146454
2024-08-05,2024-08-09,Guamaré,3.288036
2024-08-05,2024-08-09,Duque de Caxias,3.329644
2024-08-05,2024-08-09,Betim,3.352198
2024-08-05,2024-08-09,Cubatão,3.171130
2024-08-05,2024-08-09,Mauá,3.189988
2024-08-05,2024-08-09,Paulínia,3.236122
2024-08-05,2024-08-09,São José dos Campos,3.221362
2024-08-05,2024-08-09,Araucária,3.209154
2024-08-05,2024-08-09,Canoas,3.210874
2024-08-12,2024-08-16,Manaus,3.079468
2024-08-12,2024-08-16,Itaqui,3.085772
2024-08-12,2024-08-16,Suape,3.072664
2024-08-12,2024-08-16,Aratu,3.088922
2024-08-12,2024-08-16,Santos,3.085344
2024-08-12,2024-08-16,Paranagua,3.096062
2024-08-12,2024-08-16,Tramandai,3.097388
2024-08-12,2024-08-16,Guamaré,3.236448
2024-08-12,2024-08-16,Duque de Caxias,3.276578
2024-08-12,2024-08-16,Betim,3.298594
2024-08-12,2024-08-16,Cubatão,3.121862
2024-08-12,2024-08-16,Mauá,3.140268
2024-08-12,2024-08-16,Paulínia,3.185298
2024-08-12,2024-08-16,São José dos Campos,3.170888
2024-08-12,2024-08-16,Araucária,3.159164
2024-08-12,2024-08-16,Canoas,3.160268
2024-08-19,2024-08-23,Manaus,2.904688
2024-08-19,2024-08-23,Itaqui,2.910892
2024-08-19,2024-08-23,Suape,2.897208
2024-08-19,2024-08-23,Aratu,2.914886
2024-08-19,2024-08-23,Santos,2.913002
2024-08-19,2024-08-23,Paranagua,2.923790
2024-08-19,2024-08-23,Tramandai,2.928356
2024-08-19,2024-08-23,Guamaré,3.061136
2024-08-19,2024-08-23,Duque de Caxias,3.104404
2024-08-19,2024-08-23,Betim,3.126438
2024-08-19,2024-08-23,Cubatão,2.949550
2024-08-19,2024-08-23,Mauá,2.967972
2024-08-19,2024-08-23,Paulínia,3.013042
2024-08-19,2024-08-23,São José dos Campos,2.998622
2024-08-19,2024-08-23,Araucária,2.986948
2024-08-19,2024-08-23,Canoas,2.991290
2024-08-26,2024-08-30,Manaus,2.954576
2024-08-26,2024-08-30,Itaqui,2.961078
2024-08-26,2024-08-30,Suape,2.947766
2024-08-26,2024-08-30,Aratu,2.964638
2024-08-26,2024-08-30,Santos,2.961872
2024-08-26,2024-08-30,Paranagua,2.972592
2024-08-26,2024-08-30,Tramandai,2.975540
2024-08-26,2024-08-30,Guamaré,3.113924
2024-08-26,2024-08-30,Duque de Caxias,3.155880
2024-08-26,2024-08-30,Betim,3.178216
2024-08-26,2024-08-30,Cubatão,2.998918
2024-08-26,2024-08-30,Mauá,3.017594
2024-08-26,2024-08-30,Paulínia,3.063274
2024-08-26,2024-08-30,São José dos Campos,3.048658
2024-08-26,2024-08-30,Araucária,3.036612
2024-08-26,2024-08-30,Canoas,3.039334
2024-09-02,2024-09-06,Manaus,2.876600
2024-09-02,2024-09-06,Itaqui,2.883153
2024-09-02,2024-09-06,Suape,2.869735
2024-09-02,2024-09-06,Aratu,2.886895
2024-09-02,2024-09-06,Santos,2.884493
2024-09-02,2024-09-06,Paranagua,2.895218
2024-09-02,2024-09-06,Tramandai,2.898885
2024-09-02,2024-09-06,Guamaré,3.037423
2024-09-02,2024-09-06,Duque de Caxias,3.080285
2024-09-02,2024-09-06,Betim,3.102828
2024-09-02,2024-09-06,Cubatão,2.921880
2024-09-02,2024-09-06,Mauá,2.940725
2024-09-02,2024-09-06,Paulínia,2.986828
2024-09-02,2024-09-06,São José dos Campos,2.972078
2024-09-02,2024-09-06,Araucária,2.959825
2024-09-02,2024-09-06,Canoas,2.963265
2024-09-09,2024-09-13,Manaus,2.762464
2024-09-09,2024-09-13,Itaqui,2.769158
2024-09-09,2024-09-13,Suape,2.756000
2024-09-09,2024-09-13,Aratu,2.772560
2024-09-09,2024-09-13,Santos,2.769474
2024-09-09,2024-09-13,Paranagua,2.780158
2024-09-09,2024-09-13,Tramandai,2.782544
2024-09-09,2024-09-13,Guamaré,2.923872
2024-09-09,2024-09-13,Duque de Caxias,2.965488
2024-09-09,2024-09-13,Betim,2.988054
2024-09-09,2024-09-13,Cubatão,2.806902
2024-09-09,2024-09-13,Mauá,2.825772
2024-09-09,2024-09-13,Paulínia,2.871928
2024-09-09,2024-09-13,São José dos Campos,2.857156
2024-09-09,2024-09-13,Araucária,2.844838
2024-09-09,2024-09-13,Canoas,2.846996
2024-09-16,2024-09-20,Manaus,2.812276
2024-09-16,2024-09-20,Itaqui,2.819112
2024-09-16,2024-09-20,Suape,2.806024
2024-09-16,2024-09-20,Aratu,2.822470
2024-09-16,2024-09-20,Santos,2.819290
2024-09-16,2024-09-20,Paranagua,2.829952
2024-09-16,2024-09-20,Tramandai,2.832190
2024-09-16,2024-09-20,Guamaré,2.969526
2024-09-16,2024-09-20,Duque de Caxias,3.010194
2024-09-16,2024-09-20,Betim,3.032174
2024-09-16,2024-09-20,Cubatão,2.855744
2024-09-16,2024-09-20,Mauá,2.874118
2024-09-16,2024-09-20,Paulínia,2.919072
2024-09-16,2024-09-20,São José dos Campos,2.904688
2024-09-16,2024-09-20,Araucária,2.892946
2024-09-16,2024-09-20,Canoas,2.894960
2024-09-23,2024-09-27,Manaus,2.822326
2024-09-23,2024-09-27,Itaqui,2.829386
2024-09-23,2024-09-27,Suape,2.816648
2024-09-23,2024-09-27,Aratu,2.832304
2024-09-23,2024-09-27,Santos,2.828234
2024-09-23,2024-09-27,Paranagua,2.838834
2024-09-23,2024-09-27,Tramandai,2.839430
2024-09-23,2024-09-27,Guamaré,2.980054
2024-09-23,2024-09-27,Duque de Caxias,3.019030
2024-09-23,2024-09-27,Betim,3.040996
2024-09-23,2024-09-27,Cubatão,2.864668
2024-09-23,2024-09-27,Mauá,2.883030
2024-09-23,2024-09-27,Paulínia,2.927958
2024-09-23,2024-09-27,São José dos Campos,2.913582
2024-09-23,2024-09-27,Araucária,2.901794
2024-09-23,2024-09-27,Canoas,2.902166
2024-09-30,2024-10-04,Manaus,2.836050
2024-09-30,2024-10-04,Itaqui,2.842426
2024-09-30,2024-10-04,Suape,2.828724
2024-09-30,2024-10-04,Aratu,2.846524
2024-09-30,2024-10-04,Santos,2.844844
2024-09-30,2024-10-04,Paranagua,2.855622
2024-09-30,2024-10-04,Tramandai,2.860628
2024-09-30,2024-10-04,Guamaré,2.991880
2024-09-30,2024-10-04,Duque de Caxias,3.035352
2024-09-30,2024-10-04,Betim,3.057284
2024-09-30,2024-10-04,Cubatão,2.881222
2024-09-30,2024-10-04,Mauá,2.899558
2024-09-30,2024-10-04,Paulínia,2.944418
2024-09-30,2024-10-04,São José dos Campos,2.930064
2024-09-30,2024-10-04,Araucária,2.918484
2024-09-30,2024-10-04,Canoas,2.923266
2024-10-07,2024-10-11,Manaus,3.076872
2024-10-07,2024-10-11,Itaqui,3.082404
2024-10-07,2024-10-11,Suape,3.067892
2024-10-07,2024-10-11,Aratu,3.087382
2024-10-07,2024-10-11,Santos,3.087492
2024-10-07,2024-10-11,Paranagua,3.098442
2024-10-07,2024-10-11,Tramandai,3.106660
2024-10-07,2024-10-11,Guamaré,3.234150
2024-10-07,2024-10-11,Duque de Caxias,3.281618
2024-10-07,2024-10-11,Betim,3.303966
2024-10-07,2024-10-11,Cubatão,3.124564
2024-10-07,2024-10-11,Mauá,3.143248
2024-10-07,2024-10-11,Paulínia,3.188958
2024-10-07,2024-10-11,São José dos Campos,3.174330
2024-10-07,2024-10-11,Araucária,3.162498
2024-10-07,2024-10-11,Canoas,3.170492
2024-10-14,2024-10-18,Manaus,2.987116
2024-10-14,2024-10-18,Itaqui,2.993996
2024-10-14,2024-10-18,Suape,2.980710
2024-10-14,2024-10-18,Aratu,2.997680
2024-10-14,2024-10-18,Santos,2.995152
2024-10-14,2024-10-18,Paranagua,3.005828
2024-10-14,2024-10-18,Tramandai,3.009344
2024-10-14,2024-10-18,Guamaré,3.149612
2024-10-14,2024-10-18,Duque de Caxias,3.192356
2024-10-14,2024-10-18,Betim,3.215062
2024-10-14,2024-10-18,Cubatão,3.032808
2024-10-14,2024-10-18,Mauá,3.051790
2024-10-14,2024-10-18,Paulínia,3.098228
2024-10-14,2024-10-18,São José dos Campos,3.083366
2024-10-14,2024-10-18,Araucária,3.070900
2024-10-14,2024-10-18,Canoas,3.074190
2024-10-21,2024-10-25,Manaus,2.945992
2024-10-21,2024-10-25,Itaqui,2.952922
2024-10-21,2024-10-25,Suape,2.939882
2024-10-21,2024-10-25,Aratu,2.956250
2024-10-21,2024-10-25,Santos,2.953002
2024-10-21,2024-10-25,Paranagua,2.963648
2024-10-21,2024-10-25,Tramandai,2.965788
2024-10-21,2024-10-25,Guamaré,3.110314
2024-10-21,2024-10-25,Duque de Caxias,3.152000
2024-10-21,2024-10-25,Betim,3.174912
2024-10-21,2024-10-25,Cubatão,2.991002
2024-10-21,2024-10-25,Mauá,3.010154
2024-10-21,2024-10-25,Paulínia,3.057014
2024-10-21,2024-10-25,São José dos Campos,3.042020
2024-10-21,2024-10-25,Araucária,3.029316
2024-10-21,2024-10-25,Canoas,3.031224
2024-10-28,2024-11-01,Manaus,2.940902
2024-10-28,2024-11-01,Itaqui,2.947290
2024-10-28,2024-11-01,Suape,2.933684
2024-10-28,2024-11-01,Aratu,2.951250
2024-10-28,2024-11-01,Santos,2.949292
2024-10-28,2024-11-01,Paranagua,2.960054
2024-10-28,2024-11-01,Tramandai,2.964528
2024-10-28,2024-11-01,Guamaré,3.106156
2024-10-28,2024-11-01,Duque de Caxias,3.150672
2024-10-28,2024-11-01,Betim,3.173860
2024-10-28,2024-11-01,Cubatão,2.987748
2024-10-28,2024-11-01,Mauá,3.007132
2024-10-28,2024-11-01,Paulínia,3.054546
2024-10-28,2024-11-01,São José dos Campos,3.039376
2024-10-28,2024-11-01,Araucária,3.026506
2024-10-28,2024-11-01,Canoas,3.030740
2024-11-04,2024-11-08,Manaus,3.060584
2024-11-04,2024-11-08,Itaqui,3.066506
2024-11-04,2024-11-08,Suape,3.052780
2024-11-04,2024-11-08,Aratu,3.070434
2024-11-04,2024-11-08,Santos,3.068424
2024-11-04,2024-11-08,Paranagua,3.079248
2024-11-04,2024-11-08,Tramandai,3.083490
2024-11-04,2024-11-08,Guamaré,3.223954
2024-11-04,2024-11-08,Duque de Caxias,3.268288
2024-11-04,2024-11-08,Betim,3.291296
2024-11-04,2024-11-08,Cubatão,3.106590
2024-11-04,2024-11-08,Mauá,3.125828
2024-11-04,2024-11-08,Paulínia,3.172888
2024-11-04,2024-11-08,São José dos Campos,3.157832
2024-11-04,2024-11-08,Araucária,3.145200
2024-11-04,2024-11-08,Canoas,3.149206
2024-11-11,2024-11-15,Manaus,3.010860
2024-11-11,2024-11-15,Itaqui,3.017338
2024-11-11,2024-11-15,Suape,3.004166
2024-11-11,2024-11-15,Aratu,3.020666
2024-11-11,2024-11-15,Santos,3.017432
2024-11-11,2024-11-15,Paranagua,3.028138
2024-11-11,2024-11-15,Tramandai,3.030180
2024-11-11,2024-11-15,Guamaré,3.176934
2024-11-11,2024-11-15,Duque de Caxias,3.219156
2024-11-11,2024-11-15,Betim,3.242380
2024-11-11,2024-11-15,Cubatão,3.055950
2024-11-11,2024-11-15,Mauá,3.075368
2024-11-11,2024-11-15,Paulínia,3.122868
2024-11-11,2024-11-15,São José dos Campos,3.107666
2024-11-11,2024-11-15,Araucária,3.094704
2024-11-11,2024-11-15,Canoas,3.096508
2024-11-18,2024-11-22,Manaus,3.061042
2024-11-18,2024-11-22,Itaqui,3.067120
2024-11-18,2024-11-22,Suape,3.053562
2024-11-18,2024-11-22,Aratu,3.070868
2024-11-18,2024-11-22,Santos,3.068482
2024-11-18,2024-11-22,Paranagua,3.079272
2024-11-18,2024-11-22,Tramandai,3.082840
2024-11-18,2024-11-22,Guamaré,3.226392
2024-11-18,2024-11-22,Duque de Caxias,3.270278
2024-11-18,2024-11-22,Betim,3.293510
2024-11-18,2024-11-22,Cubatão,3.107018
2024-11-18,2024-11-22,Mauá,3.126438
2024-11-18,2024-11-22,Paulínia,3.173956
2024-11-18,2024-11-22,São José dos Campos,3.158754
2024-11-18,2024-11-22,Araucária,3.145860
2024-11-18,2024-11-22,Canoas,3.149194
2024-11-25,2024-11-29,Manaus,3.071183
2024-11-25,2024-11-29,Itaqui,3.077087
2024-11-25,2024-11-29,Suape,3.063743
2024-11-25,2024-11-29,Aratu,3.080427
2024-11-25,2024-11-29,Santos,3.077230
2024-11-25,2024-11-29,Paranagua,3.088017
2024-11-25,2024-11-29,Tramandai,3.089973
2024-11-25,2024-11-29,Guamaré,3.238397
2024-11-25,2024-11-29,Duque de Caxias,3.281153
2024-11-25,2024-11-29,Betim,3.304633
2024-11-25,2024-11-29,Cubatão,3.116173
2024-11-25,2024-11-29,Mauá,3.135803
2024-11-25,2024-11-29,Paulínia,3.183820
2024-11-25,2024-11-29,São José dos Campos,3.168453
2024-11-25,2024-11-29,Araucária,3.155307
2024-11-25,2024-11-29,Canoas,3.157027
2024-12-02,2024-12-06,Manaus,3.119978
2024-12-02,2024-12-06,Itaqui,3.125804
2024-12-02,2024-12-06,Suape,3.112118
2024-12-02,2024-12-06,Aratu,3.129628
2024-12-02,2024-12-06,Santos,3.127414
2024-12-02,2024-12-06,Paranagua,3.138244
2024-12-02,2024-12-06,Tramandai,3.142060
2024-12-02,2024-12-06,Guamaré,3.292900
2024-12-02,2024-12-06,Duque de Caxias,3.338494
2024-12-02,2024-12-06,Betim,3.362792
2024-12-02,2024-12-06,Cubatão,3.167720
2024-12-02,2024-12-06,Mauá,3.188038
2024-12-02,2024-12-06,Paulínia,3.237738
2024-12-02,2024-12-06,São José dos Campos,3.221836
2024-12-02,2024-12-06,Araucária,3.207896
2024-12-02,2024-12-06,Canoas,3.211468
2024-12-09,2024-12-13,Manaus,3.131478
2024-12-09,2024-12-13,Itaqui,3.136780
2024-12-09,2024-12-13,Suape,3.122106
2024-12-09,2024-12-13,Aratu,3.141894
2024-12-09,2024-12-13,Santos,3.142278
2024-12-09,2024-12-13,Paranagua,3.153272
2024-12-09,2024-12-13,Tramandai,3.161948
2024-12-09,2024-12-13,Guamaré,3.302808
2024-12-09,2024-12-13,Duque de Caxias,3.353262
2024-12-09,2024-12-13,Betim,3.377558
2024-12-09,2024-12-13,Cubatão,3.182568
2024-12-09,2024-12-13,Mauá,3.202878
2024-12-09,2024-12-13,Paulínia,3.252558
2024-12-09,2024-12-13,São José dos Campos,3.236660
2024-12-09,2024-12-13,Araucária,3.222892
2024-12-09,2024-12-13,Canoas,3.231324
2024-12-16,2024-12-20,Manaus,3.146046
2024-12-16,2024-12-20,Itaqui,3.151074
2024-12-16,2024-12-20,Suape,3.136160
2024-12-16,2024-12-20,Aratu,3.156436
2024-12-16,2024-12-20,Santos,3.157332
2024-12-16,2024-12-20,Paranagua,3.168378
2024-12-16,2024-12-20,Tramandai,3.177954
2024-12-16,2024-12-20,Guamaré,3.318966
2024-12-16,2024-12-20,Duque de Caxias,3.370778
2024-12-16,2024-12-20,Betim,3.395352
2024-12-16,2024-12-20,Cubatão,3.198090
2024-12-16,2024-12-20,Mauá,3.218636
2024-12-16,2024-12-20,Paulínia,3.268898
2024-12-16,2024-12-20,São José dos Campos,3.252812
2024-12-16,2024-12-20,Araucária,3.238812
2024-12-16,2024-12-20,Canoas,3.248142
2024-12-23,2024-12-27,Manaus,3.178350
2024-12-23,2024-12-27,Itaqui,3.183810
2024-12-23,2024-12-27,Suape,3.169488
2024-12-23,2024-12-27,Aratu,3.188448
2024-12-23,2024-12-27,Santos,3.187883
2024-12-23,2024-12-27,Paranagua,3.198818
2024-12-23,2024-12-27,Tramandai,3.205710
2024-12-23,2024-12-27,Guamaré,3.354413
2024-12-23,2024-12-27,Duque de Caxias,3.403803
2024-12-23,2024-12-27,Betim,3.428660
2024-12-23,2024-12-27,Cubatão,3.229113
2024-12-23,2024-12-27,Mauá,3.249898
2024-12-23,2024-12-27,Paulínia,3.300738
2024-12-23,2024-12-27,São José dos Campos,3.284468
2024-12-23,2024-12-27,Araucária,3.270068
2024-12-23,2024-12-27,Canoas,3.276705
2024-12-30,2025-01-03,Manaus,3.231363
2024-12-30,2025-01-03,Itaqui,3.237400
2024-12-30,2025-01-03,Suape,3.223833
2024-12-30,2025-01-03,Aratu,3.241133
2024-12-30,2025-01-03,Santos,3.238733
2024-12-30,2025-01-03,Paranagua,3.249530
2024-12-30,2025-01-03,Tramandai,3.253043
2024-12-30,2025-01-03,Guamaré,3.408405
2024-12-30,2025-01-03,Duque de Caxias,3.454245
2024-12-30,2025-01-03,Betim,3.479058
2024-12-30,2025-01-03,Cubatão,3.279885
2024-12-30,2025-01-03,Mauá,3.300628
2024-12-30,2025-01-03,Paulínia,3.351378
2024-12-30,2025-01-03,São José dos Campos,3.335135
2024-12-30,2025-01-03,Araucária,3.320645
2024-12-30,2025-01-03,Canoas,3.323910
2025-01-06,2025-01-10,Manaus,3.207554
2025-01-06,2025-01-10,Itaqui,3.214482
2025-01-06,2025-01-10,Suape,3.201674
2025-01-06,2025-01-10,Aratu,3.217456
2025-01-06,2025-01-10,Santos,3.213500
2025-01-06,2025-01-10,Paranagua,3.224120
2025-01-06,2025-01-10,Tramandai,3.224902
2025-01-06,2025-01-10,Guamaré,3.383842
2025-01-06,2025-01-10,Duque de Caxias,3.426202
2025-01-06,2025-01-10,Betim,3.450690
2025-01-06,2025-01-10,Cubatão,3.254116
2025-01-06,2025-01-10,Mauá,3.274590
2025-01-06,2025-01-10,Paulínia,3.324676
2025-01-06,2025-01-10,São José dos Campos,3.308648
2025-01-06,2025-01-10,Araucária,3.294308
2025-01-06,2025-01-10,Canoas,3.294842
2025-01-13,2025-01-17,Manaus,3.285914
2025-01-13,2025-01-17,Itaqui,3.292448
2025-01-13,2025-01-17,Suape,3.279060
2025-01-13,2025-01-17,Aratu,3.296128
2025-01-13,2025-01-17,Santos,3.293602
2025-01-13,2025-01-17,Paranagua,3.304326
2025-01-13,2025-01-17,Tramandai,3.307748
2025-01-13,2025-01-17,Guamaré,3.460062
2025-01-13,2025-01-17,Duque de Caxias,3.504940
2025-01-13,2025-01-17,Betim,3.529272
2025-01-13,2025-01-17,Cubatão,3.333958
2025-01-13,2025-01-17,Mauá,3.354298
2025-01-13,2025-01-17,Paulínia,3.404066
2025-01-13,2025-01-17,São José dos Campos,3.388140
2025-01-13,2025-01-17,Araucária,3.374066
2025-01-13,2025-01-17,Canoas,3.377238
2025-01-20,2025-01-24,Manaus,3.163950
2025-01-20,2025-01-24,Itaqui,3.178303
2025-01-20,2025-01-24,Suape,3.157853
2025-01-20,2025-01-24,Aratu,3.173943
2025-01-20,2025-01-24,Santos,3.181590
2025-01-20,2025-01-24,Paranagua,3.177233
2025-01-20,2025-01-24,Tramandai,3.182405
2025-01-20,2025-01-24,Guamaré,3.336063
2025-01-20,2025-01-24,Duque de Caxias,3.388740
2025-01-20,2025-01-24,Betim,3.413493
2025-01-20,2025-01-24,Cubatão,3.221220
2025-01-20,2025-01-24,Mauá,3.241480
2025-01-20,2025-01-24,Paulínia,3.293358
2025-01-20,2025-01-24,São José dos Campos,3.275228
2025-01-20,2025-01-24,Araucária,3.246295
2025-01-20,2025-01-24,Canoas,3.252283
2025-01-27,2025-01-31,Manaus,3.065096
2025-01-27,2025-01-31,Itaqui,3.082104
2025-01-27,2025-01-31,Suape,3.059266
2025-01-27,2025-01-31,Aratu,3.075146
2025-01-27,2025-01-31,Santos,3.086334
2025-01-27,2025-01-31,Paranagua,3.076950
2025-01-27,2025-01-31,Tramandai,3.083022
2025-01-27,2025-01-31,Guamaré,3.235406
2025-01-27,2025-01-31,Duque de Caxias,3.290760
2025-01-27,2025-01-31,Betim,3.315496
2025-01-27,2025-01-31,Cubatão,3.125470
2025-01-27,2025-01-31,Mauá,3.145572
2025-01-27,2025-01-31,Paulínia,3.197806
2025-01-27,2025-01-31,São José dos Campos,3.179070
2025-01-27,2025-01-31,Araucária,3.145340
2025-01-27,2025-01-31,Canoas,3.152572
2025-02-03,2025-02-07,Manaus,3.080170
2025-02-03,2025-02-07,Itaqui,3.097306
2025-02-03,2025-02-07,Suape,3.074540
2025-02-03,2025-02-07,Aratu,3.090308
2025-02-03,2025-02-07,Santos,3.101400
2025-02-03,2025-02-07,Paranagua,3.091994
2025-02-03,2025-02-07,Tramandai,3.097920
2025-02-03,2025-02-07,Guamaré,3.248046
2025-02-03,2025-02-07,Duque de Caxias,3.302770
2025-02-03,2025-02-07,Betim,3.327136
2025-02-03,2025-02-07,Cubatão,3.139952
2025-02-03,2025-02-07,Mauá,3.159752
2025-02-03,2025-02-07,Paulínia,3.211198
2025-02-03,2025-02-07,São José dos Campos,3.192750
2025-02-03,2025-02-07,Araucária,3.159364
2025-02-03,2025-02-07,Canoas,3.166430
2025-02-10,2025-02-14,Manaus,3.102022
2025-02-10,2025-02-14,Itaqui,3.118656
2025-02-10,2025-02-14,Suape,3.096154
2025-02-10,2025-02-14,Aratu,3.111378
2025-02-10,2025-02-14,Santos,3.121902
2025-02-10,2025-02-14,Paranagua,3.112438
2025-02-10,2025-02-14,Tramandai,3.117358
2025-02-10,2025-02-14,Guamaré,3.268818
2025-02-10,2025-02-14,Duque de Caxias,3.322292
2025-02-10,2025-02-14,Betim,3.346540
2025-02-10,2025-02-14,Cubatão,3.160264
2025-02-10,2025-02-14,Mauá,3.179970
2025-02-10,2025-02-14,Paulínia,3.231174
2025-02-10,2025-02-14,São José dos Campos,3.212808
2025-02-10,2025-02-14,Araucária,3.179476
2025-02-10,2025-02-14,Canoas,3.185540
2025-02-17,2025-02-21,Manaus,3.081333
2025-02-17,2025-02-21,Itaqui,3.097185
2025-02-17,2025-02-21,Suape,3.074428
2025-02-17,2025-02-21,Aratu,3.090285
2025-02-17,2025-02-21,Santos,3.101573
2025-02-17,2025-02-21,Paranagua,3.092140
2025-02-17,2025-02-21,Tramandai,3.098530
2025-02-17,2025-02-21,Guamaré,3.245670
2025-02-17,2025-02-21,Duque de Caxias,3.300320
2025-02-17,2025-02-21,Betim,3.324365
2025-02-17,2025-02-21,Cubatão,3.139623
2025-02-17,2025-02-21,Mauá,3.159165
2025-02-17,2025-02-21,Paulínia,3.209950
2025-02-17,2025-02-21,São José dos Campos,3.191735
2025-02-17,2025-02-21,Araucária,3.158633
2025-02-17,2025-02-21,Canoas,3.166148
2025-02-24,2025-02-28,Manaus,3.055876
2025-02-24,2025-02-28,Itaqui,3.071832
2025-02-24,2025-02-28,Suape,3.049108
2025-02-24,2025-02-28,Aratu,3.064930
2025-02-24,2025-02-28,Santos,3.076212
2025-02-24,2025-02-28,Paranagua,3.066764
2025-02-24,2025-02-28,Tramandai,3.073158
2025-02-24,2025-02-28,Guamaré,3.223248
2025-02-24,2025-02-28,Duque de Caxias,3.278316
2025-02-24,2025-02-28,Betim,3.302772
2025-02-24,2025-02-28,Cubatão,3.114904
2025-02-24,2025-02-28,Mauá,3.134774
2025-02-24,2025-02-28,Paulínia,3.186420
2025-02-24,2025-02-28,São José dos Campos,3.167894
2025-02-24,2025-02-28,Araucária,3.134378
2025-02-24,2025-02-28,Canoas,3.141922
2025-03-03,2025-03-07,Manaus,3.056758
2025-03-03,2025-03-07,Itaqui,3.072880
2025-03-03,2025-03-07,Suape,3.050262
2025-03-03,2025-03-07,Aratu,3.065848
2025-03-03,2025-03-07,Santos,3.076870
2025-03-03,2025-03-07,Paranagua,3.067400
2025-03-03,2025-03-07,Tramandai,3.073332
2025-03-03,2025-03-07,Guamaré,3.227194
2025-03-03,2025-03-07,Duque de Caxias,3.282216
2025-03-03,2025-03-07,Betim,3.307062
2025-03-03,2025-03-07,Cubatão,3.116182
2025-03-03,2025-03-07,Mauá,3.136376
2025-03-03,2025-03-07,Paulínia,3.188842
2025-03-03,2025-03-07,São José dos Campos,3.170024
2025-03-03,2025-03-07,Araucária,3.136098
2025-03-03,2025-03-07,Canoas,3.143192
2025-03-10,2025-03-14,Manaus,2.910904
2025-03-10,2025-03-14,Itaqui,2.927240
2025-03-10,2025-03-14,Suape,2.904794
2025-03-10,2025-03-14,Aratu,2.920004
2025-03-10,2025-03-14,Santos,2.930610
2025-03-10,2025-03-14,Paranagua,2.921110
2025-03-10,2025-03-14,Tramandai,2.926272
2025-03-10,2025-03-14,Guamaré,3.078816
2025-03-10,2025-03-14,Duque de Caxias,3.132576
2025-03-10,2025-03-14,Betim,3.157014
2025-03-10,2025-03-14,Cubatão,2.969276
2025-03-10,2025-03-14,Mauá,2.989134
2025-03-10,2025-03-14,Paulínia,3.040742
2025-03-10,2025-03-14,São José dos Campos,3.022232
2025-03-10,2025-03-14,Araucária,2.988678
2025-03-10,2025-03-14,Canoas,2.994986
2025-03-17,2025-03-21,Manaus,2.936922
2025-03-17,2025-03-21,Itaqui,2.952498
2025-03-17,2025-03-21,Suape,2.929484
2025-03-17,2025-03-21,Aratu,2.945930
2025-03-17,2025-03-21,Santos,2.957904
2025-03-17,2025-03-21,Paranagua,2.948512
2025-03-17,2025-03-21,Tramandai,2.956176
2025-03-17,2025-03-21,Guamaré,3.099666
2025-03-17,2025-03-21,Duque de Caxias,3.155416
2025-03-17,2025-03-21,Betim,3.179318
2025-03-17,2025-03-21,Cubatão,2.995718
2025-03-17,2025-03-21,Mauá,3.015140
2025-03-17,2025-03-21,Paulínia,3.065606
2025-03-17,2025-03-21,São José dos Campos,3.047506
2025-03-17,2025-03-21,Araucária,3.014588
2025-03-17,2025-03-21,Canoas,3.023374
2025-03-24,2025-03-28,Manaus,3.047766
2025-03-24,2025-03-28,Itaqui,3.062620
2025-03-24,2025-03-28,Suape,3.039198
2025-03-24,2025-03-28,Aratu,3.056466
2025-03-24,2025-03-28,Santos,3.069272
2025-03-24,2025-03-28,Paranagua,3.059976
2025-03-24,2025-03-28,Tramandai,3.069108
2025-03-24,2025-03-28,Guamaré,3.211220
2025-03-24,2025-03-28,Duque de Caxias,3.268918
2025-03-24,2025-03-28,Betim,3.293078
2025-03-24,2025-03-28,Cubatão,3.107494
2025-03-24,2025-03-28,Mauá,3.127126
2025-03-24,2025-03-28,Paulínia,3.178140
2025-03-24,2025-03-28,São José dos Campos,3.159842
2025-03-24,2025-03-28,Araucária,3.126768
2025-03-24,2025-03-28,Canoas,3.137030
2025-03-31,2025-04-04,Manaus,3.068670
2025-03-31,2025-04-04,Itaqui,3.083214
2025-03-31,2025-04-04,Suape,3.059580
2025-03-31,2025-04-04,Aratu,3.077322
2025-03-31,2025-04-04,Santos,3.090658
2025-03-31,2025-04-04,Paranagua,3.081400
2025-03-31,2025-04-04,Tramandai,3.091504
2025-03-31,2025-04-04,Guamaré,3.230662
2025-03-31,2025-04-04,Duque de Caxias,3.289214
2025-03-31,2025-04-04,Betim,3.313244
2025-03-31,2025-04-04,Cubatão,3.128670
2025-03-31,2025-04-04,Mauá,3.148196
2025-03-31,2025-04-04,Paulínia,3.198930
2025-03-31,2025-04-04,São José dos Campos,3.180734
2025-03-31,2025-04-04,Araucária,3.147830
2025-03-31,2025-04-04,Canoas,3.159058
2025-04-07,2025-04-11,Manaus,2.758296
2025-04-07,2025-04-11,Itaqui,2.773714
2025-04-07,2025-04-11,Suape,2.750774
2025-04-07,2025-04-11,Aratu,2.766924
2025-04-07,2025-04-11,Santos,2.778440
2025-04-07,2025-04-11,Paranagua,2.769064
2025-04-07,2025-04-11,Tramandai,2.775778
2025-04-07,2025-04-11,Guamaré,2.927948
2025-04-07,2025-04-11,Duque de Caxias,2.984062
2025-04-07,2025-04-11,Betim,3.008944
2025-04-07,2025-04-11,Cubatão,2.817804
2025-04-07,2025-04-11,Mauá,2.838022
2025-04-07,2025-04-11,Paulínia,2.890564
2025-04-07,2025-04-11,São José dos Campos,2.871718
2025-04-07,2025-04-11,Araucária,2.837856
2025-04-07,2025-04-11,Canoas,2.845734
2025-04-14,2025-04-18,Manaus,2.733888
2025-04-14,2025-04-18,Itaqui,2.749200
2025-04-14,2025-04-18,Suape,2.726300
2025-04-14,2025-04-18,Aratu,2.742268
2025-04-14,2025-04-18,Santos,2.753500
2025-04-14,2025-04-18,Paranagua,2.744140
2025-04-14,2025-04-18,Tramandai,2.750263
2025-04-14,2025-04-18,Guamaré,2.901883
2025-04-14,2025-04-18,Duque de Caxias,2.957278
2025-04-14,2025-04-18,Betim,2.981935
2025-04-14,2025-04-18,Cubatão,2.792510
2025-04-14,2025-04-18,Mauá,2.812550
2025-04-14,2025-04-18,Paulínia,2.864620
2025-04-14,2025-04-18,São José dos Campos,2.845945
2025-04-14,2025-04-18,Araucária,2.812315
2025-04-14,2025-04-18,Canoas,2.819590
2025-04-21,2025-04-25,Manaus,2.750162
2025-04-21,2025-04-25,Itaqui,2.765926
2025-04-21,2025-04-25,Suape,2.743182
2025-04-21,2025-04-25,Aratu,2.758942
2025-04-21,2025-04-25,Santos,2.770074
2025-04-21,2025-04-25,Paranagua,2.760650
2025-04-21,2025-04-25,Tramandai,2.766688
2025-04-21,2025-04-25,Guamaré,2.914714
2025-04-21,2025-04-25,Duque de Caxias,2.969152
2025-04-21,2025-04-25,Betim,2.993242
2025-04-21,2025-04-25,Cubatão,2.808186
2025-04-21,2025-04-25,Mauá,2.827764
2025-04-21,2025-04-25,Paulínia,2.878630
2025-04-21,2025-04-25,São José dos Campos,2.860384
2025-04-21,2025-04-25,Araucária,2.827254
2025-04-21,2025-04-25,Canoas,2.834420
2025-04-28,2025-05-02,Manaus,2.693436
2025-04-28,2025-05-02,Itaqui,2.709146
2025-04-28,2025-05-02,Suape,2.686344
2025-04-28,2025-05-02,Aratu,2.702262
2025-04-28,2025-05-02,Santos,2.713582
2025-04-28,2025-05-02,Paranagua,2.704168
2025-04-28,2025-05-02,Tramandai,2.710576
2025-04-28,2025-05-02,Guamaré,2.855958
2025-04-28,2025-05-02,Duque de Caxias,2.910434
2025-04-28,2025-05-02,Betim,2.934254
2025-04-28,2025-05-02,Cubatão,2.751270
2025-04-28,2025-05-02,Mauá,2.770626
2025-04-28,2025-05-02,Paulínia,2.820926
2025-04-28,2025-05-02,São José dos Campos,2.802884
2025-04-28,2025-05-02,Araucária,2.770024
2025-04-28,2025-05-02,Canoas,2.777548
2025-05-05,2025-05-09,Manaus,2.669576
2025-05-05,2025-05-09,Itaqui,2.685402
2025-05-05,2025-05-09,Suape,2.662688
2025-05-05,2025-05-09,Aratu,2.678392
2025-05-05,2025-05-09,Santos,2.689464
2025-05-05,2025-05-09,Paranagua,2.680032
2025-05-05,2025-05-09,Tramandai,2.685974
2025-05-05,2025-05-09,Guamaré,2.833288
2025-05-05,2025-05-09,Duque de Caxias,2.887460
2025-05-05,2025-05-09,Betim,2.911422
2025-05-05,2025-05-09,Cubatão,2.727370
2025-05-05,2025-05-09,Mauá,2.746838
2025-05-05,2025-05-09,Paulínia,2.797432
2025-05-05,2025-05-09,São José dos Campos,2.779284
2025-05-05,2025-05-09,Araucária,2.746274
2025-05-05,2025-05-09,Canoas,2.753338
2025-05-12,2025-05-16,Manaus,2.850678
2025-05-12,2025-05-16,Itaqui,2.866934
2025-05-12,2025-05-16,Suape,2.844456
2025-05-12,2025-05-16,Aratu,2.859714
2025-05-12,2025-05-16,Santos,2.870358
2025-05-12,2025-05-16,Paranagua,2.860864
2025-05-12,2025-05-16,Tramandai,2.866072
2025-05-12,2025-05-16,Guamaré,3.014096
2025-05-12,2025-05-16,Duque de Caxias,3.067238
2025-05-12,2025-05-16,Betim,3.091060
2025-05-12,2025-05-16,Cubatão,2.908046
2025-05-12,2025-05-16,Mauá,2.927406
2025-05-12,2025-05-16,Paulínia,2.977716
2025-05-12,2025-05-16,São José dos Campos,2.959670
2025-05-12,2025-05-16,Araucária,2.926730
2025-05-12,2025-05-16,Canoas,2.933058
2025-05-19,2025-05-23,Manaus,2.818522
2025-05-19,2025-05-23,Itaqui,2.834848
2025-05-19,2025-05-23,Suape,2.812398
2025-05-19,2025-05-23,Aratu,2.827600
2025-05-19,2025-05-23,Santos,2.838188
2025-05-19,2025-05-23,Paranagua,2.828692
2025-05-19,2025-05-23,Tramandai,2.833814
2025-05-19,2025-05-23,Guamaré,2.981796
2025-05-19,2025-05-23,Duque de Caxias,3.034792
2025-05-19,2025-05-23,Betim,3.058578
2025-05-19,2025-05-23,Cubatão,2.875828
2025-05-19,2025-05-23,Mauá,2.895158
2025-05-19,2025-05-23,Paulínia,2.945392
2025-05-19,2025-05-23,São José dos Campos,2.927378
2025-05-19,2025-05-23,Araucária,2.894462
2025-05-19,2025-05-23,Canoas,2.900700
2025-05-26,2025-05-30,Manaus,2.685088
2025-05-26,2025-05-30,Itaqui,2.700518
2025-05-26,2025-05-30,Suape,2.677428
2025-05-26,2025-05-30,Aratu,2.694030
2025-05-26,2025-05-30,Santos,2.706160
2025-05-26,2025-05-30,Paranagua,2.696783
2025-05-26,2025-05-30,Tramandai,2.704720
2025-05-26,2025-05-30,Guamaré,2.847618
2025-05-26,2025-05-30,Duque de Caxias,2.903683
2025-05-26,2025-05-30,Betim,2.927588
2025-05-26,2025-05-30,Cubatão,2.743973
2025-05-26,2025-05-30,Mauá,2.763398
2025-05-26,2025-05-30,Paulínia,2.813870
2025-05-26,2025-05-30,São José dos Campos,2.795763
2025-05-26,2025-05-30,Araucária,2.762868
2025-05-26,2025-05-30,Canoas,2.771923
2025-06-02,2025-06-06,Manaus,2.626508
2025-06-02,2025-06-06,Itaqui,2.642248
2025-06-02,2025-06-06,Suape,2.619414
2025-06-02,2025-06-06,Aratu,2.635446
2025-06-02,2025-06-06,Santos,2.646922
2025-06-02,2025-06-06,Paranagua,2.637506
2025-06-02,2025-06-06,Tramandai,2.644238
2025-06-02,2025-06-06,Guamaré,2.788068
2025-06-02,2025-06-06,Duque de Caxias,2.842664
2025-06-02,2025-06-06,Betim,2.866352
2025-06-02,2025-06-06,Cubatão,2.684398
2025-06-02,2025-06-06,Mauá,2.703648
2025-06-02,2025-06-06,Paulínia,2.753660
2025-06-02,2025-06-06,São José dos Campos,2.735720
2025-06-02,2025-06-06,Araucária,2.702990
2025-06-02,2025-06-06,Canoas,2.710834
2025-06-09,2025-06-13,Manaus,2.676480
2025-06-09,2025-06-13,Itaqui,2.692130
2025-06-09,2025-06-13,Suape,2.669264
2025-06-09,2025-06-13,Aratu,2.685324
2025-06-09,2025-06-13,Santos,2.696808
2025-06-09,2025-06-13,Paranagua,2.687400
2025-06-09,2025-06-13,Tramandai,2.694112
2025-06-09,2025-06-13,Guamaré,2.835726
2025-06-09,2025-06-13,Duque de Caxias,2.890002
2025-06-09,2025-06-13,Betim,2.913378
2025-06-09,2025-06-13,Cubatão,2.733792
2025-06-09,2025-06-13,Mauá,2.752792
2025-06-09,2025-06-13,Paulínia,2.802156
2025-06-09,2025-06-13,São José dos Campos,2.784450
2025-06-09,2025-06-13,Araucária,2.752034
2025-06-09,2025-06-13,Canoas,2.759842
2025-06-16,2025-06-20,Manaus,2.856963
2025-06-16,2025-06-20,Itaqui,2.871860
2025-06-16,2025-06-20,Suape,2.848593
2025-06-16,2025-06-20,Aratu,2.865425
2025-06-16,2025-06-20,Santos,2.877665
2025-06-16,2025-06-20,Paranagua,2.868363
2025-06-16,2025-06-20,Tramandai,2.876375
2025-06-16,2025-06-20,Guamaré,3.013598
2025-06-16,2025-06-20,Duque de Caxias,3.069168
2025-06-16,2025-06-20,Betim,3.092343
2025-06-16,2025-06-20,Cubatão,2.914328
2025-06-16,2025-06-20,Mauá,2.933158
2025-06-16,2025-06-20,Paulínia,2.982090
2025-06-16,2025-06-20,São José dos Campos,2.964538
2025-06-16,2025-06-20,Araucária,2.932425
2025-06-16,2025-06-20,Canoas,2.941528
2025-06-23,2025-06-27,Manaus,2.747354
2025-06-23,2025-06-27,Itaqui,2.780972
2025-06-23,2025-06-27,Suape,2.758976
2025-06-23,2025-06-27,Aratu,2.770972
2025-06-23,2025-06-27,Santos,2.776122
2025-06-23,2025-06-27,Paranagua,2.767060
2025-06-23,2025-06-27,Tramandai,2.775750
2025-06-23,2025-06-27,Guamaré,2.924146
2025-06-23,2025-06-27,Duque de Caxias,2.967816
2025-06-23,2025-06-27,Betim,2.991014
2025-06-23,2025-06-27,Cubatão,2.812822
2025-06-23,2025-06-27,Mauá,2.831672
2025-06-23,2025-06-27,Paulínia,2.880654
2025-06-23,2025-06-27,São José dos Campos,2.863084
2025-06-23,2025-06-27,Araucária,2.831190
2025-06-23,2025-06-27,Canoas,2.840970
2025-06-30,2025-07-04,Manaus,2.557928
2025-06-30,2025-07-04,Itaqui,2.592355
2025-06-30,2025-07-04,Suape,2.570463
2025-06-30,2025-07-04,Aratu,2.582355
2025-06-30,2025-07-04,Santos,2.587498
2025-06-30,2025-07-04,Paranagua,2.578388
2025-06-30,2025-07-04,Tramandai,2.587493
2025-06-30,2025-07-04,Guamaré,2.733493
2025-06-30,2025-07-04,Duque de Caxias,2.776705
2025-06-30,2025-07-04,Betim,2.799600
2025-06-30,2025-07-04,Cubatão,2.623720
2025-06-30,2025-07-04,Mauá,2.642325
2025-06-30,2025-07-04,Paulínia,2.690673
2025-06-30,2025-07-04,São José dos Campos,2.673330
2025-06-30,2025-07-04,Araucária,2.641688
2025-06-30,2025-07-04,Canoas,2.651865
2025-07-07,2025-07-11,Manaus,2.652626
2025-07-07,2025-07-11,Itaqui,2.681732
2025-07-07,2025-07-11,Suape,2.660336
2025-07-07,2025-07-11,Aratu,2.671732
2025-07-07,2025-07-11,Santos,2.676838
2025-07-07,2025-07-11,Paranagua,2.667494
2025-07-07,2025-07-11,Tramandai,2.671748
2025-07-07,2025-07-11,Guamaré,2.825244
2025-07-07,2025-07-11,Duque de Caxias,2.868232
2025-07-07,2025-07-11,Betim,2.891388
2025-07-07,2025-07-11,Cubatão,2.713478
2025-07-07,2025-07-11,Mauá,2.732300
2025-07-07,2025-07-11,Paulínia,2.781204
2025-07-07,2025-07-11,São José dos Campos,2.763660
2025-07-07,2025-07-11,Araucária,2.731526
2025-07-07,2025-07-11,Canoas,2.736866
2025-07-14,2025-07-18,Manaus,2.646984
2025-07-14,2025-07-18,Itaqui,2.674618
2025-07-14,2025-07-18,Suape,2.653374
2025-07-14,2025-07-18,Aratu,2.664618
2025-07-14,2025-07-18,Santos,2.669708
2025-07-14,2025-07-18,Paranagua,2.660292
2025-07-14,2025-07-18,Tramandai,2.663162
2025-07-14,2025-07-18,Guamaré,2.820404
2025-07-14,2025-07-18,Duque de Caxias,2.863562
2025-07-14,2025-07-18,Betim,2.887020
2025-07-14,2025-07-18,Cubatão,2.706820
2025-07-14,2025-07-18,Mauá,2.725882
2025-07-14,2025-07-18,Paulínia,2.775416
2025-07-14,2025-07-18,São José dos Campos,2.757650
2025-07-14,2025-07-18,Araucária,2.725144
2025-07-14,2025-07-18,Canoas,2.729116
2025-07-21,2025-07-25,Manaus,2.597866
2025-07-21,2025-07-25,Itaqui,2.626914
2025-07-21,2025-07-25,Suape,2.605512
2025-07-21,2025-07-25,Aratu,2.616914
2025-07-21,2025-07-25,Santos,2.622018
2025-07-21,2025-07-25,Paranagua,2.612674
2025-07-21,2025-07-25,Tramandai,2.616896
2025-07-21,2025-07-25,Guamaré,2.771860
2025-07-21,2025-07-25,Duque de Caxias,2.815078
2025-07-21,2025-07-25,Betim,2.838440
2025-07-21,2025-07-25,Cubatão,2.658976
2025-07-21,2025-07-25,Mauá,2.677962
2025-07-21,2025-07-25,Paulínia,2.727292
2025-07-21,2025-07-25,São José dos Campos,2.709598
2025-07-21,2025-07-25,Araucária,2.677262
2025-07-21,2025-07-25,Canoas,2.682578
2025-07-28,2025-08-01,Manaus,2.705950
2025-07-28,2025-08-01,Itaqui,2.736718
2025-07-28,2025-08-01,Suape,2.715202
2025-07-28,2025-08-01,Aratu,2.726718
2025-07-28,2025-08-01,Santos,2.731832
2025-07-28,2025-08-01,Paranagua,2.722544
2025-07-28,2025-08-01,Tramandai,2.728270
2025-07-28,2025-08-01,Guamaré,2.882680
2025-07-28,2025-08-01,Duque de Caxias,2.926206
2025-07-28,2025-08-01,Betim,2.949726
2025-07-28,2025-08-01,Cubatão,2.769044
2025-07-28,2025-08-01,Mauá,2.788156
2025-07-28,2025-08-01,Paulínia,2.837822
2025-07-28,2025-08-01,São José dos Campos,2.820010
2025-07-28,2025-08-01,Araucária,2.787572
2025-07-28,2025-08-01,Canoas,2.794400
2025-08-04,2025-08-08,Manaus,2.584776
2025-08-04,2025-08-08,Itaqui,2.618098
2025-08-04,2025-08-08,Suape,2.596396
2025-08-04,2025-08-08,Aratu,2.608098
2025-08-04,2025-08-08,Santos,2.613228
2025-08-04,2025-08-08,Paranagua,2.604026
2025-08-04,2025-08-08,Tramandai,2.611976
2025-08-04,2025-08-08,Guamaré,2.760492
2025-08-04,2025-08-08,Duque de Caxias,2.803672
2025-08-04,2025-08-08,Betim,2.826722
2025-08-04,2025-08-08,Cubatão,2.649686
2025-08-04,2025-08-08,Mauá,2.668414
2025-08-04,2025-08-08,Paulínia,2.717076
2025-08-04,2025-08-08,São José dos Campos,2.699622
2025-08-04,2025-08-08,Araucária,2.667736
2025-08-04,2025-08-08,Canoas,2.676770
2025-08-11,2025-08-15,Manaus,2.487378
2025-08-11,2025-08-15,Itaqui,2.515594
2025-08-11,2025-08-15,Suape,2.494240
2025-08-11,2025-08-15,Aratu,2.505594
2025-08-11,2025-08-15,Santos,2.510694
2025-08-11,2025-08-15,Paranagua,2.501330
2025-08-11,2025-08-15,Tramandai,2.504842
2025-08-11,2025-08-15,Guamaré,2.656400
2025-08-11,2025-08-15,Duque de Caxias,2.698898
2025-08-11,2025-08-15,Betim,2.721672
2025-08-11,2025-08-15,Cubatão,2.546724
2025-08-11,2025-08-15,Mauá,2.565230
2025-08-11,2025-08-15,Paulínia,2.613322
2025-08-11,2025-08-15,São José dos Campos,2.596074
2025-08-11,2025-08-15,Araucária,2.564292
2025-08-11,2025-08-15,Canoas,2.568870
2025-08-18,2025-08-22,Manaus,2.581456
2025-08-18,2025-08-22,Itaqui,2.614624
2025-08-18,2025-08-22,Suape,2.592934
2025-08-18,2025-08-22,Aratu,2.604624
2025-08-18,2025-08-22,Santos,2.609750
2025-08-18,2025-08-22,Paranagua,2.600542
2025-08-18,2025-08-22,Tramandai,2.608352
2025-08-18,2025-08-22,Guamaré,2.756584
2025-08-18,2025-08-22,Duque de Caxias,2.799680
2025-08-18,2025-08-22,Betim,2.822662
2025-08-18,2025-08-22,Cubatão,2.646110
2025-08-18,2025-08-22,Mauá,2.664788
2025-08-18,2025-08-22,Paulínia,2.713318
2025-08-18,2025-08-22,São José dos Campos,2.695910
2025-08-18,2025-08-22,Araucária,2.664084
2025-08-18,2025-08-22,Canoas,2.672970
2025-08-25,2025-08-29,Manaus,2.610046
2025-08-25,2025-08-29,Itaqui,2.646866
2025-08-25,2025-08-29,Suape,2.624814
2025-08-25,2025-08-29,Aratu,2.636866
2025-08-25,2025-08-29,Santos,2.642020
2025-08-25,2025-08-29,Paranagua,2.632984
2025-08-25,2025-08-29,Tramandai,2.644162
2025-08-25,2025-08-29,Guamaré,2.787332
2025-08-25,2025-08-29,Duque de Caxias,2.830638
2025-08-25,2025-08-29,Betim,2.853460
2025-08-25,2025-08-29,Cubatão,2.678128
2025-08-25,2025-08-29,Mauá,2.696674
2025-08-25,2025-08-29,Paulínia,2.744872
2025-08-25,2025-08-29,São José dos Campos,2.727584
2025-08-25,2025-08-29,Araucária,2.696084
2025-08-25,2025-08-29,Canoas,2.708334
2025-09-01,2025-09-05,Manaus,2.651128
2025-09-01,2025-09-05,Itaqui,2.682110
2025-09-01,2025-09-05,Suape,2.660463
2025-09-01,2025-09-05,Aratu,2.672110
2025-09-01,2025-09-05,Santos,2.677230
2025-09-01,2025-09-05,Paranagua,2.668005
2025-09-01,2025-09-05,Tramandai,2.674110
2025-09-01,2025-09-05,Guamaré,2.823678
2025-09-01,2025-09-05,Duque de Caxias,2.866658
2025-09-01,2025-09-05,Betim,2.889585
2025-09-01,2025-09-05,Cubatão,2.713498
2025-09-01,2025-09-05,Mauá,2.732123
2025-09-01,2025-09-05,Paulínia,2.780528
2025-09-01,2025-09-05,São José dos Campos,2.763165
2025-09-01,2025-09-05,Araucária,2.731380
2025-09-01,2025-09-05,Canoas,2.738555
2025-09-08,2025-09-12,Manaus,2.576036
2025-09-08,2025-09-12,Itaqui,2.606808
2025-09-08,2025-09-12,Suape,2.585312
2025-09-08,2025-09-12,Aratu,2.596808
2025-09-08,2025-09-12,Santos,2.601918
2025-09-08,2025-09-12,Paranagua,2.592622
2025-09-08,2025-09-12,Tramandai,2.598310
2025-09-08,2025-09-12,Guamaré,2.747224
2025-09-08,2025-09-12,Duque de Caxias,2.789836
2025-09-08,2025-09-12,Betim,2.812574
2025-09-08,2025-09-12,Cubatão,2.637894
2025-09-08,2025-09-12,Mauá,2.656376
2025-09-08,2025-09-12,Paulínia,2.704390
2025-09-08,2025-09-12,São José dos Campos,2.687166
2025-09-08,2025-09-12,Araucária,2.655488
2025-09-08,2025-09-12,Canoas,2.662240
2025-09-15,2025-09-19,Manaus,2.513342
2025-09-15,2025-09-19,Itaqui,2.541300
2025-09-15,2025-09-19,Suape,2.519944
2025-09-15,2025-09-19,Aratu,2.531300
2025-09-15,2025-09-19,Santos,2.536400
2025-09-15,2025-09-19,Paranagua,2.527038
2025-09-15,2025-09-19,Tramandai,2.530360
2025-09-15,2025-09-19,Guamaré,2.679064
2025-09-15,2025-09-19,Duque de Caxias,2.721072
2025-09-15,2025-09-19,Betim,2.743418
2025-09-15,2025-09-19,Cubatão,2.571758
2025-09-15,2025-09-19,Mauá,2.589916
2025-09-15,2025-09-19,Paulínia,2.637100
2025-09-15,2025-09-19,São José dos Campos,2.620174
2025-09-15,2025-09-19,Araucária,2.588820
2025-09-15,2025-09-19,Canoas,2.593188
2025-09-22,2025-09-26,Manaus,2.526468
2025-09-22,2025-09-26,Itaqui,2.557434
2025-09-22,2025-09-26,Suape,2.535932
2025-09-22,2025-09-26,Aratu,2.547434
2025-09-22,2025-09-26,Santos,2.552544
2025-09-22,2025-09-26,Paranagua,2.543248
2025-09-22,2025-09-26,Tramandai,2.549080
2025-09-22,2025-09-26,Guamaré,2.695736
2025-09-22,2025-09-26,Duque de Caxias,2.738012
2025-09-22,2025-09-26,Betim,2.760452
2025-09-22,2025-09-26,Cubatão,2.588050
2025-09-22,2025-09-26,Mauá,2.606288
2025-09-22,2025-09-26,Paulínia,2.653676
2025-09-22,2025-09-26,São José dos Campos,2.636682
2025-09-22,2025-09-26,Araucária,2.605296
2025-09-22,2025-09-26,Canoas,2.612180
2025-09-29,2025-10-03,Manaus,2.483314
2025-09-29,2025-10-03,Itaqui,2.516712
2025-09-29,2025-10-03,Suape,2.494850
2025-09-29,2025-10-03,Aratu,2.506712
2025-09-29,2025-10-03,Santos,2.511852
2025-09-29,2025-10-03,Paranagua,2.502724
2025-09-29,2025-10-03,Tramandai,2.510994
2025-09-29,2025-10-03,Guamaré,2.654648
2025-09-29,2025-10-03,Duque de Caxias,2.697308
2025-09-29,2025-10-03,Betim,2.719752
2025-09-29,2025-10-03,Cubatão,2.547356
2025-09-29,2025-10-03,Mauá,2.565594
2025-09-29,2025-10-03,Paulínia,2.612978
2025-09-29,2025-10-03,São José dos Campos,2.595982
2025-09-29,2025-10-03,Araucária,2.564768
2025-09-29,2025-10-03,Canoas,2.574094
2025-10-06,2025-10-10,Manaus,2.453962
2025-10-06,2025-10-10,Itaqui,2.484940
2025-10-06,2025-10-10,Suape,2.463296
2025-10-06,2025-10-10,Aratu,2.474940
2025-10-06,2025-10-10,Santos,2.480064
2025-10-06,2025-10-10,Paranagua,2.470834
2025-10-06,2025-10-10,Tramandai,2.476924
2025-10-06,2025-10-10,Guamaré,2.624520
2025-10-06,2025-10-10,Duque de Caxias,2.667178
2025-10-06,2025-10-10,Betim,2.689820
2025-10-06,2025-10-10,Cubatão,2.515886
2025-10-06,2025-10-10,Mauá,2.534282
2025-10-06,2025-10-10,Paulínia,2.582096
2025-10-06,2025-10-10,São José dos Campos,2.564944
2025-10-06,2025-10-10,Araucária,2.533432
2025-10-06,2025-10-10,Canoas,2.540588
2025-10-13,2025-10-17,Manaus,2.434260
2025-10-13,2025-10-17,Itaqui,2.468810
2025-10-13,2025-10-17,Suape,2.446816
2025-10-13,2025-10-17,Aratu,2.458810
2025-10-13,2025-10-17,Santos,2.463960
2025-10-13,2025-10-17,Paranagua,2.454894
2025-10-13,2025-10-17,Tramandai,2.464274
2025-10-13,2025-10-17,Guamaré,2.610078
2025-10-13,2025-10-17,Duque de Caxias,2.653440
2025-10-13,2025-10-17,Betim,2.676368
2025-10-13,2025-10-17,Cubatão,2.500234
2025-10-13,2025-10-17,Mauá,2.518866
2025-10-13,2025-10-17,Paulínia,2.567282
2025-10-13,2025-10-17,São José dos Campos,2.549918
2025-10-13,2025-10-17,Araucária,2.518286
2025-10-13,2025-10-17,Canoas,2.528742
2025-10-20,2025-10-24,Manaus,2.427954
2025-10-20,2025-10-24,Itaqui,2.458426
2025-10-20,2025-10-24,Suape,2.436742
2025-10-20,2025-10-24,Aratu,2.448426
2025-10-20,2025-10-24,Santos,2.453550
2025-10-20,2025-10-24,Paranagua,2.444340
2025-10-20,2025-10-24,Tramandai,2.450118
2025-10-20,2025-10-24,Guamaré,2.598270
2025-10-20,2025-10-24,Duque de Caxias,2.641014
2025-10-20,2025-10-24,Betim,2.663702
2025-10-20,2025-10-24,Cubatão,2.489442
2025-10-20,2025-10-24,Mauá,2.507874
2025-10-20,2025-10-24,Paulínia,2.555776
2025-10-20,2025-10-24,São José dos Campos,2.538594
2025-10-20,2025-10-24,Araucária,2.507056
2025-10-20,2025-10-24,Canoas,2.513898
2025-10-27,2025-10-31,Manaus,2.488966
2025-10-27,2025-10-31,Itaqui,2.518102
2025-10-27,2025-10-31,Suape,2.496498
2025-10-27,2025-10-31,Aratu,2.508102
2025-10-27,2025-10-31,Santos,2.513222
2025-10-27,2025-10-31,Paranagua,2.503976
2025-10-27,2025-10-31,Tramandai,2.508610
2025-10-27,2025-10-31,Guamaré,2.657428
2025-10-27,2025-10-31,Duque de Caxias,2.699996
2025-10-27,2025-10-31,Betim,2.722596
2025-10-27,2025-10-31,Cubatão,2.548978
2025-10-27,2025-10-31,Mauá,2.567344
2025-10-27,2025-10-31,Paulínia,2.615070
2025-10-27,2025-10-31,São José dos Campos,2.597952
2025-10-27,2025-10-31,Araucária,2.566460
2025-10-27,2025-10-31,Canoas,2.572154
2025-11-03,2025-11-07,Manaus,2.529388
2025-11-03,2025-11-07,Itaqui,2.557388
2025-11-03,2025-11-07,Suape,2.536088
2025-11-03,2025-11-07,Aratu,2.547388
2025-11-03,2025-11-07,Santos,2.552486
2025-11-03,2025-11-07,Paranagua,2.543096
2025-11-03,2025-11-07,Tramandai,2.546342
2025-11-03,2025-11-07,Guamaré,2.696810
2025-11-03,2025-11-07,Duque de Caxias,2.739022
2025-11-03,2025-11-07,Betim,2.761590
2025-11-03,2025-11-07,Cubatão,2.588198
2025-11-03,2025-11-07,Mauá,2.606540
2025-11-03,2025-11-07,Paulínia,2.654200
2025-11-03,2025-11-07,São José dos Campos,2.637106
2025-11-03,2025-11-07,Araucária,2.605502
2025-11-03,2025-11-07,Canoas,2.609806
2025-11-10,2025-11-14,Manaus,2.552538
2025-11-10,2025-11-14,Itaqui,2.581930
2025-11-10,2025-11-14,Suape,2.560234
2025-11-10,2025-11-14,Aratu,2.571930
2025-11-10,2025-11-14,Santos,2.577054
2025-11-10,2025-11-14,Paranagua,2.567850
2025-11-10,2025-11-14,Tramandai,2.572834
2025-11-10,2025-11-14,Guamaré,2.718960
2025-11-10,2025-11-14,Duque de Caxias,2.761268
2025-11-10,2025-11-14,Betim,2.783560
2025-11-10,2025-11-14,Cubatão,2.612324
2025-11-10,2025-11-14,Mauá,2.630434
2025-11-10,2025-11-14,Paulínia,2.677506
2025-11-10,2025-11-14,São José dos Campos,2.660622
2025-11-10,2025-11-14,Araucária,2.629480
2025-11-10,2025-11-14,Canoas,2.635506
2025-11-17,2025-11-21,Manaus,2.465182
2025-11-17,2025-11-21,Itaqui,2.495048
2025-11-17,2025-11-21,Suape,2.473396
2025-11-17,2025-11-21,Aratu,2.485048
2025-11-17,2025-11-21,Santos,2.490176
2025-11-17,2025-11-21,Paranagua,2.480948
2025-11-17,2025-11-21,Tramandai,2.486230
2025-11-17,2025-11-21,Guamaré,2.633588
2025-11-17,2025-11-21,Duque de Caxias,2.676092
2025-11-17,2025-11-21,Betim,2.698590
2025-11-17,2025-11-21,Cubatão,2.525768
2025-11-17,2025-11-21,Mauá,2.544050
2025-11-17,2025-11-21,Paulínia,2.591554
2025-11-17,2025-11-21,São José dos Campos,2.574516
2025-11-17,2025-11-21,Araucária,2.543148
2025-11-17,2025-11-21,Canoas,2.549480
2025-11-24,2025-11-28,Manaus,2.364550
2025-11-24,2025-11-28,Itaqui,2.395950
2025-11-24,2025-11-28,Suape,2.374303
2025-11-24,2025-11-28,Aratu,2.385950
2025-11-24,2025-11-28,Santos,2.391073
2025-11-24,2025-11-28,Paranagua,2.381843
2025-11-24,2025-11-28,Tramandai,2.388250
2025-11-24,2025-11-28,Guamaré,2.535287
2025-11-24,2025-11-28,Duque de Caxias,2.577913
2025-11-24,2025-11-28,Betim,2.600523
2025-11-24,2025-11-28,Cubatão,2.426843
2025-11-24,2025-11-28,Mauá,2.445217
2025-11-24,2025-11-28,Paulínia,2.492957
2025-11-24,2025-11-28,São José dos Campos,2.475830
2025-11-24,2025-11-28,Araucária,2.444350
2025-11-24,2025-11-28,Canoas,2.451817
2025-12-01,2025-12-05,Manaus,2.385138
2025-12-01,2025-12-05,Itaqui,2.415606
2025-12-01,2025-12-05,Suape,2.394000
2025-12-01,2025-12-05,Aratu,2.405606
2025-12-01,2025-12-05,Santos,2.410728
2025-12-01,2025-12-05,Paranagua,2.401482
2025-12-01,2025-12-05,Tramandai,2.407126
2025-12-01,2025-12-05,Guamaré,2.554524
2025-12-01,2025-12-05,Duque de Caxias,2.597026
2025-12-01,2025-12-05,Betim,2.619570
2025-12-01,2025-12-05,Cubatão,2.446394
2025-12-01,2025-12-05,Mauá,2.464714
2025-12-01,2025-12-05,Paulínia,2.512316
2025-12-01,2025-12-05,São José dos Campos,2.495242
2025-12-01,2025-12-05,Araucária,2.463808
2025-12-01,2025-12-05,Canoas,2.470508
2025-12-08,2025-12-12,Manaus,2.371486
2025-12-08,2025-12-12,Itaqui,2.400776
2025-12-08,2025-12-12,Suape,2.379218
2025-12-08,2025-12-12,Aratu,2.390776
2025-12-08,2025-12-12,Santos,2.395892
2025-12-08,2025-12-12,Paranagua,2.386624
2025-12-08,2025-12-12,Tramandai,2.391304
2025-12-08,2025-12-12,Guamaré,2.542094
2025-12-08,2025-12-12,Duque de Caxias,2.584924
2025-12-08,2025-12-12,Betim,2.607796
2025-12-08,2025-12-12,Cubatão,2.432080
2025-12-08,2025-12-12,Mauá,2.450668
2025-12-08,2025-12-12,Paulínia,2.498970
2025-12-08,2025-12-12,São José dos Campos,2.481646
2025-12-08,2025-12-12,Araucária,2.449862
2025-12-08,2025-12-12,Canoas,2.455616
2025-12-15,2025-12-19,Manaus,2.247898
2025-12-15,2025-12-19,Itaqui,2.277122
2025-12-15,2025-12-19,Suape,2.255602
2025-12-15,2025-12-19,Aratu,2.267122
2025-12-15,2025-12-19,Santos,2.272242
2025-12-15,2025-12-19,Paranagua,2.262956
2025-12-15,2025-12-19,Tramandai,2.267532
2025-12-15,2025-12-19,Guamaré,2.420270
2025-12-15,2025-12-19,Duque de Caxias,2.463350
2025-12-15,2025-12-19,Betim,2.486478
2025-12-15,2025-12-19,Cubatão,2.308828
2025-12-15,2025-12-19,Mauá,2.327622
2025-12-15,2025-12-19,Paulínia,2.376450
2025-12-15,2025-12-19,São José dos Campos,2.358936
2025-12-15,2025-12-19,Araucária,2.326892
2025-12-15,2025-12-19,Canoas,2.332552
2025-12-22,2025-12-26,Manaus,2.272787
2025-12-22,2025-12-26,Itaqui,2.301750
2025-12-22,2025-12-26,Suape,2.280373
2025-12-22,2025-12-26,Aratu,2.291750
2025-12-22,2025-12-26,Santos,2.296853
2025-12-22,2025-12-26,Paranagua,2.287500
2025-12-22,2025-12-26,Tramandai,2.291593
2025-12-22,2025-12-26,Guamaré,2.446680
2025-12-22,2025-12-26,Duque de Caxias,2.489863
2025-12-22,2025-12-26,Betim,2.513220
2025-12-22,2025-12-26,Cubatão,2.333803
2025-12-22,2025-12-26,Mauá,2.352787
2025-12-22,2025-12-26,Paulínia,2.402100
2025-12-22,2025-12-26,São José dos Campos,2.384413
2025-12-22,2025-12-26,Araucária,2.352070
2025-12-22,2025-12-26,Canoas,2.357260
2025-12-29,2026-01-02,Manaus,2.245335
2025-12-29,2026-01-02,Itaqui,2.273708
2025-12-29,2026-01-02,Suape,2.252363
2025-12-29,2026-01-02,Aratu,2.263708
2025-12-29,2026-01-02,Santos,2.268808
2025-12-29,2026-01-02,Paranagua,2.259440
2025-12-29,2026-01-02,Tramandai,2.263055
2025-12-29,2026-01-02,Guamaré,2.417328
2025-12-29,2026-01-02,Duque de Caxias,2.460273
2025-12-29,2026-01-02,Betim,2.483438
2025-12-29,2026-01-02,Cubatão,2.305463
2025-12-29,2026-01-02,Mauá,2.324290
2025-12-29,2026-01-02,Paulínia,2.373215
2025-12-29,2026-01-02,São José dos Campos,2.355663
2025-12-29,2026-01-02,Araucária,2.323493
2025-12-29,2026-01-02,Canoas,2.328198
2026-01-05,2026-01-09,Manaus,2.184052
2026-01-05,2026-01-09,Itaqui,2.214628
2026-01-05,2026-01-09,Suape,2.193070
2026-01-05,2026-01-09,Aratu,2.204628
2026-01-05,2026-01-09,Santos,2.209742
2026-01-05,2026-01-09,Paranagua,2.200470
2026-01-05,2026-01-09,Tramandai,2.206106
2026-01-05,2026-01-09,Guamaré,2.354544
2026-01-05,2026-01-09,Duque de Caxias,2.397148
2026-01-05,2026-01-09,Betim,2.419824
2026-01-05,2026-01-09,Cubatão,2.245618
2026-01-05,2026-01-09,Mauá,2.264048
2026-01-05,2026-01-09,Paulínia,2.311934
2026-01-05,2026-01-09,São José dos Campos,2.294758
2026-01-05,2026-01-09,Araucária,2.263168
2026-01-05,2026-01-09,Canoas,2.269862
2026-01-12,2026-01-16,Manaus,2.345044
2026-01-12,2026-01-16,Itaqui,2.375264
2026-01-12,2026-01-16,Suape,2.353652
2026-01-12,2026-01-16,Aratu,2.365264
2026-01-12,2026-01-16,Santos,2.370384
2026-01-12,2026-01-16,Paranagua,2.361142
2026-01-12,2026-01-16,Tramandai,2.366616
2026-01-12,2026-01-16,Guamaré,2.514838
2026-01-12,2026-01-16,Duque de Caxias,2.557454
2026-01-12,2026-01-16,Betim,2.580092
2026-01-12,2026-01-16,Cubatão,2.406200
2026-01-12,2026-01-16,Mauá,2.424594
2026-01-12,2026-01-16,Paulínia,2.472394
2026-01-12,2026-01-16,São José dos Campos,2.455250
2026-01-12,2026-01-16,Araucária,2.423726
2026-01-12,2026-01-16,Canoas,2.430258
2026-01-19,2026-01-23,Manaus,2.343033
2026-01-19,2026-01-23,Itaqui,2.372143
2026-01-19,2026-01-23,Suape,2.350753
2026-01-19,2026-01-23,Aratu,2.362143
2026-01-19,2026-01-23,Santos,2.367245
2026-01-19,2026-01-23,Paranagua,2.357898
2026-01-19,2026-01-23,Tramandai,2.362143
2026-01-19,2026-01-23,Guamaré,2.510180
2026-01-19,2026-01-23,Duque de Caxias,2.552278
2026-01-19,2026-01-23,Betim,2.574668
2026-01-19,2026-01-23,Cubatão,2.402668
2026-01-19,2026-01-23,Mauá,2.420865
2026-01-19,2026-01-23,Paulínia,2.468140
2026-01-19,2026-01-23,São José dos Campos,2.451185
2026-01-19,2026-01-23,Araucária,2.419800
2026-01-19,2026-01-23,Canoas,2.425093
2026-01-26,2026-01-30,Manaus,2.330612
2026-01-26,2026-01-30,Itaqui,2.361454
2026-01-26,2026-01-30,Suape,2.339854
2026-01-26,2026-01-30,Aratu,2.351454
2026-01-26,2026-01-30,Santos,2.356572
2026-01-26,2026-01-30,Paranagua,2.347320
2026-01-26,2026-01-30,Tramandai,2.353226
2026-01-26,2026-01-30,Guamaré,2.496606
2026-01-26,2026-01-30,Duque de Caxias,2.538496
2026-01-26,2026-01-30,Betim,2.560514
2026-01-26,2026-01-30,Cubatão,2.391402
2026-01-26,2026-01-30,Mauá,2.409290
2026-01-26,2026-01-30,Paulínia,2.455776
2026-01-26,2026-01-30,São José dos Campos,2.439102
2026-01-26,2026-01-30,Araucária,2.408184
2026-01-26,2026-01-30,Canoas,2.415122
2026-02-02,2026-02-06,Manaus,2.431198
2026-02-02,2026-02-06,Itaqui,2.468636
2026-02-02,2026-02-06,Suape,2.446430
2026-02-02,2026-02-06,Aratu,2.458636
2026-02-02,2026-02-06,Santos,2.463802
2026-02-02,2026-02-06,Paranagua,2.454836
2026-02-02,2026-02-06,Tramandai,2.466750
2026-02-02,2026-02-06,Guamaré,2.603748
2026-02-02,2026-02-06,Duque de Caxias,2.646384
2026-02-02,2026-02-06,Betim,2.668476
2026-02-02,2026-02-06,Cubatão,2.498756
2026-02-02,2026-02-06,Mauá,2.516710
2026-02-02,2026-02-06,Paulínia,2.563364
2026-02-02,2026-02-06,São José dos Campos,2.546628
2026-02-02,2026-02-06,Araucária,2.515920
2026-02-02,2026-02-06,Canoas,2.528866
2026-02-09,2026-02-13,Manaus,2.441384
2026-02-09,2026-02-13,Itaqui,2.477166
2026-02-09,2026-02-13,Suape,2.455122
2026-02-09,2026-02-13,Aratu,2.467166
2026-02-09,2026-02-13,Santos,2.472316
2026-02-09,2026-02-13,Paranagua,2.463272
2026-02-09,2026-02-13,Tramandai,2.473652
2026-02-09,2026-02-13,Guamaré,2.611142
2026-02-09,2026-02-13,Duque de Caxias,2.653388
2026-02-09,2026-02-13,Betim,2.675300
2026-02-09,2026-02-13,Cubatão,2.506984
2026-02-09,2026-02-13,Mauá,2.524788
2026-02-09,2026-02-13,Paulínia,2.571056
2026-02-09,2026-02-13,São José dos Campos,2.554460
2026-02-09,2026-02-13,Araucária,2.523852
2026-02-09,2026-02-13,Canoas,2.535258
2026-02-16,2026-02-20,Manaus,2.429795
2026-02-16,2026-02-20,Itaqui,2.463603
2026-02-16,2026-02-20,Suape,2.441660
2026-02-16,2026-02-20,Aratu,2.453603
2026-02-16,2026-02-20,Santos,2.458745
2026-02-16,2026-02-20,Paranagua,2.449655
2026-02-16,2026-02-20,Tramandai,2.458378
2026-02-16,2026-02-20,Guamaré,2.598115
2026-02-16,2026-02-20,Duque de Caxias,2.640325
2026-02-16,2026-02-20,Betim,2.662295
2026-02-16,2026-02-20,Cubatão,2.493508
2026-02-16,2026-02-20,Mauá,2.511363
2026-02-16,2026-02-20,Paulínia,2.557760
2026-02-16,2026-02-20,São José dos Campos,2.541118
2026-02-16,2026-02-20,Araucária,2.510400
2026-02-16,2026-02-20,Canoas,2.520153
2026-02-23,2026-02-27,Manaus,2.474056
2026-02-23,2026-02-27,Itaqui,2.508658
2026-02-23,2026-02-27,Suape,2.486578
2026-02-23,2026-02-27,Aratu,2.498658
2026-02-23,2026-02-27,Santos,2.503812
2026-02-23,2026-02-27,Paranagua,2.494790
2026-02-23,2026-02-27,Tramandai,2.504360
2026-02-23,2026-02-27,Guamaré,2.640856
2026-02-23,2026-02-27,Duque de Caxias,2.682864
2026-02-23,2026-02-27,Betim,2.704532
2026-02-23,2026-02-27,Cubatão,2.538092
2026-02-23,2026-02-27,Mauá,2.555698
2026-02-23,2026-02-27,Paulínia,2.601450
2026-02-23,2026-02-27,São José dos Campos,2.585040
2026-02-23,2026-02-27,Araucária,2.554692
2026-02-23,2026-02-27,Canoas,2.565280
2026-03-02,2026-03-06,Manaus,2.866142
2026-03-02,2026-03-06,Itaqui,2.916424
2026-03-02,2026-03-06,Suape,2.893384
2026-03-02,2026-03-06,Aratu,2.906424
2026-03-02,2026-03-06,Santos,2.911650
2026-03-02,2026-03-06,Paranagua,2.903078
2026-03-02,2026-03-06,Tramandai,2.926076
2026-03-02,2026-03-06,Guamaré,3.050422
2026-03-02,2026-03-06,Duque de Caxias,3.093910
2026-03-02,2026-03-06,Betim,3.115966
2026-03-02,2026-03-06,Cubatão,2.946544
2026-03-02,2026-03-06,Mauá,2.964466
2026-03-02,2026-03-06,Paulínia,3.011038
2026-03-02,2026-03-06,São José dos Campos,2.994332
2026-03-02,2026-03-06,Araucária,2.964050
2026-03-02,2026-03-06,Canoas,2.988084
2026-03-09,2026-03-13,Manaus,3.360018
2026-03-09,2026-03-13,Itaqui,3.409684
2026-03-09,2026-03-13,Suape,3.386380
2026-03-09,2026-03-13,Aratu,3.399684
2026-03-09,2026-03-13,Santos,3.404934
2026-03-09,2026-03-13,Paranagua,3.396482
2026-03-09,2026-03-13,Tramandai,3.419480
2026-03-09,2026-03-13,Guamaré,3.543088
2026-03-09,2026-03-13,Duque de Caxias,3.586810
2026-03-09,2026-03-13,Betim,3.608818
2026-03-09,2026-03-13,Cubatão,3.439752
2026-03-09,2026-03-13,Mauá,3.457636
2026-03-09,2026-03-13,Paulínia,3.504108
2026-03-09,2026-03-13,São José dos Campos,3.487442
2026-03-09,2026-03-13,Araucária,3.457330
2026-03-09,2026-03-13,Canoas,3.481358
2026-03-16,2026-03-20,Manaus,3.814312
2026-03-16,2026-03-20,Itaqui,3.870522
2026-03-16,2026-03-20,Suape,3.846882
2026-03-16,2026-03-20,Aratu,3.860522
2026-03-16,2026-03-20,Santos,3.865796
2026-03-16,2026-03-20,Paranagua,3.857506
2026-03-16,2026-03-20,Tramandai,3.885992
2026-03-16,2026-03-20,Guamaré,4.003944
2026-03-16,2026-03-20,Duque de Caxias,4.048080
2026-03-16,2026-03-20,Betim,4.070138
2026-03-16,2026-03-20,Cubatão,3.900692
2026-03-16,2026-03-20,Mauá,3.918620
2026-03-16,2026-03-20,Paulínia,3.965196
2026-03-16,2026-03-20,São José dos Campos,3.948488
2026-03-16,2026-03-20,Araucária,3.918488
2026-03-16,2026-03-20,Canoas,3.948010
2026-03-23,2026-03-27,Manaus,3.888012
2026-03-23,2026-03-27,Itaqui,3.945112
2026-03-23,2026-03-27,Suape,3.920886
2026-03-23,2026-03-27,Aratu,3.935112
2026-03-23,2026-03-27,Santos,3.940432
2026-03-23,2026-03-27,Paranagua,3.932414
2026-03-23,2026-03-27,Tramandai,3.962582
2026-03-23,2026-03-27,Guamaré,4.078346
2026-03-23,2026-03-27,Duque de Caxias,4.123178
2026-03-23,2026-03-27,Betim,4.145290
2026-03-23,2026-03-27,Cubatão,3.975418
2026-03-23,2026-03-27,Mauá,3.993386
2026-03-23,2026-03-27,Paulínia,4.040082
2026-03-23,2026-03-27,São José dos Campos,4.023332
2026-03-23,2026-03-27,Araucária,3.993550
2026-03-23,2026-03-27,Canoas,4.024758
2026-03-30,2026-04-03,Manaus,4.067153
2026-03-30,2026-04-03,Itaqui,4.118218
2026-03-30,2026-04-03,Suape,4.094445
2026-03-30,2026-04-03,Aratu,4.108218
2026-03-30,2026-04-03,Santos,4.113500
2026-03-30,2026-04-03,Paranagua,4.105270
2026-03-30,2026-04-03,Tramandai,4.130120
2026-03-30,2026-04-03,Guamaré,4.250218
2026-03-30,2026-04-03,Duque de Caxias,4.294298
2026-03-30,2026-04-03,Betim,4.316173
2026-03-30,2026-04-03,Cubatão,4.148115
2026-03-30,2026-04-03,Mauá,4.165893
2026-03-30,2026-04-03,Paulínia,4.212085
2026-03-30,2026-04-03,São José dos Campos,4.195518
2026-03-30,2026-04-03,Araucária,4.165755
2026-03-30,2026-04-03,Canoas,4.191633
2026-04-06,2026-04-10,Manaus,4.029724
2026-04-06,2026-04-10,Itaqui,4.037964
2026-04-06,2026-04-10,Suape,4.013546
2026-04-06,2026-04-10,Aratu,4.027964
2026-04-06,2026-04-10,Santos,4.033296
2026-04-06,2026-04-10,Paranagua,4.025370
2026-04-06,2026-04-10,Tramandai,4.058356
2026-04-06,2026-04-10,Guamaré,4.166680
2026-04-06,2026-04-10,Duque de Caxias,4.211024
2026-04-06,2026-04-10,Betim,4.232530
2026-04-06,2026-04-10,Cubatão,4.067318
2026-04-06,2026-04-10,Mauá,4.084798
2026-04-06,2026-04-10,Paulínia,4.130210
2026-04-06,2026-04-10,São José dos Campos,4.113922
2026-04-06,2026-04-10,Araucária,4.084824
2026-04-06,2026-04-10,Canoas,4.118822
2026-04-13,2026-04-17,Manaus,3.987422
2026-04-13,2026-04-17,Itaqui,3.961718
2026-04-13,2026-04-17,Suape,3.937250
2026-04-13,2026-04-17,Aratu,3.951718
2026-04-13,2026-04-17,Santos,3.957052
2026-04-13,2026-04-17,Paranagua,3.949146
2026-04-13,2026-04-17,Tramandai,3.985954
2026-04-13,2026-04-17,Guamaré,4.087102
2026-04-13,2026-04-17,Duque de Caxias,4.130968
2026-04-13,2026-04-17,Betim,4.152012
2026-04-13,2026-04-17,Cubatão,3.990348
2026-04-13,2026-04-17,Mauá,4.007450
2026-04-13,2026-04-17,Paulínia,4.051886
2026-04-13,2026-04-17,São José dos Campos,4.035950
2026-04-13,2026-04-17,Araucária,4.007332
2026-04-13,2026-04-17,Canoas,4.045122
2026-04-20,2026-04-24,Manaus,4.001214
2026-04-20,2026-04-24,Itaqui,3.988858
2026-04-20,2026-04-24,Suape,3.965276
2026-04-20,2026-04-24,Aratu,3.978858
2026-04-20,2026-04-24,Santos,3.984126
2026-04-20,2026-04-24,Paranagua,3.975806
2026-04-20,2026-04-24,Tramandai,3.997882
2026-04-20,2026-04-24,Guamaré,4.114920
2026-04-20,2026-04-24,Duque de Caxias,4.157802
2026-04-20,2026-04-24,Betim,4.178820
2026-04-20,2026-04-24,Cubatão,4.017374
2026-04-20,2026-04-24,Mauá,4.034454
2026-04-20,2026-04-24,Paulínia,4.078832
2026-04-20,2026-04-24,São José dos Campos,4.062912
2026-04-20,2026-04-24,Araucária,4.033910
2026-04-20,2026-04-24,Canoas,4.056972
2026-04-27,2026-05-01,Manaus,4.367724
2026-04-27,2026-05-01,Itaqui,4.356544
2026-04-27,2026-05-01,Suape,4.333118
2026-04-27,2026-05-01,Aratu,4.346544
2026-04-27,2026-05-01,Santos,4.351800
2026-04-27,2026-05-01,Paranagua,4.343408
2026-04-27,2026-05-01,Tramandai,4.364642
2026-04-27,2026-05-01,Guamaré,4.482844
2026-04-27,2026-05-01,Duque de Caxias,4.525572
2026-04-27,2026-05-01,Betim,4.546598
2026-04-27,2026-05-01,Cubatão,4.385070
2026-04-27,2026-05-01,Mauá,4.402156
2026-04-27,2026-05-01,Paulínia,4.446556
2026-04-27,2026-05-01,São José dos Campos,4.430632
2026-04-27,2026-05-01,Araucária,4.401542
2026-04-27,2026-05-01,Canoas,4.423762
2026-05-04,2026-05-08,Manaus,4.393990
2026-05-04,2026-05-08,Itaqui,4.394946
2026-05-04,2026-05-08,Suape,4.372558
2026-05-04,2026-05-08,Aratu,4.384946
2026-05-04,2026-05-08,Santos,4.390126
2026-05-04,2026-05-08,Paranagua,4.381244
2026-05-04,2026-05-08,Tramandai,4.390488
2026-05-04,2026-05-08,Guamaré,4.520708
2026-05-04,2026-05-08,Duque de Caxias,4.562072
2026-05-04,2026-05-08,Betim,4.582872
2026-05-04,2026-05-08,Cubatão,4.423042
2026-05-04,2026-05-08,Mauá,4.439950
2026-05-04,2026-05-08,Paulínia,4.483886
2026-05-04,2026-05-08,São José dos Campos,4.468126
2026-05-04,2026-05-08,Araucária,4.438770
2026-05-04,2026-05-08,Canoas,4.448992
2026-05-11,2026-05-15,Manaus,4.213942
2026-05-11,2026-05-15,Itaqui,4.222848
2026-05-11,2026-05-15,Suape,4.201416
2026-05-11,2026-05-15,Aratu,4.212848
2026-05-11,2026-05-15,Santos,4.217956
2026-05-11,2026-05-15,Paranagua,4.208630
2026-05-11,2026-05-15,Tramandai,4.211648
2026-05-11,2026-05-15,Guamaré,4.350862
2026-05-11,2026-05-15,Duque de Caxias,4.391402
2026-05-11,2026-05-15,Betim,4.412392
2026-05-11,2026-05-15,Cubatão,4.251162
2026-05-11,2026-05-15,Mauá,4.268218
2026-05-11,2026-05-15,Paulínia,4.312538
2026-05-11,2026-05-15,São José dos Campos,4.296640
2026-05-11,2026-05-15,Araucária,4.266658
2026-05-11,2026-05-15,Canoas,4.270660
2026-05-18,2026-05-22,Manaus,3.944694
2026-05-18,2026-05-22,Itaqui,3.954064
2026-05-18,2026-05-22,Suape,3.932692
2026-05-18,2026-05-22,Aratu,3.944064
2026-05-18,2026-05-22,Santos,3.949170
2026-05-18,2026-05-22,Paranagua,3.939814
2026-05-18,2026-05-22,Tramandai,3.942508
2026-05-18,2026-05-22,Guamaré,4.083434
2026-05-18,2026-05-22,Duque de Caxias,4.124116
2026-05-18,2026-05-22,Betim,4.145288
2026-05-18,2026-05-22,Cubatão,3.982664
2026-05-18,2026-05-22,Mauá,3.999868
2026-05-18,2026-05-22,Paulínia,4.044566
2026-05-18,2026-05-22,São José dos Campos,4.028534
2026-05-18,2026-05-22,Araucária,3.998344
2026-05-18,2026-05-22,Canoas,4.002028
2026-05-25,2026-05-29,Manaus,3.453535
2026-05-25,2026-05-29,Itaqui,3.460193
2026-05-25,2026-05-29,Suape,3.438520
2026-05-25,2026-05-29,Aratu,3.450193
2026-05-25,2026-05-29,Santos,3.455318
2026-05-25,2026-05-29,Paranagua,3.446105
2026-05-25,2026-05-29,Tramandai,3.451068
2026-05-25,2026-05-29,Guamaré,3.590050
2026-05-25,2026-05-29,Duque de Caxias,3.631180
2026-05-25,2026-05-29,Betim,3.652460
2026-05-25,2026-05-29,Cubatão,3.488985
2026-05-25,2026-05-29,Mauá,3.506280
2026-05-25,2026-05-29,Paulínia,3.551218
2026-05-25,2026-05-29,São José dos Campos,3.535098
2026-05-25,2026-05-29,Araucária,3.504938
2026-05-25,2026-05-29,Canoas,3.510903
2026-06-01,2026-06-05,Manaus,3.397416
2026-06-01,2026-06-05,Itaqui,3.399718
2026-06-01,2026-06-05,Suape,3.377524
2026-06-01,2026-06-05,Aratu,3.389718
2026-06-01,2026-06-05,Santos,3.394888
2026-06-01,2026-06-05,Paranagua,3.385916
2026-06-01,2026-06-05,Tramandai,3.394286
2026-06-01,2026-06-05,Guamaré,3.529740
2026-06-01,2026-06-05,Duque de Caxias,3.571546
2026-06-01,2026-06-05,Betim,3.592922
2026-06-01,2026-06-05,Cubatão,3.428704
2026-06-01,2026-06-05,Mauá,3.446078
2026-06-01,2026-06-05,Paulínia,3.491218
2026-06-01,2026-06-05,São José dos Campos,3.475026
2026-06-01,2026-06-05,Araucária,3.445018
2026-06-01,2026-06-05,Canoas,3.454392
2026-06-08,2026-06-12,Manaus,3.358578
2026-06-08,2026-06-12,Itaqui,3.359646
2026-06-08,2026-06-12,Suape,3.337308
2026-06-08,2026-06-12,Aratu,3.349646
2026-06-08,2026-06-12,Santos,3.354822
2026-06-08,2026-06-12,Paranagua,3.345918
2026-06-08,2026-06-12,Tramandai,3.355318
2026-06-08,2026-06-12,Guamaré,3.491920
2026-06-08,2026-06-12,Duque de Caxias,3.534262
2026-06-08,2026-06-12,Betim,3.555970
2026-06-08,2026-06-12,Cubatão,3.389174
2026-06-08,2026-06-12,Mauá,3.406820
2026-06-08,2026-06-12,Paulínia,3.452670
2026-06-08,2026-06-12,São José dos Campos,3.436224
2026-06-08,2026-06-12,Araucária,3.405950
2026-06-08,2026-06-12,Canoas,3.416368
2026-06-15,2026-06-19,Manaus,3.118275
2026-06-15,2026-06-19,Itaqui,3.125608
2026-06-15,2026-06-19,Suape,3.103935
2026-06-15,2026-06-19,Aratu,3.115608
2026-06-15,2026-06-19,Santos,3.120730
2026-06-15,2026-06-19,Paranagua,3.111510
2026-06-15,2026-06-19,Tramandai,3.115520
2026-06-15,2026-06-19,Guamaré,3.257388
2026-06-15,2026-06-19,Duque de Caxias,3.298825
2026-06-15,2026-06-19,Betim,3.320375
2026-06-15,2026-06-19,Cubatão,3.154823
2026-06-15,2026-06-19,Mauá,3.172338
2026-06-15,2026-06-19,Paulínia,3.217845
2026-06-15,2026-06-19,São José dos Campos,3.201523
2026-06-15,2026-06-19,Araucária,3.171095
2026-06-15,2026-06-19,Canoas,3.176110
2026-06-22,2026-06-26,Manaus,3.094178
2026-06-22,2026-06-26,Itaqui,3.103308
2026-06-22,2026-06-26,Suape,3.081926
2026-06-22,2026-06-26,Aratu,3.093308
2026-06-22,2026-06-26,Santos,3.098412
2026-06-22,2026-06-26,Paranagua,3.089062
2026-06-22,2026-06-26,Tramandai,3.092098
2026-06-22,2026-06-26,Guamaré,3.237594
2026-06-22,2026-06-26,Duque de Caxias,3.279076
2026-06-22,2026-06-26,Betim,3.300940
2026-06-22,2026-06-26,Cubatão,3.133002
2026-06-22,2026-06-26,Mauá,3.150764
2026-06-22,2026-06-26,Paulínia,3.196928
2026-06-22,2026-06-26,São José dos Campos,3.180370
2026-06-22,2026-06-26,Araucária,3.149502
2026-06-22,2026-06-26,Canoas,3.153564
2026-06-29,2026-07-03,Manaus,3.150233
2026-06-29,2026-07-03,Itaqui,3.154093
2026-06-29,2026-07-03,Suape,3.132175
2026-06-29,2026-07-03,Aratu,3.144093
2026-06-29,2026-07-03,Santos,3.149235
2026-06-29,2026-07-03,Paranagua,3.140135
2026-06-29,2026-07-03,Tramandai,3.147840
2026-06-29,2026-07-03,Guamaré,3.288178
2026-06-29,2026-07-03,Duque de Caxias,3.330293
2026-06-29,2026-07-03,Betim,3.352203
2026-06-29,2026-07-03,Cubatão,3.183898
2026-06-29,2026-07-03,Mauá,3.201700
2026-06-29,2026-07-03,Paulínia,3.247965
2026-06-29,2026-07-03,São José dos Campos,3.231370
2026-06-29,2026-07-03,Araucária,3.200710
2026-06-29,2026-07-03,Canoas,3.209443
2026-07-06,2026-07-10,Manaus,3.265408
2026-07-06,2026-07-10,Itaqui,3.266746
2026-07-06,2026-07-10,Suape,3.244514
2026-07-06,2026-07-10,Aratu,3.256746
2026-07-06,2026-07-10,Santos,3.261914
2026-07-06,2026-07-10,Paranagua,3.252962
2026-07-06,2026-07-10,Tramandai,3.262590
2026-07-06,2026-07-10,Guamaré,3.398858
2026-07-06,2026-07-10,Duque de Caxias,3.441046
2026-07-06,2026-07-10,Betim,3.462722
2026-07-06,2026-07-10,Cubatão,3.296210
2026-07-06,2026-07-10,Mauá,3.313822
2026-07-06,2026-07-10,Paulínia,3.359592
2026-07-06,2026-07-10,São José dos Campos,3.343178
2026-07-06,2026-07-10,Araucária,3.312892
2026-07-06,2026-07-10,Canoas,3.323532
2026-07-13,2026-07-17,Manaus,3.550866
2026-07-13,2026-07-17,Itaqui,3.554556
2026-07-13,2026-07-17,Suape,3.532468
2026-07-13,2026-07-17,Aratu,3.544556
2026-07-13,2026-07-17,Santos,3.549712
2026-07-13,2026-07-17,Paranagua,3.540692
2026-07-13,2026-07-17,Tramandai,3.547650
2026-07-13,2026-07-17,Guamaré,3.685816
2026-07-13,2026-07-17,Duque de Caxias,3.727684
2026-07-13,2026-07-17,Betim,3.749222
2026-07-13,2026-07-17,Cubatão,3.583784
2026-07-13,2026-07-17,Mauá,3.601288
2026-07-13,2026-07-17,Paulínia,3.646760
2026-07-13,2026-07-17,São José dos Campos,3.630448
2026-07-13,2026-07-17,Araucária,3.600234
2026-07-13,2026-07-17,Canoas,3.608202
